-- MySQL dump 10.13  Distrib 5.7.25, for Win64 (x86_64)
--
-- Host: localhost    Database: picktuber
-- ------------------------------------------------------
-- Server version	5.7.25-log

/*!40101 SET @OLD_CHARACTER_SET_CLIENT=@@CHARACTER_SET_CLIENT */;
/*!40101 SET @OLD_CHARACTER_SET_RESULTS=@@CHARACTER_SET_RESULTS */;
/*!40101 SET @OLD_COLLATION_CONNECTION=@@COLLATION_CONNECTION */;
/*!40101 SET NAMES utf8 */;
/*!40103 SET @OLD_TIME_ZONE=@@TIME_ZONE */;
/*!40103 SET TIME_ZONE='+00:00' */;
/*!40014 SET @OLD_UNIQUE_CHECKS=@@UNIQUE_CHECKS, UNIQUE_CHECKS=0 */;
/*!40014 SET @OLD_FOREIGN_KEY_CHECKS=@@FOREIGN_KEY_CHECKS, FOREIGN_KEY_CHECKS=0 */;
/*!40101 SET @OLD_SQL_MODE=@@SQL_MODE, SQL_MODE='NO_AUTO_VALUE_ON_ZERO' */;
/*!40111 SET @OLD_SQL_NOTES=@@SQL_NOTES, SQL_NOTES=0 */;

--
-- Table structure for table `board_talk`
--

DROP TABLE IF EXISTS `board_talk`;
/*!40101 SET @saved_cs_client     = @@character_set_client */;
/*!40101 SET character_set_client = utf8 */;
CREATE TABLE `board_talk` (
  `id` int(11) NOT NULL AUTO_INCREMENT,
  `user_id` int(11) NOT NULL,
  `subject` varchar(100) DEFAULT NULL,
  `content` text,
  `write_time` timestamp NULL DEFAULT NULL,
  `hit` int(11) DEFAULT NULL,
  `recommend` int(11) DEFAULT NULL,
  PRIMARY KEY (`id`),
  KEY `fk_board_talk_user1_idx` (`user_id`),
  CONSTRAINT `fk_board_talk_user1` FOREIGN KEY (`user_id`) REFERENCES `user` (`id`) ON DELETE NO ACTION ON UPDATE NO ACTION
) ENGINE=InnoDB AUTO_INCREMENT=101 DEFAULT CHARSET=utf8;
/*!40101 SET character_set_client = @saved_cs_client */;

--
-- Dumping data for table `board_talk`
--

LOCK TABLES `board_talk` WRITE;
/*!40000 ALTER TABLE `board_talk` DISABLE KEYS */;
INSERT INTO `board_talk` VALUES (1,32,'diam','Lorem ipsum','2019-03-02 15:11:38',243,135),(2,20,'nascetur ridiculus mus. Aenean eget magna. Suspendisse tristique neque venenatis','Lorem ipsum dolor sit amet, consectetuer adipiscing','2018-08-09 21:52:29',367,99),(3,31,'interdum. Nunc sollicitudin commodo ipsum. Suspendisse non leo.','Lorem ipsum dolor sit amet,','2018-10-25 11:05:51',53,154),(4,48,'vitae odio sagittis','Lorem ipsum dolor sit amet, consectetuer adipiscing elit. Curabitur sed','2018-09-13 17:28:30',11,186),(5,22,'amet metus. Aliquam erat volutpat. Nulla facilisis. Suspendisse commodo','Lorem ipsum dolor','2018-02-20 10:18:28',678,84),(6,46,'libero','Lorem ipsum dolor sit amet, consectetuer adipiscing','2018-09-16 17:43:07',961,169),(7,26,'enim nisl elementum purus, accumsan interdum libero dui nec','Lorem ipsum dolor sit amet, consectetuer adipiscing elit. Curabitur sed','2018-07-01 13:19:20',279,68),(8,16,'tincidunt pede ac urna. Ut tincidunt vehicula','Lorem','2020-01-05 00:39:24',81,29),(9,32,'nisi a','Lorem ipsum dolor sit amet, consectetuer adipiscing elit. Curabitur','2018-11-17 18:56:04',795,175),(10,23,'dolor quam, elementum','Lorem ipsum dolor','2019-12-15 10:53:11',626,96),(11,26,'quis, tristique ac, eleifend vitae, erat. Vivamus nisi.','Lorem ipsum dolor sit amet,','2018-04-10 14:26:45',993,29),(12,43,'et magnis dis parturient montes,','Lorem ipsum dolor','2019-07-24 02:18:28',103,74),(13,27,'consectetuer, cursus et, magna. Praesent interdum ligula eu enim. Etiam','Lorem','2019-06-17 20:41:47',703,43),(14,42,'Praesent interdum ligula eu enim. Etiam imperdiet dictum','Lorem ipsum dolor sit amet,','2019-12-23 05:45:50',442,137),(15,10,'est,','Lorem ipsum','2018-03-06 09:28:09',696,125),(16,1,'Class','Lorem ipsum dolor','2019-06-04 02:09:34',198,155),(17,34,'amet, faucibus ut, nulla. Cras eu','Lorem ipsum dolor sit amet, consectetuer adipiscing elit. Curabitur','2018-06-09 11:48:44',889,139),(18,15,'ipsum nunc id enim. Curabitur massa. Vestibulum','Lorem ipsum','2020-02-02 19:30:55',953,183),(19,46,'montes, nascetur ridiculus mus. Proin','Lorem','2018-01-12 03:18:39',477,180),(20,23,'arcu. Morbi','Lorem ipsum','2018-02-28 13:53:27',182,54),(21,41,'pretium neque. Morbi quis urna. Nunc quis arcu','Lorem ipsum dolor sit amet, consectetuer adipiscing elit.','2019-09-25 13:23:06',88,179),(22,3,'facilisis. Suspendisse commodo','Lorem ipsum dolor sit amet,','2018-12-04 11:14:01',547,149),(23,44,'feugiat non, lobortis quis, pede. Suspendisse dui.','Lorem','2018-11-09 11:42:20',57,200),(24,30,'lectus. Cum sociis natoque penatibus et','Lorem ipsum dolor','2019-08-03 23:38:31',306,50),(25,5,'pellentesque. Sed dictum.','Lorem ipsum dolor sit amet, consectetuer','2019-12-02 03:28:03',379,166),(26,11,'magna. Ut','Lorem ipsum dolor','2018-08-19 23:38:51',20,16),(27,29,'orci. Ut','Lorem ipsum dolor sit','2018-01-28 01:09:34',59,34),(28,24,'est. Nunc ullamcorper, velit in aliquet','Lorem ipsum dolor','2018-04-27 13:19:58',409,167),(29,40,'a feugiat tellus lorem eu metus. In lorem.','Lorem ipsum dolor sit amet, consectetuer adipiscing elit.','2018-02-19 19:55:36',317,189),(30,6,'sapien. Nunc pulvinar arcu et pede. Nunc sed orci lobortis','Lorem ipsum dolor','2020-02-05 06:51:31',414,84),(31,48,'eu turpis. Nulla aliquet.','Lorem ipsum dolor sit amet, consectetuer','2018-07-16 09:26:07',710,25),(32,44,'molestie in, tempus eu, ligula. Aenean euismod mauris','Lorem ipsum dolor sit amet, consectetuer adipiscing elit. Curabitur','2019-07-04 18:10:32',672,13),(33,37,'nunc. Quisque','Lorem ipsum','2019-07-09 00:52:45',608,162),(34,33,'tincidunt pede ac','Lorem ipsum dolor sit amet, consectetuer adipiscing elit. Curabitur sed','2019-12-20 03:31:48',498,35),(35,40,'Suspendisse sagittis. Nullam vitae diam. Proin dolor. Nulla','Lorem ipsum dolor sit amet, consectetuer adipiscing elit. Curabitur sed','2018-11-21 21:42:14',674,131),(36,31,'velit eget laoreet posuere, enim nisl elementum purus, accumsan interdum','Lorem ipsum dolor sit amet, consectetuer','2019-10-13 05:44:50',747,36),(37,9,'eu,','Lorem ipsum dolor sit amet, consectetuer adipiscing elit. Curabitur','2019-02-24 04:38:42',993,163),(38,9,'at lacus. Quisque purus sapien, gravida','Lorem ipsum dolor','2018-01-12 07:35:25',361,186),(39,44,'libero et tristique pellentesque, tellus sem mollis dui, in','Lorem ipsum dolor sit amet, consectetuer adipiscing','2018-06-26 19:32:51',738,96),(40,41,'mus. Donec dignissim magna a tortor. Nunc commodo auctor velit.','Lorem ipsum dolor sit amet, consectetuer adipiscing elit.','2019-11-19 23:52:21',374,85),(41,34,'eros. Proin ultrices. Duis volutpat','Lorem','2018-01-20 04:07:03',994,145),(42,39,'enim consequat purus. Maecenas libero est, congue a,','Lorem ipsum dolor sit amet, consectetuer adipiscing elit. Curabitur sed','2019-12-19 21:09:17',302,59),(43,37,'orci lobortis augue scelerisque','Lorem ipsum dolor sit amet, consectetuer adipiscing elit. Curabitur sed','2018-02-12 15:05:39',982,101),(44,49,'ultrices posuere cubilia Curae; Phasellus ornare. Fusce mollis. Duis sit','Lorem ipsum dolor sit amet, consectetuer adipiscing elit.','2019-04-24 16:42:22',409,164),(45,40,'risus varius orci, in consequat enim','Lorem ipsum dolor sit amet, consectetuer adipiscing elit. Curabitur sed','2019-03-10 22:13:11',491,124),(46,7,'Mauris quis turpis vitae purus gravida sagittis. Duis gravida. Praesent','Lorem ipsum dolor sit amet, consectetuer adipiscing elit. Curabitur','2019-02-15 20:19:00',652,125),(47,34,'Phasellus ornare. Fusce mollis. Duis sit amet diam eu dolor','Lorem ipsum dolor sit amet,','2018-08-09 20:13:52',951,175),(48,37,'mauris a nunc.','Lorem ipsum dolor sit amet, consectetuer adipiscing elit. Curabitur','2019-07-04 15:25:14',964,11),(49,35,'ligula. Aenean gravida nunc sed pede. Cum sociis natoque','Lorem ipsum dolor sit amet, consectetuer adipiscing elit. Curabitur sed','2018-12-02 08:12:52',747,88),(50,36,'pulvinar arcu et pede. Nunc sed orci lobortis augue scelerisque','Lorem ipsum dolor','2018-06-08 13:31:05',631,193),(51,20,'mattis','Lorem ipsum dolor sit amet, consectetuer adipiscing','2018-06-10 05:06:18',447,93),(52,40,'mus. Proin vel arcu eu odio tristique pharetra. Quisque','Lorem ipsum dolor sit amet, consectetuer','2019-02-06 07:37:25',509,97),(53,7,'lectus rutrum urna, nec luctus felis purus ac','Lorem ipsum dolor sit amet, consectetuer adipiscing','2019-02-16 01:52:44',397,141),(54,2,'eget, ipsum. Donec sollicitudin adipiscing ligula. Aenean gravida','Lorem ipsum dolor sit amet, consectetuer','2018-08-28 23:41:20',744,60),(55,18,'ornare, facilisis eget, ipsum. Donec sollicitudin adipiscing ligula. Aenean gravida','Lorem ipsum dolor sit amet, consectetuer adipiscing','2018-10-30 20:43:56',145,75),(56,25,'id magna et','Lorem ipsum dolor sit amet, consectetuer adipiscing elit. Curabitur','2018-03-15 06:33:11',388,85),(57,30,'augue malesuada malesuada. Integer id magna et ipsum cursus vestibulum.','Lorem ipsum dolor sit amet,','2019-03-23 03:52:05',847,171),(58,23,'lobortis ultrices. Vivamus rhoncus. Donec est. Nunc ullamcorper,','Lorem ipsum dolor sit amet, consectetuer adipiscing elit.','2018-06-12 00:10:45',397,146),(59,41,'Cras convallis convallis dolor. Quisque tincidunt pede ac','Lorem ipsum dolor sit amet, consectetuer adipiscing elit.','2018-12-31 23:07:40',603,78),(60,27,'orci luctus et','Lorem ipsum dolor sit amet,','2019-11-28 12:18:29',320,175),(61,6,'a odio semper cursus.','Lorem ipsum dolor sit amet, consectetuer adipiscing','2018-05-25 08:34:34',312,62),(62,7,'diam nunc, ullamcorper eu, euismod ac, fermentum','Lorem','2019-01-10 17:30:23',107,62),(63,6,'Aenean','Lorem ipsum dolor sit','2018-11-08 13:53:02',85,149),(64,30,'ridiculus mus. Aenean eget magna.','Lorem ipsum','2019-03-15 03:27:17',523,147),(65,22,'ligula. Nullam feugiat placerat','Lorem ipsum dolor sit amet, consectetuer adipiscing','2019-07-05 21:14:44',825,47),(66,49,'mi fringilla mi lacinia','Lorem ipsum dolor sit amet, consectetuer adipiscing elit. Curabitur sed','2018-12-31 02:30:03',893,95),(67,31,'penatibus et magnis dis parturient','Lorem ipsum dolor sit amet, consectetuer adipiscing elit. Curabitur sed','2018-10-25 11:53:14',316,131),(68,26,'Quisque ornare tortor at risus.','Lorem ipsum dolor sit amet, consectetuer adipiscing elit.','2019-08-24 09:08:13',737,76),(69,15,'posuere, enim nisl elementum purus, accumsan interdum libero','Lorem ipsum dolor sit amet, consectetuer adipiscing elit. Curabitur','2018-10-26 19:40:18',333,106),(70,38,'dictum ultricies','Lorem ipsum dolor sit','2018-05-08 11:58:47',894,42),(71,33,'eu tellus. Phasellus elit pede,','Lorem ipsum dolor sit amet,','2019-06-16 08:26:35',464,158),(72,35,'Mauris eu turpis. Nulla aliquet. Proin velit. Sed malesuada','Lorem ipsum dolor sit','2019-06-04 10:32:53',802,80),(73,49,'Nunc sed orci lobortis augue','Lorem ipsum dolor sit amet, consectetuer adipiscing elit. Curabitur','2018-06-08 07:20:30',46,106),(74,12,'pharetra sed, hendrerit a, arcu. Sed et','Lorem ipsum dolor sit amet, consectetuer adipiscing elit. Curabitur sed','2018-01-24 19:57:05',46,40),(75,21,'vulputate ullamcorper','Lorem ipsum dolor sit amet, consectetuer adipiscing elit.','2019-02-25 00:25:05',218,51),(76,37,'mauris ut mi. Duis risus odio, auctor vitae, aliquet nec,','Lorem ipsum dolor sit amet, consectetuer adipiscing elit. Curabitur sed','2018-09-06 13:50:35',856,181),(77,31,'non, egestas a, dui. Cras pellentesque. Sed dictum. Proin eget','Lorem ipsum','2018-10-15 12:50:00',896,124),(78,50,'at risus. Nunc ac sem','Lorem ipsum','2019-06-14 11:04:57',878,119),(79,48,'consequat dolor vitae dolor. Donec fringilla. Donec feugiat','Lorem ipsum dolor sit amet, consectetuer adipiscing elit.','2019-12-03 03:05:01',860,27),(80,40,'suscipit','Lorem ipsum dolor sit amet, consectetuer adipiscing elit. Curabitur sed','2019-11-03 06:03:35',200,31),(81,44,'diam dictum sapien.','Lorem ipsum dolor sit amet, consectetuer','2018-08-05 02:42:48',179,59),(82,17,'nisl sem,','Lorem ipsum dolor sit amet, consectetuer','2019-03-14 11:56:34',184,124),(83,6,'Sed nec metus','Lorem ipsum dolor sit','2018-06-19 15:37:46',915,65),(84,16,'dolor. Fusce feugiat.','Lorem ipsum dolor sit amet,','2019-07-10 00:39:05',427,74),(85,18,'at, nisi. Cum sociis natoque penatibus et magnis dis','Lorem ipsum dolor','2018-11-28 11:51:26',794,151),(86,32,'neque.','Lorem ipsum dolor','2018-05-03 13:34:20',886,195),(87,40,'semper et, lacinia vitae, sodales at,','Lorem ipsum dolor sit amet,','2019-01-04 20:07:56',747,56),(88,9,'a, scelerisque sed,','Lorem ipsum dolor sit amet, consectetuer adipiscing','2019-08-01 19:10:36',718,120),(89,15,'metus facilisis lorem','Lorem ipsum dolor sit amet, consectetuer adipiscing','2019-01-13 10:07:28',864,12),(90,26,'orci, adipiscing non, luctus sit','Lorem ipsum dolor sit amet, consectetuer adipiscing elit. Curabitur sed','2018-04-22 01:37:07',281,155),(91,1,'erat volutpat. Nulla facilisis. Suspendisse commodo tincidunt','Lorem','2018-03-24 04:20:38',297,170),(92,26,'rutrum non, hendrerit id, ante. Nunc mauris sapien, cursus','Lorem ipsum dolor sit amet,','2018-06-14 17:49:35',301,175),(93,13,'molestie tellus. Aenean egestas hendrerit neque. In ornare sagittis','Lorem ipsum dolor sit','2019-01-20 06:07:54',34,142),(94,27,'eget lacus. Mauris non dui nec urna suscipit nonummy. Fusce','Lorem ipsum dolor sit amet, consectetuer adipiscing elit.','2019-05-26 18:20:32',786,110),(95,40,'dis parturient montes,','Lorem ipsum dolor','2018-10-14 12:09:36',782,146),(96,42,'volutpat. Nulla','Lorem ipsum dolor sit amet, consectetuer adipiscing elit. Curabitur','2018-03-24 18:00:20',979,51),(97,41,'gravida','Lorem','2018-06-01 08:18:35',152,110),(98,14,'nisl. Nulla eu neque pellentesque','Lorem ipsum dolor sit amet, consectetuer','2018-11-15 15:19:26',54,157),(99,46,'quam, elementum at, egestas a, scelerisque sed,','Lorem ipsum','2018-07-29 05:10:07',270,164),(100,22,'neque sed dictum eleifend, nunc risus','Lorem ipsum dolor sit','2018-05-25 05:03:12',629,162);
/*!40000 ALTER TABLE `board_talk` ENABLE KEYS */;
UNLOCK TABLES;

--
-- Table structure for table `board_talk_comment`
--

DROP TABLE IF EXISTS `board_talk_comment`;
/*!40101 SET @saved_cs_client     = @@character_set_client */;
/*!40101 SET character_set_client = utf8 */;
CREATE TABLE `board_talk_comment` (
  `board_talk_id` int(11) NOT NULL,
  `comment` text,
  `recommend` int(11) DEFAULT NULL,
  `user_id` int(11) NOT NULL,
  `write_time` timestamp NULL DEFAULT NULL,
  KEY `fk_board_talk_comment_board_talk1_idx` (`board_talk_id`),
  KEY `fk_board_talk_comment_user1_idx` (`user_id`),
  CONSTRAINT `fk_board_talk_comment_board_talk1` FOREIGN KEY (`board_talk_id`) REFERENCES `board_talk` (`id`) ON DELETE NO ACTION ON UPDATE NO ACTION,
  CONSTRAINT `fk_board_talk_comment_user1` FOREIGN KEY (`user_id`) REFERENCES `user` (`id`) ON DELETE NO ACTION ON UPDATE NO ACTION
) ENGINE=InnoDB DEFAULT CHARSET=utf8;
/*!40101 SET character_set_client = @saved_cs_client */;

--
-- Dumping data for table `board_talk_comment`
--

LOCK TABLES `board_talk_comment` WRITE;
/*!40000 ALTER TABLE `board_talk_comment` DISABLE KEYS */;
INSERT INTO `board_talk_comment` VALUES (68,'ipsum. Suspendisse non leo. Vivamus nibh dolor, nonummy ac,',27,10,'2019-01-14 07:14:38'),(46,'vehicula et, rutrum eu,',46,10,'2018-04-26 05:00:39'),(25,'varius. Nam',46,29,'2018-10-25 19:10:59'),(33,'nibh sit amet orci.',46,24,'2018-07-05 10:53:21'),(7,'Integer urna. Vivamus molestie dapibus ligula. Aliquam erat',33,22,'2018-07-17 17:15:51'),(73,'per conubia nostra, per inceptos hymenaeos. Mauris ut quam vel',15,10,'2018-05-13 04:12:30'),(68,'erat vel pede blandit congue. In scelerisque',32,40,'2018-03-24 15:06:26'),(55,'sem molestie sodales. Mauris blandit enim consequat purus. Maecenas',33,29,'2018-04-03 19:06:00'),(66,'pharetra',34,23,'2018-12-29 07:08:04'),(13,'et risus. Quisque libero lacus,',24,41,'2018-08-18 13:05:38'),(41,'id nunc interdum feugiat. Sed nec metus',40,19,'2018-11-02 23:13:14'),(15,'risus',12,6,'2018-07-23 02:36:20'),(34,'gravida nunc sed pede. Cum sociis',39,43,'2018-12-13 04:02:44'),(75,'felis purus ac tellus. Suspendisse sed',6,33,'2018-08-23 03:13:21'),(2,'dictum mi, ac mattis velit',34,38,'2018-11-24 14:38:23'),(86,'lacus. Quisque purus sapien, gravida non,',9,36,'2018-12-27 15:59:17'),(22,'Nullam lobortis quam a felis ullamcorper viverra.',10,46,'2018-06-13 14:02:25'),(17,'Maecenas ornare egestas ligula. Nullam feugiat',7,47,'2018-11-09 09:49:53'),(56,'quis diam',43,4,'2018-07-29 03:31:50'),(27,'tristique neque venenatis lacus. Etiam',38,12,'2019-01-02 13:37:26'),(5,'semper auctor. Mauris vel turpis. Aliquam adipiscing',35,32,'2018-09-17 11:50:30'),(58,'nec',42,37,'2018-06-08 03:36:19'),(36,'interdum ligula eu enim. Etiam imperdiet',13,25,'2018-07-19 05:32:44'),(9,'dignissim pharetra. Nam ac nulla.',40,38,'2018-07-03 01:24:57'),(67,'bibendum. Donec felis orci, adipiscing non,',42,16,'2018-06-18 20:10:48'),(2,'magna, malesuada vel, convallis in, cursus et, eros. Proin ultrices.',47,47,'2018-08-21 23:51:18'),(26,'consectetuer adipiscing elit. Curabitur',27,2,'2019-01-05 18:53:58'),(8,'in faucibus orci luctus',14,25,'2018-11-22 11:32:35'),(64,'quam dignissim',20,36,'2018-08-02 13:24:18'),(5,'vulputate velit',31,32,'2019-01-18 23:45:49'),(7,'penatibus',21,6,'2018-12-02 16:52:30'),(84,'ornare tortor at',3,35,'2018-04-24 11:36:28'),(63,'nec luctus felis purus ac tellus.',35,38,'2018-03-23 08:42:30'),(54,'ipsum leo elementum sem, vitae aliquam',39,47,'2018-12-20 04:45:31'),(99,'quis arcu',34,43,'2018-06-11 15:25:43'),(17,'blandit congue. In scelerisque scelerisque dui. Suspendisse ac metus',21,15,'2018-09-27 02:51:07'),(36,'a, malesuada id, erat. Etiam vestibulum',24,13,'2018-11-24 18:37:40'),(8,'dui. Fusce diam nunc, ullamcorper eu, euismod ac, fermentum',18,9,'2018-11-05 20:53:24'),(21,'imperdiet, erat',9,3,'2018-09-02 10:34:06'),(90,'eu augue porttitor',22,38,'2019-01-10 02:40:34'),(61,'sollicitudin orci sem eget massa. Suspendisse eleifend. Cras',37,19,'2018-10-16 10:05:46'),(9,'nisi sem semper erat, in consectetuer ipsum nunc',44,37,'2018-07-29 14:29:42'),(56,'Proin non massa',28,41,'2018-03-08 12:00:33'),(38,'In mi pede, nonummy ut, molestie in, tempus eu,',24,1,'2018-08-23 06:20:23'),(49,'ullamcorper, nisl arcu iaculis enim, sit amet ornare lectus justo',32,20,'2018-02-24 01:38:48'),(90,'eget, volutpat ornare, facilisis eget, ipsum. Donec sollicitudin adipiscing ligula.',14,4,'2018-05-20 21:35:04'),(1,'Curae; Phasellus ornare. Fusce mollis. Duis sit',6,47,'2019-01-20 09:16:17'),(62,'dictum.',46,49,'2018-12-27 08:31:44'),(44,'sem ut',43,11,'2018-11-17 11:01:58'),(27,'Nulla interdum.',37,35,'2018-10-05 06:37:02'),(8,'convallis',6,48,'2018-08-04 19:28:44'),(25,'Donec egestas. Duis ac arcu. Nunc mauris. Morbi',18,33,'2018-07-08 14:44:47'),(25,'inceptos hymenaeos. Mauris ut',27,33,'2018-12-03 07:48:30'),(8,'eu, ligula.',36,48,'2018-05-14 09:53:21'),(99,'Quisque purus sapien, gravida non, sollicitudin a, malesuada id,',10,8,'2018-03-31 16:06:11'),(54,'vulputate, nisi',43,4,'2018-09-30 15:26:53'),(3,'mus. Aenean eget magna. Suspendisse tristique neque venenatis lacus. Etiam',38,11,'2018-05-07 18:34:57'),(47,'ac metus vitae velit egestas lacinia. Sed congue, elit sed',50,37,'2018-10-02 00:45:43'),(25,'lectus pede et risus. Quisque libero lacus, varius',22,2,'2018-03-06 03:34:20'),(72,'purus ac tellus. Suspendisse sed dolor. Fusce mi',23,39,'2018-08-18 09:33:00'),(47,'scelerisque neque',16,26,'2018-10-15 23:14:37'),(65,'Duis at lacus. Quisque purus sapien, gravida',1,48,'2018-08-07 19:17:08'),(53,'orci',42,44,'2018-08-15 00:34:31'),(85,'Suspendisse tristique neque venenatis lacus.',43,13,'2019-01-07 17:07:37'),(66,'primis in faucibus orci luctus et ultrices posuere cubilia Curae;',50,46,'2018-07-19 15:21:31'),(100,'cursus a, enim. Suspendisse aliquet, sem ut cursus',26,30,'2018-04-28 05:32:54'),(11,'Pellentesque habitant morbi tristique senectus et netus et',34,5,'2018-05-28 23:30:51'),(15,'interdum',10,38,'2018-07-06 17:13:12'),(50,'non leo. Vivamus nibh dolor, nonummy ac, feugiat non,',14,49,'2018-06-07 00:53:18'),(86,'ac sem ut dolor',35,1,'2018-10-22 23:09:41'),(5,'facilisis lorem tristique aliquet. Phasellus fermentum convallis ligula. Donec',41,7,'2018-05-18 10:48:43'),(85,'volutpat nunc sit amet metus.',22,26,'2018-03-21 13:13:44'),(92,'ut nisi a odio semper cursus. Integer mollis. Integer',10,15,'2018-05-04 01:31:31'),(75,'vehicula',16,22,'2018-06-09 14:51:50'),(32,'tellus lorem eu metus. In lorem. Donec',14,24,'2018-06-10 11:38:01'),(60,'Integer vulputate, risus a ultricies adipiscing,',21,14,'2018-12-01 01:54:24'),(15,'lacus vestibulum lorem, sit amet ultricies sem magna nec quam.',9,15,'2018-09-13 17:44:51'),(83,'eu, euismod ac, fermentum vel, mauris. Integer',3,29,'2018-09-17 06:20:16'),(25,'magna a neque. Nullam ut',44,22,'2018-10-30 06:11:36'),(38,'dignissim pharetra.',46,28,'2018-06-08 23:49:19'),(79,'nunc sit amet metus. Aliquam erat volutpat. Nulla',38,3,'2019-01-13 10:55:31'),(24,'eleifend nec, malesuada ut,',47,38,'2018-04-13 23:45:19'),(94,'id enim. Curabitur massa. Vestibulum accumsan neque et',30,35,'2018-08-28 08:22:11'),(11,'aliquam iaculis,',43,11,'2018-12-20 12:24:59'),(66,'iaculis odio. Nam',49,49,'2018-07-01 13:00:43'),(31,'nibh lacinia orci, consectetuer euismod est arcu',25,11,'2018-12-03 17:19:52'),(83,'in, hendrerit consectetuer, cursus et, magna. Praesent interdum',34,45,'2018-12-22 12:44:25'),(9,'eleifend',42,12,'2018-11-22 22:57:36'),(98,'Fusce',48,25,'2018-07-07 01:54:07'),(4,'est. Mauris eu turpis. Nulla aliquet. Proin',31,5,'2018-10-06 13:53:09'),(88,'et magnis dis parturient montes, nascetur ridiculus mus.',22,43,'2019-02-01 10:17:02'),(10,'euismod enim. Etiam gravida molestie arcu. Sed eu',34,22,'2019-01-18 11:08:33'),(7,'vestibulum nec, euismod in,',37,47,'2018-07-11 23:07:50'),(29,'sed dictum eleifend, nunc risus varius orci, in consequat enim',37,20,'2018-03-01 03:54:20'),(62,'dui. Suspendisse ac metus vitae velit egestas',31,27,'2018-09-07 14:16:28'),(66,'imperdiet, erat nonummy ultricies ornare, elit elit fermentum risus, at',34,16,'2018-12-20 04:31:56'),(30,'a, magna.',18,25,'2018-07-28 17:51:53'),(40,'Aliquam tincidunt, nunc ac mattis ornare, lectus',12,33,'2018-06-30 17:35:50'),(62,'Proin dolor. Nulla semper tellus',23,29,'2018-02-24 20:50:30'),(30,'non, lobortis quis, pede. Suspendisse dui. Fusce',42,19,'2018-05-30 11:44:38'),(96,'Donec dignissim magna a tortor. Nunc commodo auctor velit.',27,44,'2018-04-15 14:07:43'),(19,'vehicula et, rutrum eu,',47,6,'2018-09-16 11:46:28'),(6,'vel turpis. Aliquam',1,13,'2018-04-17 12:36:06'),(84,'leo. Morbi neque tellus, imperdiet',16,27,'2018-07-18 12:50:13'),(98,'non,',21,27,'2018-05-30 06:07:13'),(49,'dictum eleifend, nunc risus varius orci, in',20,47,'2018-03-13 06:42:38'),(23,'dictum magna. Ut tincidunt orci quis',23,35,'2018-05-17 06:56:35'),(43,'Phasellus vitae mauris',32,16,'2018-08-07 01:14:34'),(16,'Duis at lacus. Quisque purus',17,13,'2019-01-11 19:18:32'),(55,'Vivamus molestie dapibus ligula. Aliquam erat volutpat.',10,27,'2018-12-13 08:32:50'),(8,'sapien molestie orci tincidunt',1,6,'2018-06-17 07:38:36'),(80,'commodo ipsum. Suspendisse non leo. Vivamus nibh dolor, nonummy',5,32,'2018-10-14 16:32:51'),(34,'amet luctus vulputate, nisi sem semper erat,',25,32,'2019-01-11 15:40:42'),(30,'torquent per conubia nostra, per inceptos hymenaeos. Mauris',22,32,'2018-09-19 13:51:06'),(16,'laoreet posuere, enim nisl elementum',11,41,'2018-05-21 07:47:49'),(58,'semper pretium neque. Morbi quis urna. Nunc quis',18,2,'2019-01-07 10:27:47'),(91,'ullamcorper eu, euismod ac, fermentum vel,',39,7,'2018-10-08 22:08:46'),(16,'conubia nostra, per inceptos',43,18,'2018-05-11 03:59:21'),(6,'non, feugiat nec,',4,4,'2019-01-20 19:55:41'),(76,'vitae dolor. Donec fringilla. Donec feugiat metus sit amet',27,10,'2019-01-06 14:09:57'),(47,'lorem, vehicula et, rutrum eu, ultrices sit',38,19,'2018-09-07 10:03:02'),(36,'magna. Sed eu eros. Nam consequat dolor vitae',20,17,'2018-12-22 10:58:15'),(88,'non nisi. Aenean eget metus. In nec',8,49,'2018-12-29 15:41:07'),(44,'ac orci. Ut semper pretium',20,25,'2018-03-16 10:01:12'),(57,'Maecenas iaculis aliquet diam. Sed diam lorem, auctor',5,30,'2018-05-09 08:04:22'),(27,'lacinia. Sed congue,',18,20,'2018-04-01 20:13:44'),(8,'magna sed dui. Fusce aliquam,',27,26,'2018-12-29 04:34:30'),(63,'lobortis augue scelerisque mollis. Phasellus libero mauris, aliquam eu,',11,47,'2018-10-31 18:16:05'),(93,'consectetuer mauris id sapien. Cras',38,24,'2018-05-09 19:32:11'),(41,'Aliquam auctor, velit eget',2,17,'2018-07-09 03:57:07'),(68,'lacus. Nulla tincidunt, neque vitae semper egestas, urna justo',17,44,'2018-10-12 14:30:12'),(72,'eu, ultrices sit amet, risus.',42,6,'2018-12-23 19:04:04'),(92,'lobortis quam a felis ullamcorper viverra. Maecenas iaculis aliquet',32,13,'2018-05-20 04:56:02'),(50,'eget laoreet posuere, enim nisl elementum purus, accumsan',22,32,'2018-10-08 00:12:36'),(54,'ultrices posuere cubilia Curae; Phasellus ornare. Fusce mollis. Duis',29,45,'2018-03-23 03:46:33'),(46,'nibh. Quisque nonummy',41,25,'2018-07-06 10:31:27'),(96,'lectus rutrum urna, nec luctus',48,46,'2018-10-15 11:24:25'),(13,'ornare, lectus ante dictum mi, ac',3,9,'2018-11-29 23:09:20'),(58,'malesuada fames ac turpis egestas. Aliquam fringilla cursus',8,31,'2018-02-28 06:13:19'),(54,'luctus lobortis. Class aptent taciti sociosqu ad litora torquent',46,39,'2018-06-10 09:47:21'),(5,'euismod et, commodo at, libero. Morbi accumsan laoreet ipsum.',19,40,'2019-01-08 16:23:58'),(30,'ante, iaculis nec,',31,11,'2018-05-18 18:12:09'),(24,'magna, malesuada',40,49,'2019-01-15 05:25:00'),(1,'sit amet ultricies sem magna nec quam. Curabitur vel',46,20,'2018-09-11 19:51:37'),(99,'ultricies',13,23,'2019-01-10 10:42:24'),(7,'pellentesque a, facilisis non, bibendum',47,21,'2018-11-03 21:00:11'),(96,'tellus',2,48,'2018-05-11 12:41:48'),(72,'ipsum cursus vestibulum. Mauris magna. Duis dignissim tempor arcu. Vestibulum',13,16,'2018-03-05 03:25:05'),(84,'Sed id risus quis diam',30,50,'2018-06-18 02:32:04'),(60,'vitae mauris sit',14,18,'2018-06-06 07:14:43'),(57,'facilisis, magna tellus faucibus',17,43,'2018-12-29 06:16:00'),(82,'nibh enim, gravida sit',18,19,'2019-01-25 23:39:45'),(59,'a sollicitudin',35,8,'2018-11-30 12:48:52'),(82,'non, vestibulum nec, euismod in, dolor. Fusce feugiat.',47,9,'2018-03-02 23:41:46'),(36,'arcu et pede. Nunc sed orci lobortis',18,25,'2018-06-14 08:13:29'),(58,'at, egestas a, scelerisque',8,31,'2019-01-01 12:26:13'),(63,'Etiam imperdiet dictum magna. Ut tincidunt orci',14,36,'2018-12-30 11:06:03'),(9,'diam nunc,',7,38,'2018-10-14 20:07:03'),(60,'Nam interdum enim non',1,26,'2018-09-07 22:42:25'),(6,'velit',18,6,'2018-05-14 14:55:19'),(82,'lobortis, nisi nibh lacinia orci,',38,47,'2018-04-10 05:11:39'),(71,'Vestibulum',17,26,'2018-06-21 17:15:49'),(77,'nec orci. Donec nibh.',28,35,'2018-11-13 13:03:36'),(95,'interdum',42,7,'2019-01-29 11:15:05'),(36,'Vestibulum ante ipsum',24,25,'2018-09-26 12:07:16'),(82,'turpis egestas. Fusce aliquet magna a neque. Nullam',10,26,'2019-01-29 13:29:39'),(64,'amet risus. Donec egestas.',35,4,'2018-05-29 01:30:26'),(51,'Vivamus non lorem vitae odio sagittis semper. Nam',14,11,'2019-02-05 15:28:02'),(91,'auctor. Mauris vel turpis. Aliquam adipiscing lobortis risus. In mi',6,18,'2018-12-06 01:49:00'),(24,'erat. Vivamus nisi. Mauris',17,40,'2018-08-22 22:23:30'),(25,'parturient montes, nascetur ridiculus mus. Donec',10,13,'2018-04-15 00:20:12'),(96,'Fusce mollis. Duis sit',28,25,'2018-03-09 12:56:01'),(3,'aliquam, enim nec tempus scelerisque, lorem ipsum',36,37,'2018-03-01 09:31:15'),(85,'Etiam laoreet, libero',24,6,'2018-05-26 19:24:56'),(46,'Cras dictum ultricies ligula. Nullam enim. Sed nulla ante,',38,31,'2018-02-24 11:46:01'),(47,'Etiam',29,39,'2018-09-13 17:50:57'),(28,'lectus. Nullam suscipit, est ac facilisis',5,2,'2019-01-06 22:12:16'),(86,'imperdiet, erat nonummy ultricies',25,34,'2018-02-22 17:36:06'),(45,'sit amet ante. Vivamus',30,12,'2018-07-20 19:44:01'),(70,'lacus. Ut nec',20,7,'2018-12-05 08:15:08'),(71,'interdum ligula eu enim. Etiam',44,39,'2018-11-23 08:43:21'),(59,'at',43,40,'2018-10-29 09:55:08'),(5,'ut mi. Duis risus odio, auctor vitae, aliquet nec, imperdiet',48,22,'2018-09-10 18:30:20'),(90,'varius et, euismod et, commodo at, libero. Morbi accumsan laoreet',5,42,'2018-07-29 04:07:41'),(39,'per conubia nostra, per inceptos hymenaeos.',1,13,'2018-08-08 06:44:17'),(51,'vitae, sodales at, velit. Pellentesque ultricies dignissim lacus. Aliquam',9,5,'2018-10-09 09:27:39'),(63,'ut cursus luctus, ipsum leo elementum',6,27,'2018-07-15 18:47:04'),(70,'Curabitur massa.',11,2,'2018-03-17 15:30:04'),(47,'pede. Suspendisse dui. Fusce',10,35,'2018-05-30 22:31:48'),(81,'mollis',22,22,'2018-03-08 23:26:02'),(44,'litora torquent',35,20,'2019-01-28 08:56:39'),(100,'at, iaculis quis,',12,43,'2018-10-19 02:52:47'),(52,'id',20,48,'2018-09-01 20:50:56'),(83,'magna,',1,42,'2018-10-31 07:03:22'),(1,'vitae, sodales at, velit. Pellentesque ultricies',25,23,'2018-04-28 23:04:04'),(22,'mi. Duis risus odio, auctor vitae,',9,18,'2018-07-04 10:16:03'),(14,'vitae, orci. Phasellus dapibus',6,26,'2018-08-24 01:03:47'),(48,'hendrerit id, ante. Nunc',26,20,'2019-01-21 19:57:24'),(71,'ac, eleifend vitae, erat. Vivamus nisi. Mauris nulla. Integer',36,42,'2018-03-20 17:02:11'),(62,'consectetuer, cursus et, magna. Praesent',12,48,'2018-05-21 20:44:31');
/*!40000 ALTER TABLE `board_talk_comment` ENABLE KEYS */;
UNLOCK TABLES;

--
-- Table structure for table `user`
--

DROP TABLE IF EXISTS `user`;
/*!40101 SET @saved_cs_client     = @@character_set_client */;
/*!40101 SET character_set_client = utf8 */;
CREATE TABLE `user` (
  `id` int(11) NOT NULL AUTO_INCREMENT,
  `type` varchar(30) DEFAULT NULL,
  `token` varchar(45) DEFAULT NULL,
  `username` varchar(16) NOT NULL,
  `email` varchar(255) DEFAULT NULL,
  `password` varchar(32) DEFAULT NULL,
  `create_time` timestamp NULL DEFAULT CURRENT_TIMESTAMP,
  PRIMARY KEY (`id`)
) ENGINE=InnoDB AUTO_INCREMENT=56 DEFAULT CHARSET=utf8;
/*!40101 SET character_set_client = @saved_cs_client */;

--
-- Dumping data for table `user`
--

LOCK TABLES `user` WRITE;
/*!40000 ALTER TABLE `user` DISABLE KEYS */;
INSERT INTO `user` VALUES (1,'dummy','abcde','유저이름1','유저메일1','1234','2019-02-10 00:55:22'),(2,'dummy','abcde','유저이름2','유저메일2','1234','2019-02-10 00:55:22'),(3,'dummy','abcde','유저이름3','유저메일3','1234','2019-02-10 00:55:22'),(4,'dummy','abcde','유저이름4','유저메일4','1234','2019-02-10 00:55:22'),(5,'dummy','abcde','유저이름5','유저메일5','1234','2019-02-10 00:55:22'),(6,'dummy','abcde','유저이름6','유저메일6','1234','2019-02-10 00:55:22'),(7,'dummy','abcde','유저이름7','유저메일7','1234','2019-02-10 00:55:22'),(8,'dummy','abcde','유저이름8','유저메일8','1234','2019-02-10 00:55:22'),(9,'dummy','abcde','유저이름9','유저메일9','1234','2019-02-10 00:55:22'),(10,'dummy','abcde','유저이름10','유저메일10','1234','2019-02-10 00:55:22'),(11,'dummy','abcde','유저이름11','유저메일11','1234','2019-02-10 00:55:22'),(12,'dummy','abcde','유저이름12','유저메일12','1234','2019-02-10 00:55:22'),(13,'dummy','abcde','유저이름13','유저메일13','1234','2019-02-10 00:55:22'),(14,'dummy','abcde','유저이름14','유저메일14','1234','2019-02-10 00:55:22'),(15,'dummy','abcde','유저이름15','유저메일15','1234','2019-02-10 00:55:22'),(16,'dummy','abcde','유저이름16','유저메일16','1234','2019-02-10 00:55:22'),(17,'dummy','abcde','유저이름17','유저메일17','1234','2019-02-10 00:55:22'),(18,'dummy','abcde','유저이름18','유저메일18','1234','2019-02-10 00:55:22'),(19,'dummy','abcde','유저이름19','유저메일19','1234','2019-02-10 00:55:22'),(20,'dummy','abcde','유저이름20','유저메일20','1234','2019-02-10 00:55:22'),(21,'dummy','abcde','유저이름21','유저메일21','1234','2019-02-10 00:55:22'),(22,'dummy','abcde','유저이름22','유저메일22','1234','2019-02-10 00:55:22'),(23,'dummy','abcde','유저이름23','유저메일23','1234','2019-02-10 00:55:22'),(24,'dummy','abcde','유저이름24','유저메일24','1234','2019-02-10 00:55:22'),(25,'dummy','abcde','유저이름25','유저메일25','1234','2019-02-10 00:55:22'),(26,'dummy','abcde','유저이름26','유저메일26','1234','2019-02-10 00:55:22'),(27,'dummy','abcde','유저이름27','유저메일27','1234','2019-02-10 00:55:22'),(28,'dummy','abcde','유저이름28','유저메일28','1234','2019-02-10 00:55:22'),(29,'dummy','abcde','유저이름29','유저메일29','1234','2019-02-10 00:55:22'),(30,'dummy','abcde','유저이름30','유저메일30','1234','2019-02-10 00:55:22'),(31,'dummy','abcde','유저이름31','유저메일31','1234','2019-02-10 00:55:22'),(32,'dummy','abcde','유저이름32','유저메일32','1234','2019-02-10 00:55:22'),(33,'dummy','abcde','유저이름33','유저메일33','1234','2019-02-10 00:55:22'),(34,'dummy','abcde','유저이름34','유저메일34','1234','2019-02-10 00:55:22'),(35,'dummy','abcde','유저이름35','유저메일35','1234','2019-02-10 00:55:22'),(36,'dummy','abcde','유저이름36','유저메일36','1234','2019-02-10 00:55:22'),(37,'dummy','abcde','유저이름37','유저메일37','1234','2019-02-10 00:55:22'),(38,'dummy','abcde','유저이름38','유저메일38','1234','2019-02-10 00:55:22'),(39,'dummy','abcde','유저이름39','유저메일39','1234','2019-02-10 00:55:22'),(40,'dummy','abcde','유저이름40','유저메일40','1234','2019-02-10 00:55:22'),(41,'dummy','abcde','유저이름41','유저메일41','1234','2019-02-10 00:55:22'),(42,'dummy','abcde','유저이름42','유저메일42','1234','2019-02-10 00:55:22'),(43,'dummy','abcde','유저이름43','유저메일43','1234','2019-02-10 00:55:22'),(44,'dummy','abcde','유저이름44','유저메일44','1234','2019-02-10 00:55:22'),(45,'dummy','abcde','유저이름45','유저메일45','1234','2019-02-10 00:55:22'),(46,'dummy','abcde','유저이름46','유저메일46','1234','2019-02-10 00:55:22'),(47,'dummy','abcde','유저이름47','유저메일47','1234','2019-02-10 00:55:22'),(48,'dummy','abcde','유저이름48','유저메일48','1234','2019-02-10 00:55:22'),(49,'dummy','abcde','유저이름49','유저메일49','1234','2019-02-10 00:55:22'),(50,'dummy','abcde','유저이름50','유저메일50','1234','2019-02-10 00:55:22'),(51,'test','no','kimhyojin','hjfrrfjh@hotmail.com',NULL,'2019-02-10 02:16:47'),(55,'google','110745150562962285064','hyojin kim','kimhyojin87@gmail.com',NULL,'2019-02-10 02:42:35');
/*!40000 ALTER TABLE `user` ENABLE KEYS */;
UNLOCK TABLES;

--
-- Temporary table structure for view `view_board_talk_comment`
--

DROP TABLE IF EXISTS `view_board_talk_comment`;
/*!50001 DROP VIEW IF EXISTS `view_board_talk_comment`*/;
SET @saved_cs_client     = @@character_set_client;
SET character_set_client = utf8;
/*!50001 CREATE VIEW `view_board_talk_comment` AS SELECT 
 1 AS `board_id`,
 1 AS `author`,
 1 AS `comment`,
 1 AS `write_time`*/;
SET character_set_client = @saved_cs_client;

--
-- Temporary table structure for view `view_board_talk_content`
--

DROP TABLE IF EXISTS `view_board_talk_content`;
/*!50001 DROP VIEW IF EXISTS `view_board_talk_content`*/;
SET @saved_cs_client     = @@character_set_client;
SET character_set_client = utf8;
/*!50001 CREATE VIEW `view_board_talk_content` AS SELECT 
 1 AS `id`,
 1 AS `subject`,
 1 AS `author`,
 1 AS `recommend`,
 1 AS `hit`,
 1 AS `write_time`,
 1 AS `content`*/;
SET character_set_client = @saved_cs_client;

--
-- Temporary table structure for view `view_board_talk_list`
--

DROP TABLE IF EXISTS `view_board_talk_list`;
/*!50001 DROP VIEW IF EXISTS `view_board_talk_list`*/;
SET @saved_cs_client     = @@character_set_client;
SET character_set_client = utf8;
/*!50001 CREATE VIEW `view_board_talk_list` AS SELECT 
 1 AS `id`,
 1 AS `recommend`,
 1 AS `subject`,
 1 AS `comment_count`,
 1 AS `hit`,
 1 AS `username`,
 1 AS `write_time`*/;
SET character_set_client = @saved_cs_client;

--
-- Temporary table structure for view `view_latest_review`
--

DROP TABLE IF EXISTS `view_latest_review`;
/*!50001 DROP VIEW IF EXISTS `view_latest_review`*/;
SET @saved_cs_client     = @@character_set_client;
SET character_set_client = utf8;
/*!50001 CREATE VIEW `view_latest_review` AS SELECT 
 1 AS `youtuber_id`,
 1 AS `user_id`,
 1 AS `youtuber_name`,
 1 AS `user_name`,
 1 AS `point1`,
 1 AS `point2`,
 1 AS `point3`,
 1 AS `point4`,
 1 AS `point5`,
 1 AS `detail`,
 1 AS `url`*/;
SET character_set_client = @saved_cs_client;

--
-- Temporary table structure for view `view_top_tag`
--

DROP TABLE IF EXISTS `view_top_tag`;
/*!50001 DROP VIEW IF EXISTS `view_top_tag`*/;
SET @saved_cs_client     = @@character_set_client;
SET character_set_client = utf8;
/*!50001 CREATE VIEW `view_top_tag` AS SELECT 
 1 AS `tag`,
 1 AS `youtuber_id`,
 1 AS `tagcount`*/;
SET character_set_client = @saved_cs_client;

--
-- Temporary table structure for view `view_youtuber_list`
--

DROP TABLE IF EXISTS `view_youtuber_list`;
/*!50001 DROP VIEW IF EXISTS `view_youtuber_list`*/;
SET @saved_cs_client     = @@character_set_client;
SET character_set_client = utf8;
/*!50001 CREATE VIEW `view_youtuber_list` AS SELECT 
 1 AS `youtuber_id`,
 1 AS `point1`,
 1 AS `point2`,
 1 AS `point3`,
 1 AS `point4`,
 1 AS `point5`,
 1 AS `tags`,
 1 AS `id`,
 1 AS `name`,
 1 AS `detail`,
 1 AS `url`*/;
SET character_set_client = @saved_cs_client;

--
-- Temporary table structure for view `view_youtuber_list_withtag`
--

DROP TABLE IF EXISTS `view_youtuber_list_withtag`;
/*!50001 DROP VIEW IF EXISTS `view_youtuber_list_withtag`*/;
SET @saved_cs_client     = @@character_set_client;
SET character_set_client = utf8;
/*!50001 CREATE VIEW `view_youtuber_list_withtag` AS SELECT 
 1 AS `id`,
 1 AS `point1`,
 1 AS `point2`,
 1 AS `point3`,
 1 AS `point4`,
 1 AS `point5`,
 1 AS `tags`,
 1 AS `name`,
 1 AS `detail`,
 1 AS `tag`*/;
SET character_set_client = @saved_cs_client;

--
-- Table structure for table `youtuber`
--

DROP TABLE IF EXISTS `youtuber`;
/*!40101 SET @saved_cs_client     = @@character_set_client */;
/*!40101 SET character_set_client = utf8 */;
CREATE TABLE `youtuber` (
  `id` int(11) NOT NULL AUTO_INCREMENT,
  `name` varchar(45) DEFAULT NULL,
  `detail` text,
  `url` varchar(45) DEFAULT NULL,
  PRIMARY KEY (`id`)
) ENGINE=InnoDB AUTO_INCREMENT=51 DEFAULT CHARSET=utf8;
/*!40101 SET character_set_client = @saved_cs_client */;

--
-- Dumping data for table `youtuber`
--

LOCK TABLES `youtuber` WRITE;
/*!40000 ALTER TABLE `youtuber` DISABLE KEYS */;
INSERT INTO `youtuber` VALUES (1,'유투버 이름1','유투버 설명1동해물과 백두산이 마르고 닳도록 하는님이 보우하사 우리날라만세 로렘입숨 입니다. 유투브 설명이 들어가는 곳입니다.','http://www.naver.com'),(2,'유투버 이름2','유투버 설명2동해물과 백두산이 마르고 닳도록 하는님이 보우하사 우리날라만세 로렘입숨 입니다. 유투브 설명이 들어가는 곳입니다.','http://www.naver.com'),(3,'유투버 이름3','유투버 설명3동해물과 백두산이 마르고 닳도록 하는님이 보우하사 우리날라만세 로렘입숨 입니다. 유투브 설명이 들어가는 곳입니다.','http://www.naver.com'),(4,'유투버 이름4','유투버 설명4동해물과 백두산이 마르고 닳도록 하는님이 보우하사 우리날라만세 로렘입숨 입니다. 유투브 설명이 들어가는 곳입니다.','http://www.naver.com'),(5,'유투버 이름5','유투버 설명5동해물과 백두산이 마르고 닳도록 하는님이 보우하사 우리날라만세 로렘입숨 입니다. 유투브 설명이 들어가는 곳입니다.','http://www.naver.com'),(6,'유투버 이름6','유투버 설명6동해물과 백두산이 마르고 닳도록 하는님이 보우하사 우리날라만세 로렘입숨 입니다. 유투브 설명이 들어가는 곳입니다.','http://www.naver.com'),(7,'유투버 이름7','유투버 설명7동해물과 백두산이 마르고 닳도록 하는님이 보우하사 우리날라만세 로렘입숨 입니다. 유투브 설명이 들어가는 곳입니다.','http://www.naver.com'),(8,'유투버 이름8','유투버 설명8동해물과 백두산이 마르고 닳도록 하는님이 보우하사 우리날라만세 로렘입숨 입니다. 유투브 설명이 들어가는 곳입니다.','http://www.naver.com'),(9,'유투버 이름9','유투버 설명9동해물과 백두산이 마르고 닳도록 하는님이 보우하사 우리날라만세 로렘입숨 입니다. 유투브 설명이 들어가는 곳입니다.','http://www.naver.com'),(10,'유투버 이름10','유투버 설명10동해물과 백두산이 마르고 닳도록 하는님이 보우하사 우리날라만세 로렘입숨 입니다. 유투브 설명이 들어가는 곳입니다.','http://www.naver.com'),(11,'유투버 이름11','유투버 설명11동해물과 백두산이 마르고 닳도록 하는님이 보우하사 우리날라만세 로렘입숨 입니다. 유투브 설명이 들어가는 곳입니다.','http://www.naver.com'),(12,'유투버 이름12','유투버 설명12동해물과 백두산이 마르고 닳도록 하는님이 보우하사 우리날라만세 로렘입숨 입니다. 유투브 설명이 들어가는 곳입니다.','http://www.naver.com'),(13,'유투버 이름13','유투버 설명13동해물과 백두산이 마르고 닳도록 하는님이 보우하사 우리날라만세 로렘입숨 입니다. 유투브 설명이 들어가는 곳입니다.','http://www.naver.com'),(14,'유투버 이름14','유투버 설명14동해물과 백두산이 마르고 닳도록 하는님이 보우하사 우리날라만세 로렘입숨 입니다. 유투브 설명이 들어가는 곳입니다.','http://www.naver.com'),(15,'유투버 이름15','유투버 설명15동해물과 백두산이 마르고 닳도록 하는님이 보우하사 우리날라만세 로렘입숨 입니다. 유투브 설명이 들어가는 곳입니다.','http://www.naver.com'),(16,'유투버 이름16','유투버 설명16동해물과 백두산이 마르고 닳도록 하는님이 보우하사 우리날라만세 로렘입숨 입니다. 유투브 설명이 들어가는 곳입니다.','http://www.naver.com'),(17,'유투버 이름17','유투버 설명17동해물과 백두산이 마르고 닳도록 하는님이 보우하사 우리날라만세 로렘입숨 입니다. 유투브 설명이 들어가는 곳입니다.','http://www.naver.com'),(18,'유투버 이름18','유투버 설명18동해물과 백두산이 마르고 닳도록 하는님이 보우하사 우리날라만세 로렘입숨 입니다. 유투브 설명이 들어가는 곳입니다.','http://www.naver.com'),(19,'유투버 이름19','유투버 설명19동해물과 백두산이 마르고 닳도록 하는님이 보우하사 우리날라만세 로렘입숨 입니다. 유투브 설명이 들어가는 곳입니다.','http://www.naver.com'),(20,'유투버 이름20','유투버 설명20동해물과 백두산이 마르고 닳도록 하는님이 보우하사 우리날라만세 로렘입숨 입니다. 유투브 설명이 들어가는 곳입니다.','http://www.naver.com'),(21,'유투버 이름21','유투버 설명21동해물과 백두산이 마르고 닳도록 하는님이 보우하사 우리날라만세 로렘입숨 입니다. 유투브 설명이 들어가는 곳입니다.','http://www.naver.com'),(22,'유투버 이름22','유투버 설명22동해물과 백두산이 마르고 닳도록 하는님이 보우하사 우리날라만세 로렘입숨 입니다. 유투브 설명이 들어가는 곳입니다.','http://www.naver.com'),(23,'유투버 이름23','유투버 설명23동해물과 백두산이 마르고 닳도록 하는님이 보우하사 우리날라만세 로렘입숨 입니다. 유투브 설명이 들어가는 곳입니다.','http://www.naver.com'),(24,'유투버 이름24','유투버 설명24동해물과 백두산이 마르고 닳도록 하는님이 보우하사 우리날라만세 로렘입숨 입니다. 유투브 설명이 들어가는 곳입니다.','http://www.naver.com'),(25,'유투버 이름25','유투버 설명25동해물과 백두산이 마르고 닳도록 하는님이 보우하사 우리날라만세 로렘입숨 입니다. 유투브 설명이 들어가는 곳입니다.','http://www.naver.com'),(26,'유투버 이름26','유투버 설명26동해물과 백두산이 마르고 닳도록 하는님이 보우하사 우리날라만세 로렘입숨 입니다. 유투브 설명이 들어가는 곳입니다.','http://www.naver.com'),(27,'유투버 이름27','유투버 설명27동해물과 백두산이 마르고 닳도록 하는님이 보우하사 우리날라만세 로렘입숨 입니다. 유투브 설명이 들어가는 곳입니다.','http://www.naver.com'),(28,'유투버 이름28','유투버 설명28동해물과 백두산이 마르고 닳도록 하는님이 보우하사 우리날라만세 로렘입숨 입니다. 유투브 설명이 들어가는 곳입니다.','http://www.naver.com'),(29,'유투버 이름29','유투버 설명29동해물과 백두산이 마르고 닳도록 하는님이 보우하사 우리날라만세 로렘입숨 입니다. 유투브 설명이 들어가는 곳입니다.','http://www.naver.com'),(30,'유투버 이름30','유투버 설명30동해물과 백두산이 마르고 닳도록 하는님이 보우하사 우리날라만세 로렘입숨 입니다. 유투브 설명이 들어가는 곳입니다.','http://www.naver.com'),(31,'유투버 이름31','유투버 설명31동해물과 백두산이 마르고 닳도록 하는님이 보우하사 우리날라만세 로렘입숨 입니다. 유투브 설명이 들어가는 곳입니다.','http://www.naver.com'),(32,'유투버 이름32','유투버 설명32동해물과 백두산이 마르고 닳도록 하는님이 보우하사 우리날라만세 로렘입숨 입니다. 유투브 설명이 들어가는 곳입니다.','http://www.naver.com'),(33,'유투버 이름33','유투버 설명33동해물과 백두산이 마르고 닳도록 하는님이 보우하사 우리날라만세 로렘입숨 입니다. 유투브 설명이 들어가는 곳입니다.','http://www.naver.com'),(34,'유투버 이름34','유투버 설명34동해물과 백두산이 마르고 닳도록 하는님이 보우하사 우리날라만세 로렘입숨 입니다. 유투브 설명이 들어가는 곳입니다.','http://www.naver.com'),(35,'유투버 이름35','유투버 설명35동해물과 백두산이 마르고 닳도록 하는님이 보우하사 우리날라만세 로렘입숨 입니다. 유투브 설명이 들어가는 곳입니다.','http://www.naver.com'),(36,'유투버 이름36','유투버 설명36동해물과 백두산이 마르고 닳도록 하는님이 보우하사 우리날라만세 로렘입숨 입니다. 유투브 설명이 들어가는 곳입니다.','http://www.naver.com'),(37,'유투버 이름37','유투버 설명37동해물과 백두산이 마르고 닳도록 하는님이 보우하사 우리날라만세 로렘입숨 입니다. 유투브 설명이 들어가는 곳입니다.','http://www.naver.com'),(38,'유투버 이름38','유투버 설명38동해물과 백두산이 마르고 닳도록 하는님이 보우하사 우리날라만세 로렘입숨 입니다. 유투브 설명이 들어가는 곳입니다.','http://www.naver.com'),(39,'유투버 이름39','유투버 설명39동해물과 백두산이 마르고 닳도록 하는님이 보우하사 우리날라만세 로렘입숨 입니다. 유투브 설명이 들어가는 곳입니다.','http://www.naver.com'),(40,'유투버 이름40','유투버 설명40동해물과 백두산이 마르고 닳도록 하는님이 보우하사 우리날라만세 로렘입숨 입니다. 유투브 설명이 들어가는 곳입니다.','http://www.naver.com'),(41,'유투버 이름41','유투버 설명41동해물과 백두산이 마르고 닳도록 하는님이 보우하사 우리날라만세 로렘입숨 입니다. 유투브 설명이 들어가는 곳입니다.','http://www.naver.com'),(42,'유투버 이름42','유투버 설명42동해물과 백두산이 마르고 닳도록 하는님이 보우하사 우리날라만세 로렘입숨 입니다. 유투브 설명이 들어가는 곳입니다.','http://www.naver.com'),(43,'유투버 이름43','유투버 설명43동해물과 백두산이 마르고 닳도록 하는님이 보우하사 우리날라만세 로렘입숨 입니다. 유투브 설명이 들어가는 곳입니다.','http://www.naver.com'),(44,'유투버 이름44','유투버 설명44동해물과 백두산이 마르고 닳도록 하는님이 보우하사 우리날라만세 로렘입숨 입니다. 유투브 설명이 들어가는 곳입니다.','http://www.naver.com'),(45,'유투버 이름45','유투버 설명45동해물과 백두산이 마르고 닳도록 하는님이 보우하사 우리날라만세 로렘입숨 입니다. 유투브 설명이 들어가는 곳입니다.','http://www.naver.com'),(46,'유투버 이름46','유투버 설명46동해물과 백두산이 마르고 닳도록 하는님이 보우하사 우리날라만세 로렘입숨 입니다. 유투브 설명이 들어가는 곳입니다.','http://www.naver.com'),(47,'유투버 이름47','유투버 설명47동해물과 백두산이 마르고 닳도록 하는님이 보우하사 우리날라만세 로렘입숨 입니다. 유투브 설명이 들어가는 곳입니다.','http://www.naver.com'),(48,'유투버 이름48','유투버 설명48동해물과 백두산이 마르고 닳도록 하는님이 보우하사 우리날라만세 로렘입숨 입니다. 유투브 설명이 들어가는 곳입니다.','http://www.naver.com'),(49,'유투버 이름49','유투버 설명49동해물과 백두산이 마르고 닳도록 하는님이 보우하사 우리날라만세 로렘입숨 입니다. 유투브 설명이 들어가는 곳입니다.','http://www.naver.com'),(50,'유투버 이름50','유투버 설명50동해물과 백두산이 마르고 닳도록 하는님이 보우하사 우리날라만세 로렘입숨 입니다. 유투브 설명이 들어가는 곳입니다.','http://www.naver.com');
/*!40000 ALTER TABLE `youtuber` ENABLE KEYS */;
UNLOCK TABLES;

--
-- Table structure for table `youtuber_info`
--

DROP TABLE IF EXISTS `youtuber_info`;
/*!40101 SET @saved_cs_client     = @@character_set_client */;
/*!40101 SET character_set_client = utf8 */;
CREATE TABLE `youtuber_info` (
  `youtuber_id` int(11) NOT NULL,
  `info` varchar(150) DEFAULT NULL,
  `url` varchar(255) DEFAULT NULL,
  KEY `fk_info_youtuber_idx` (`youtuber_id`),
  CONSTRAINT `fk_info_youtuber` FOREIGN KEY (`youtuber_id`) REFERENCES `youtuber` (`id`) ON DELETE NO ACTION ON UPDATE NO ACTION
) ENGINE=InnoDB DEFAULT CHARSET=utf8;
/*!40101 SET character_set_client = @saved_cs_client */;

--
-- Dumping data for table `youtuber_info`
--

LOCK TABLES `youtuber_info` WRITE;
/*!40000 ALTER TABLE `youtuber_info` DISABLE KEYS */;
INSERT INTO `youtuber_info` VALUES (1,'1정보 입니다~~ 로렘 입숨!!','http://www.anver.com'),(39,'2정보 입니다~~ 로렘 입숨!!','http://www.anver.com'),(41,'3정보 입니다~~ 로렘 입숨!!','http://www.anver.com'),(38,'4정보 입니다~~ 로렘 입숨!!','http://www.anver.com'),(16,'5정보 입니다~~ 로렘 입숨!!','http://www.anver.com'),(17,'6정보 입니다~~ 로렘 입숨!!','http://www.anver.com'),(37,'7정보 입니다~~ 로렘 입숨!!','http://www.anver.com'),(33,'8정보 입니다~~ 로렘 입숨!!','http://www.anver.com'),(2,'9정보 입니다~~ 로렘 입숨!!','http://www.anver.com'),(12,'10정보 입니다~~ 로렘 입숨!!','http://www.anver.com'),(1,'11정보 입니다~~ 로렘 입숨!!','http://www.anver.com'),(21,'12정보 입니다~~ 로렘 입숨!!','http://www.anver.com'),(1,'13정보 입니다~~ 로렘 입숨!!','http://www.anver.com'),(40,'14정보 입니다~~ 로렘 입숨!!','http://www.anver.com'),(45,'15정보 입니다~~ 로렘 입숨!!','http://www.anver.com'),(8,'16정보 입니다~~ 로렘 입숨!!','http://www.anver.com'),(2,'17정보 입니다~~ 로렘 입숨!!','http://www.anver.com'),(35,'18정보 입니다~~ 로렘 입숨!!','http://www.anver.com'),(18,'19정보 입니다~~ 로렘 입숨!!','http://www.anver.com'),(36,'20정보 입니다~~ 로렘 입숨!!','http://www.anver.com'),(25,'21정보 입니다~~ 로렘 입숨!!','http://www.anver.com'),(18,'22정보 입니다~~ 로렘 입숨!!','http://www.anver.com'),(15,'23정보 입니다~~ 로렘 입숨!!','http://www.anver.com'),(18,'24정보 입니다~~ 로렘 입숨!!','http://www.anver.com'),(47,'25정보 입니다~~ 로렘 입숨!!','http://www.anver.com'),(28,'26정보 입니다~~ 로렘 입숨!!','http://www.anver.com'),(48,'27정보 입니다~~ 로렘 입숨!!','http://www.anver.com'),(6,'28정보 입니다~~ 로렘 입숨!!','http://www.anver.com'),(34,'29정보 입니다~~ 로렘 입숨!!','http://www.anver.com'),(2,'30정보 입니다~~ 로렘 입숨!!','http://www.anver.com'),(9,'31정보 입니다~~ 로렘 입숨!!','http://www.anver.com'),(39,'32정보 입니다~~ 로렘 입숨!!','http://www.anver.com'),(15,'33정보 입니다~~ 로렘 입숨!!','http://www.anver.com'),(10,'34정보 입니다~~ 로렘 입숨!!','http://www.anver.com'),(2,'35정보 입니다~~ 로렘 입숨!!','http://www.anver.com'),(30,'36정보 입니다~~ 로렘 입숨!!','http://www.anver.com'),(43,'37정보 입니다~~ 로렘 입숨!!','http://www.anver.com'),(24,'38정보 입니다~~ 로렘 입숨!!','http://www.anver.com'),(40,'39정보 입니다~~ 로렘 입숨!!','http://www.anver.com'),(27,'40정보 입니다~~ 로렘 입숨!!','http://www.anver.com'),(16,'41정보 입니다~~ 로렘 입숨!!','http://www.anver.com'),(48,'42정보 입니다~~ 로렘 입숨!!','http://www.anver.com'),(43,'43정보 입니다~~ 로렘 입숨!!','http://www.anver.com'),(19,'44정보 입니다~~ 로렘 입숨!!','http://www.anver.com'),(18,'45정보 입니다~~ 로렘 입숨!!','http://www.anver.com'),(30,'46정보 입니다~~ 로렘 입숨!!','http://www.anver.com'),(45,'47정보 입니다~~ 로렘 입숨!!','http://www.anver.com'),(35,'48정보 입니다~~ 로렘 입숨!!','http://www.anver.com'),(40,'49정보 입니다~~ 로렘 입숨!!','http://www.anver.com'),(46,'50정보 입니다~~ 로렘 입숨!!','http://www.anver.com'),(7,'51정보 입니다~~ 로렘 입숨!!','http://www.anver.com'),(47,'52정보 입니다~~ 로렘 입숨!!','http://www.anver.com'),(14,'53정보 입니다~~ 로렘 입숨!!','http://www.anver.com'),(30,'54정보 입니다~~ 로렘 입숨!!','http://www.anver.com'),(6,'55정보 입니다~~ 로렘 입숨!!','http://www.anver.com'),(42,'56정보 입니다~~ 로렘 입숨!!','http://www.anver.com'),(39,'57정보 입니다~~ 로렘 입숨!!','http://www.anver.com'),(18,'58정보 입니다~~ 로렘 입숨!!','http://www.anver.com'),(24,'59정보 입니다~~ 로렘 입숨!!','http://www.anver.com'),(15,'60정보 입니다~~ 로렘 입숨!!','http://www.anver.com'),(2,'61정보 입니다~~ 로렘 입숨!!','http://www.anver.com'),(16,'62정보 입니다~~ 로렘 입숨!!','http://www.anver.com'),(21,'63정보 입니다~~ 로렘 입숨!!','http://www.anver.com'),(6,'64정보 입니다~~ 로렘 입숨!!','http://www.anver.com'),(19,'65정보 입니다~~ 로렘 입숨!!','http://www.anver.com'),(24,'66정보 입니다~~ 로렘 입숨!!','http://www.anver.com'),(15,'67정보 입니다~~ 로렘 입숨!!','http://www.anver.com'),(50,'68정보 입니다~~ 로렘 입숨!!','http://www.anver.com'),(4,'69정보 입니다~~ 로렘 입숨!!','http://www.anver.com'),(20,'70정보 입니다~~ 로렘 입숨!!','http://www.anver.com'),(40,'71정보 입니다~~ 로렘 입숨!!','http://www.anver.com'),(37,'72정보 입니다~~ 로렘 입숨!!','http://www.anver.com'),(16,'73정보 입니다~~ 로렘 입숨!!','http://www.anver.com'),(17,'74정보 입니다~~ 로렘 입숨!!','http://www.anver.com'),(38,'75정보 입니다~~ 로렘 입숨!!','http://www.anver.com'),(37,'76정보 입니다~~ 로렘 입숨!!','http://www.anver.com'),(22,'77정보 입니다~~ 로렘 입숨!!','http://www.anver.com'),(46,'78정보 입니다~~ 로렘 입숨!!','http://www.anver.com'),(15,'79정보 입니다~~ 로렘 입숨!!','http://www.anver.com'),(36,'80정보 입니다~~ 로렘 입숨!!','http://www.anver.com'),(37,'81정보 입니다~~ 로렘 입숨!!','http://www.anver.com'),(24,'82정보 입니다~~ 로렘 입숨!!','http://www.anver.com'),(9,'83정보 입니다~~ 로렘 입숨!!','http://www.anver.com'),(22,'84정보 입니다~~ 로렘 입숨!!','http://www.anver.com'),(34,'85정보 입니다~~ 로렘 입숨!!','http://www.anver.com'),(1,'86정보 입니다~~ 로렘 입숨!!','http://www.anver.com'),(6,'87정보 입니다~~ 로렘 입숨!!','http://www.anver.com'),(24,'88정보 입니다~~ 로렘 입숨!!','http://www.anver.com'),(1,'89정보 입니다~~ 로렘 입숨!!','http://www.anver.com'),(34,'90정보 입니다~~ 로렘 입숨!!','http://www.anver.com'),(18,'91정보 입니다~~ 로렘 입숨!!','http://www.anver.com'),(36,'92정보 입니다~~ 로렘 입숨!!','http://www.anver.com'),(26,'93정보 입니다~~ 로렘 입숨!!','http://www.anver.com'),(22,'94정보 입니다~~ 로렘 입숨!!','http://www.anver.com'),(31,'95정보 입니다~~ 로렘 입숨!!','http://www.anver.com'),(38,'96정보 입니다~~ 로렘 입숨!!','http://www.anver.com'),(48,'97정보 입니다~~ 로렘 입숨!!','http://www.anver.com'),(26,'98정보 입니다~~ 로렘 입숨!!','http://www.anver.com'),(34,'99정보 입니다~~ 로렘 입숨!!','http://www.anver.com'),(42,'100정보 입니다~~ 로렘 입숨!!','http://www.anver.com'),(10,'101정보 입니다~~ 로렘 입숨!!','http://www.anver.com'),(20,'102정보 입니다~~ 로렘 입숨!!','http://www.anver.com'),(20,'103정보 입니다~~ 로렘 입숨!!','http://www.anver.com'),(40,'104정보 입니다~~ 로렘 입숨!!','http://www.anver.com'),(38,'105정보 입니다~~ 로렘 입숨!!','http://www.anver.com'),(22,'106정보 입니다~~ 로렘 입숨!!','http://www.anver.com'),(42,'107정보 입니다~~ 로렘 입숨!!','http://www.anver.com'),(47,'108정보 입니다~~ 로렘 입숨!!','http://www.anver.com'),(7,'109정보 입니다~~ 로렘 입숨!!','http://www.anver.com'),(46,'110정보 입니다~~ 로렘 입숨!!','http://www.anver.com'),(5,'111정보 입니다~~ 로렘 입숨!!','http://www.anver.com'),(38,'112정보 입니다~~ 로렘 입숨!!','http://www.anver.com'),(25,'113정보 입니다~~ 로렘 입숨!!','http://www.anver.com'),(10,'114정보 입니다~~ 로렘 입숨!!','http://www.anver.com'),(25,'115정보 입니다~~ 로렘 입숨!!','http://www.anver.com'),(45,'116정보 입니다~~ 로렘 입숨!!','http://www.anver.com'),(49,'117정보 입니다~~ 로렘 입숨!!','http://www.anver.com'),(9,'118정보 입니다~~ 로렘 입숨!!','http://www.anver.com'),(50,'119정보 입니다~~ 로렘 입숨!!','http://www.anver.com'),(20,'120정보 입니다~~ 로렘 입숨!!','http://www.anver.com'),(48,'121정보 입니다~~ 로렘 입숨!!','http://www.anver.com'),(33,'122정보 입니다~~ 로렘 입숨!!','http://www.anver.com'),(18,'123정보 입니다~~ 로렘 입숨!!','http://www.anver.com'),(40,'124정보 입니다~~ 로렘 입숨!!','http://www.anver.com'),(48,'125정보 입니다~~ 로렘 입숨!!','http://www.anver.com'),(18,'126정보 입니다~~ 로렘 입숨!!','http://www.anver.com'),(45,'127정보 입니다~~ 로렘 입숨!!','http://www.anver.com'),(19,'128정보 입니다~~ 로렘 입숨!!','http://www.anver.com'),(13,'129정보 입니다~~ 로렘 입숨!!','http://www.anver.com'),(6,'130정보 입니다~~ 로렘 입숨!!','http://www.anver.com'),(41,'131정보 입니다~~ 로렘 입숨!!','http://www.anver.com'),(35,'132정보 입니다~~ 로렘 입숨!!','http://www.anver.com'),(3,'133정보 입니다~~ 로렘 입숨!!','http://www.anver.com'),(8,'134정보 입니다~~ 로렘 입숨!!','http://www.anver.com'),(33,'135정보 입니다~~ 로렘 입숨!!','http://www.anver.com'),(37,'136정보 입니다~~ 로렘 입숨!!','http://www.anver.com'),(39,'137정보 입니다~~ 로렘 입숨!!','http://www.anver.com'),(31,'138정보 입니다~~ 로렘 입숨!!','http://www.anver.com'),(39,'139정보 입니다~~ 로렘 입숨!!','http://www.anver.com'),(49,'140정보 입니다~~ 로렘 입숨!!','http://www.anver.com'),(30,'141정보 입니다~~ 로렘 입숨!!','http://www.anver.com'),(1,'142정보 입니다~~ 로렘 입숨!!','http://www.anver.com'),(14,'143정보 입니다~~ 로렘 입숨!!','http://www.anver.com'),(18,'144정보 입니다~~ 로렘 입숨!!','http://www.anver.com'),(49,'145정보 입니다~~ 로렘 입숨!!','http://www.anver.com'),(38,'146정보 입니다~~ 로렘 입숨!!','http://www.anver.com'),(41,'147정보 입니다~~ 로렘 입숨!!','http://www.anver.com'),(44,'148정보 입니다~~ 로렘 입숨!!','http://www.anver.com'),(45,'149정보 입니다~~ 로렘 입숨!!','http://www.anver.com'),(44,'150정보 입니다~~ 로렘 입숨!!','http://www.anver.com'),(31,'151정보 입니다~~ 로렘 입숨!!','http://www.anver.com'),(26,'152정보 입니다~~ 로렘 입숨!!','http://www.anver.com'),(37,'153정보 입니다~~ 로렘 입숨!!','http://www.anver.com'),(4,'154정보 입니다~~ 로렘 입숨!!','http://www.anver.com'),(11,'155정보 입니다~~ 로렘 입숨!!','http://www.anver.com'),(43,'156정보 입니다~~ 로렘 입숨!!','http://www.anver.com'),(32,'157정보 입니다~~ 로렘 입숨!!','http://www.anver.com'),(29,'158정보 입니다~~ 로렘 입숨!!','http://www.anver.com'),(47,'159정보 입니다~~ 로렘 입숨!!','http://www.anver.com'),(50,'160정보 입니다~~ 로렘 입숨!!','http://www.anver.com'),(8,'161정보 입니다~~ 로렘 입숨!!','http://www.anver.com'),(40,'162정보 입니다~~ 로렘 입숨!!','http://www.anver.com'),(25,'163정보 입니다~~ 로렘 입숨!!','http://www.anver.com'),(3,'164정보 입니다~~ 로렘 입숨!!','http://www.anver.com'),(39,'165정보 입니다~~ 로렘 입숨!!','http://www.anver.com'),(38,'166정보 입니다~~ 로렘 입숨!!','http://www.anver.com'),(22,'167정보 입니다~~ 로렘 입숨!!','http://www.anver.com'),(44,'168정보 입니다~~ 로렘 입숨!!','http://www.anver.com'),(5,'169정보 입니다~~ 로렘 입숨!!','http://www.anver.com'),(42,'170정보 입니다~~ 로렘 입숨!!','http://www.anver.com'),(46,'171정보 입니다~~ 로렘 입숨!!','http://www.anver.com'),(2,'172정보 입니다~~ 로렘 입숨!!','http://www.anver.com'),(22,'173정보 입니다~~ 로렘 입숨!!','http://www.anver.com'),(3,'174정보 입니다~~ 로렘 입숨!!','http://www.anver.com'),(47,'175정보 입니다~~ 로렘 입숨!!','http://www.anver.com'),(28,'176정보 입니다~~ 로렘 입숨!!','http://www.anver.com'),(49,'177정보 입니다~~ 로렘 입숨!!','http://www.anver.com'),(10,'178정보 입니다~~ 로렘 입숨!!','http://www.anver.com'),(4,'179정보 입니다~~ 로렘 입숨!!','http://www.anver.com'),(37,'180정보 입니다~~ 로렘 입숨!!','http://www.anver.com'),(21,'181정보 입니다~~ 로렘 입숨!!','http://www.anver.com'),(47,'182정보 입니다~~ 로렘 입숨!!','http://www.anver.com'),(21,'183정보 입니다~~ 로렘 입숨!!','http://www.anver.com'),(14,'184정보 입니다~~ 로렘 입숨!!','http://www.anver.com'),(7,'185정보 입니다~~ 로렘 입숨!!','http://www.anver.com'),(43,'186정보 입니다~~ 로렘 입숨!!','http://www.anver.com'),(42,'187정보 입니다~~ 로렘 입숨!!','http://www.anver.com'),(32,'188정보 입니다~~ 로렘 입숨!!','http://www.anver.com'),(31,'189정보 입니다~~ 로렘 입숨!!','http://www.anver.com'),(9,'190정보 입니다~~ 로렘 입숨!!','http://www.anver.com'),(1,'191정보 입니다~~ 로렘 입숨!!','http://www.anver.com'),(29,'192정보 입니다~~ 로렘 입숨!!','http://www.anver.com'),(41,'193정보 입니다~~ 로렘 입숨!!','http://www.anver.com'),(18,'194정보 입니다~~ 로렘 입숨!!','http://www.anver.com'),(15,'195정보 입니다~~ 로렘 입숨!!','http://www.anver.com'),(21,'196정보 입니다~~ 로렘 입숨!!','http://www.anver.com'),(8,'197정보 입니다~~ 로렘 입숨!!','http://www.anver.com'),(29,'198정보 입니다~~ 로렘 입숨!!','http://www.anver.com'),(19,'199정보 입니다~~ 로렘 입숨!!','http://www.anver.com'),(10,'200정보 입니다~~ 로렘 입숨!!','http://www.anver.com');
/*!40000 ALTER TABLE `youtuber_info` ENABLE KEYS */;
UNLOCK TABLES;

--
-- Table structure for table `youtuber_review`
--

DROP TABLE IF EXISTS `youtuber_review`;
/*!40101 SET @saved_cs_client     = @@character_set_client */;
/*!40101 SET character_set_client = utf8 */;
CREATE TABLE `youtuber_review` (
  `youtuber_id` int(11) NOT NULL,
  `user_id` int(11) NOT NULL,
  `point1` int(11) DEFAULT NULL,
  `point2` int(11) DEFAULT NULL,
  `point3` int(11) DEFAULT NULL,
  `point4` int(11) DEFAULT NULL,
  `point5` int(11) DEFAULT NULL,
  `detail` varchar(200) DEFAULT NULL,
  `review_time` timestamp NULL DEFAULT NULL,
  KEY `fk_youtuber_review_youtuber1_idx` (`youtuber_id`),
  KEY `fk_youtuber_review_user1_idx` (`user_id`),
  CONSTRAINT `fk_youtuber_review_user1` FOREIGN KEY (`user_id`) REFERENCES `user` (`id`) ON DELETE NO ACTION ON UPDATE NO ACTION,
  CONSTRAINT `fk_youtuber_review_youtuber1` FOREIGN KEY (`youtuber_id`) REFERENCES `youtuber` (`id`) ON DELETE NO ACTION ON UPDATE NO ACTION
) ENGINE=InnoDB DEFAULT CHARSET=utf8;
/*!40101 SET character_set_client = @saved_cs_client */;

--
-- Dumping data for table `youtuber_review`
--

LOCK TABLES `youtuber_review` WRITE;
/*!40000 ALTER TABLE `youtuber_review` DISABLE KEYS */;
INSERT INTO `youtuber_review` VALUES (9,5,50,87,82,100,53,'1꽃이 보이는 그들을 가는 꽃 방황하여도, 뿐이다. 트고, 반짝이는 위하여, 봄바람이다. 석가는 이는 별과 인류의 군영과 얼음에 약동하다.','2019-02-10 00:55:22'),(19,33,55,81,87,90,91,'2꽃이 보이는 그들을 가는 꽃 방황하여도, 뿐이다. 트고, 반짝이는 위하여, 봄바람이다. 석가는 이는 별과 인류의 군영과 얼음에 약동하다.','2019-02-10 00:55:22'),(34,46,75,92,81,81,62,'3꽃이 보이는 그들을 가는 꽃 방황하여도, 뿐이다. 트고, 반짝이는 위하여, 봄바람이다. 석가는 이는 별과 인류의 군영과 얼음에 약동하다.','2019-02-10 00:55:22'),(17,48,86,87,79,82,73,'4꽃이 보이는 그들을 가는 꽃 방황하여도, 뿐이다. 트고, 반짝이는 위하여, 봄바람이다. 석가는 이는 별과 인류의 군영과 얼음에 약동하다.','2019-02-10 00:55:22'),(22,36,64,65,81,60,58,'5꽃이 보이는 그들을 가는 꽃 방황하여도, 뿐이다. 트고, 반짝이는 위하여, 봄바람이다. 석가는 이는 별과 인류의 군영과 얼음에 약동하다.','2019-02-10 00:55:22'),(10,25,94,96,98,51,63,'6꽃이 보이는 그들을 가는 꽃 방황하여도, 뿐이다. 트고, 반짝이는 위하여, 봄바람이다. 석가는 이는 별과 인류의 군영과 얼음에 약동하다.','2019-02-10 00:55:22'),(14,26,87,59,85,98,83,'7꽃이 보이는 그들을 가는 꽃 방황하여도, 뿐이다. 트고, 반짝이는 위하여, 봄바람이다. 석가는 이는 별과 인류의 군영과 얼음에 약동하다.','2019-02-10 00:55:22'),(21,6,66,63,68,52,58,'8꽃이 보이는 그들을 가는 꽃 방황하여도, 뿐이다. 트고, 반짝이는 위하여, 봄바람이다. 석가는 이는 별과 인류의 군영과 얼음에 약동하다.','2019-02-10 00:55:22'),(32,35,77,83,83,67,85,'9꽃이 보이는 그들을 가는 꽃 방황하여도, 뿐이다. 트고, 반짝이는 위하여, 봄바람이다. 석가는 이는 별과 인류의 군영과 얼음에 약동하다.','2019-02-10 00:55:22'),(25,18,62,61,71,68,79,'10꽃이 보이는 그들을 가는 꽃 방황하여도, 뿐이다. 트고, 반짝이는 위하여, 봄바람이다. 석가는 이는 별과 인류의 군영과 얼음에 약동하다.','2019-02-10 00:55:22'),(41,14,98,98,93,73,89,'11꽃이 보이는 그들을 가는 꽃 방황하여도, 뿐이다. 트고, 반짝이는 위하여, 봄바람이다. 석가는 이는 별과 인류의 군영과 얼음에 약동하다.','2019-02-10 00:55:22'),(23,48,68,100,95,74,84,'12꽃이 보이는 그들을 가는 꽃 방황하여도, 뿐이다. 트고, 반짝이는 위하여, 봄바람이다. 석가는 이는 별과 인류의 군영과 얼음에 약동하다.','2019-02-10 00:55:22'),(50,47,85,84,63,63,79,'13꽃이 보이는 그들을 가는 꽃 방황하여도, 뿐이다. 트고, 반짝이는 위하여, 봄바람이다. 석가는 이는 별과 인류의 군영과 얼음에 약동하다.','2019-02-10 00:55:22'),(5,36,65,71,56,71,87,'14꽃이 보이는 그들을 가는 꽃 방황하여도, 뿐이다. 트고, 반짝이는 위하여, 봄바람이다. 석가는 이는 별과 인류의 군영과 얼음에 약동하다.','2019-02-10 00:55:22'),(21,42,96,51,73,62,89,'15꽃이 보이는 그들을 가는 꽃 방황하여도, 뿐이다. 트고, 반짝이는 위하여, 봄바람이다. 석가는 이는 별과 인류의 군영과 얼음에 약동하다.','2019-02-10 00:55:22'),(9,25,99,71,56,71,86,'16꽃이 보이는 그들을 가는 꽃 방황하여도, 뿐이다. 트고, 반짝이는 위하여, 봄바람이다. 석가는 이는 별과 인류의 군영과 얼음에 약동하다.','2019-02-10 00:55:22'),(16,19,96,75,87,59,88,'17꽃이 보이는 그들을 가는 꽃 방황하여도, 뿐이다. 트고, 반짝이는 위하여, 봄바람이다. 석가는 이는 별과 인류의 군영과 얼음에 약동하다.','2019-02-10 00:55:22'),(10,35,96,75,88,64,58,'18꽃이 보이는 그들을 가는 꽃 방황하여도, 뿐이다. 트고, 반짝이는 위하여, 봄바람이다. 석가는 이는 별과 인류의 군영과 얼음에 약동하다.','2019-02-10 00:55:22'),(49,17,87,83,55,78,74,'19꽃이 보이는 그들을 가는 꽃 방황하여도, 뿐이다. 트고, 반짝이는 위하여, 봄바람이다. 석가는 이는 별과 인류의 군영과 얼음에 약동하다.','2019-02-10 00:55:22'),(38,16,62,67,97,83,73,'20꽃이 보이는 그들을 가는 꽃 방황하여도, 뿐이다. 트고, 반짝이는 위하여, 봄바람이다. 석가는 이는 별과 인류의 군영과 얼음에 약동하다.','2019-02-10 00:55:22'),(17,15,71,62,99,57,89,'21꽃이 보이는 그들을 가는 꽃 방황하여도, 뿐이다. 트고, 반짝이는 위하여, 봄바람이다. 석가는 이는 별과 인류의 군영과 얼음에 약동하다.','2019-02-10 00:55:22'),(23,48,71,59,86,50,95,'22꽃이 보이는 그들을 가는 꽃 방황하여도, 뿐이다. 트고, 반짝이는 위하여, 봄바람이다. 석가는 이는 별과 인류의 군영과 얼음에 약동하다.','2019-02-10 00:55:22'),(22,26,60,78,57,52,92,'23꽃이 보이는 그들을 가는 꽃 방황하여도, 뿐이다. 트고, 반짝이는 위하여, 봄바람이다. 석가는 이는 별과 인류의 군영과 얼음에 약동하다.','2019-02-10 00:55:22'),(2,34,62,60,64,89,52,'24꽃이 보이는 그들을 가는 꽃 방황하여도, 뿐이다. 트고, 반짝이는 위하여, 봄바람이다. 석가는 이는 별과 인류의 군영과 얼음에 약동하다.','2019-02-10 00:55:22'),(47,24,78,69,64,62,69,'25꽃이 보이는 그들을 가는 꽃 방황하여도, 뿐이다. 트고, 반짝이는 위하여, 봄바람이다. 석가는 이는 별과 인류의 군영과 얼음에 약동하다.','2019-02-10 00:55:22'),(10,39,64,55,83,99,95,'26꽃이 보이는 그들을 가는 꽃 방황하여도, 뿐이다. 트고, 반짝이는 위하여, 봄바람이다. 석가는 이는 별과 인류의 군영과 얼음에 약동하다.','2019-02-10 00:55:22'),(29,6,96,58,56,56,62,'27꽃이 보이는 그들을 가는 꽃 방황하여도, 뿐이다. 트고, 반짝이는 위하여, 봄바람이다. 석가는 이는 별과 인류의 군영과 얼음에 약동하다.','2019-02-10 00:55:22'),(43,27,55,96,63,78,100,'28꽃이 보이는 그들을 가는 꽃 방황하여도, 뿐이다. 트고, 반짝이는 위하여, 봄바람이다. 석가는 이는 별과 인류의 군영과 얼음에 약동하다.','2019-02-10 00:55:22'),(16,30,51,69,89,87,67,'29꽃이 보이는 그들을 가는 꽃 방황하여도, 뿐이다. 트고, 반짝이는 위하여, 봄바람이다. 석가는 이는 별과 인류의 군영과 얼음에 약동하다.','2019-02-10 00:55:22'),(27,31,71,67,72,57,73,'30꽃이 보이는 그들을 가는 꽃 방황하여도, 뿐이다. 트고, 반짝이는 위하여, 봄바람이다. 석가는 이는 별과 인류의 군영과 얼음에 약동하다.','2019-02-10 00:55:22'),(43,42,82,84,75,73,90,'31꽃이 보이는 그들을 가는 꽃 방황하여도, 뿐이다. 트고, 반짝이는 위하여, 봄바람이다. 석가는 이는 별과 인류의 군영과 얼음에 약동하다.','2019-02-10 00:55:22'),(30,29,54,88,74,58,69,'32꽃이 보이는 그들을 가는 꽃 방황하여도, 뿐이다. 트고, 반짝이는 위하여, 봄바람이다. 석가는 이는 별과 인류의 군영과 얼음에 약동하다.','2019-02-10 00:55:22'),(21,46,66,92,63,90,59,'33꽃이 보이는 그들을 가는 꽃 방황하여도, 뿐이다. 트고, 반짝이는 위하여, 봄바람이다. 석가는 이는 별과 인류의 군영과 얼음에 약동하다.','2019-02-10 00:55:22'),(26,3,84,64,67,94,68,'34꽃이 보이는 그들을 가는 꽃 방황하여도, 뿐이다. 트고, 반짝이는 위하여, 봄바람이다. 석가는 이는 별과 인류의 군영과 얼음에 약동하다.','2019-02-10 00:55:22'),(11,49,61,59,63,90,57,'35꽃이 보이는 그들을 가는 꽃 방황하여도, 뿐이다. 트고, 반짝이는 위하여, 봄바람이다. 석가는 이는 별과 인류의 군영과 얼음에 약동하다.','2019-02-10 00:55:22'),(17,12,57,52,89,89,78,'36꽃이 보이는 그들을 가는 꽃 방황하여도, 뿐이다. 트고, 반짝이는 위하여, 봄바람이다. 석가는 이는 별과 인류의 군영과 얼음에 약동하다.','2019-02-10 00:55:22'),(22,25,56,58,71,84,53,'37꽃이 보이는 그들을 가는 꽃 방황하여도, 뿐이다. 트고, 반짝이는 위하여, 봄바람이다. 석가는 이는 별과 인류의 군영과 얼음에 약동하다.','2019-02-10 00:55:22'),(19,29,91,65,56,87,64,'38꽃이 보이는 그들을 가는 꽃 방황하여도, 뿐이다. 트고, 반짝이는 위하여, 봄바람이다. 석가는 이는 별과 인류의 군영과 얼음에 약동하다.','2019-02-10 00:55:22'),(13,17,96,78,53,82,99,'39꽃이 보이는 그들을 가는 꽃 방황하여도, 뿐이다. 트고, 반짝이는 위하여, 봄바람이다. 석가는 이는 별과 인류의 군영과 얼음에 약동하다.','2019-02-10 00:55:22'),(47,37,96,68,53,62,50,'40꽃이 보이는 그들을 가는 꽃 방황하여도, 뿐이다. 트고, 반짝이는 위하여, 봄바람이다. 석가는 이는 별과 인류의 군영과 얼음에 약동하다.','2019-02-10 00:55:22'),(17,31,55,84,52,62,51,'41꽃이 보이는 그들을 가는 꽃 방황하여도, 뿐이다. 트고, 반짝이는 위하여, 봄바람이다. 석가는 이는 별과 인류의 군영과 얼음에 약동하다.','2019-02-10 00:55:22'),(23,7,66,63,66,90,53,'42꽃이 보이는 그들을 가는 꽃 방황하여도, 뿐이다. 트고, 반짝이는 위하여, 봄바람이다. 석가는 이는 별과 인류의 군영과 얼음에 약동하다.','2019-02-10 00:55:22'),(45,16,93,68,63,60,61,'43꽃이 보이는 그들을 가는 꽃 방황하여도, 뿐이다. 트고, 반짝이는 위하여, 봄바람이다. 석가는 이는 별과 인류의 군영과 얼음에 약동하다.','2019-02-10 00:55:22'),(28,2,78,83,82,59,51,'44꽃이 보이는 그들을 가는 꽃 방황하여도, 뿐이다. 트고, 반짝이는 위하여, 봄바람이다. 석가는 이는 별과 인류의 군영과 얼음에 약동하다.','2019-02-10 00:55:22'),(32,3,65,71,57,76,56,'45꽃이 보이는 그들을 가는 꽃 방황하여도, 뿐이다. 트고, 반짝이는 위하여, 봄바람이다. 석가는 이는 별과 인류의 군영과 얼음에 약동하다.','2019-02-10 00:55:22'),(36,42,50,78,89,61,88,'47꽃이 보이는 그들을 가는 꽃 방황하여도, 뿐이다. 트고, 반짝이는 위하여, 봄바람이다. 석가는 이는 별과 인류의 군영과 얼음에 약동하다.','2019-02-10 00:55:22'),(6,15,56,88,70,86,71,'48꽃이 보이는 그들을 가는 꽃 방황하여도, 뿐이다. 트고, 반짝이는 위하여, 봄바람이다. 석가는 이는 별과 인류의 군영과 얼음에 약동하다.','2019-02-10 00:55:22'),(47,20,57,78,70,65,67,'49꽃이 보이는 그들을 가는 꽃 방황하여도, 뿐이다. 트고, 반짝이는 위하여, 봄바람이다. 석가는 이는 별과 인류의 군영과 얼음에 약동하다.','2019-02-10 00:55:22'),(38,37,73,52,93,58,63,'50꽃이 보이는 그들을 가는 꽃 방황하여도, 뿐이다. 트고, 반짝이는 위하여, 봄바람이다. 석가는 이는 별과 인류의 군영과 얼음에 약동하다.','2019-02-10 00:55:22'),(41,14,95,82,76,85,97,'51꽃이 보이는 그들을 가는 꽃 방황하여도, 뿐이다. 트고, 반짝이는 위하여, 봄바람이다. 석가는 이는 별과 인류의 군영과 얼음에 약동하다.','2019-02-10 00:55:22'),(28,47,100,57,90,75,58,'52꽃이 보이는 그들을 가는 꽃 방황하여도, 뿐이다. 트고, 반짝이는 위하여, 봄바람이다. 석가는 이는 별과 인류의 군영과 얼음에 약동하다.','2019-02-10 00:55:22'),(17,6,81,85,83,59,97,'53꽃이 보이는 그들을 가는 꽃 방황하여도, 뿐이다. 트고, 반짝이는 위하여, 봄바람이다. 석가는 이는 별과 인류의 군영과 얼음에 약동하다.','2019-02-10 00:55:22'),(8,46,57,99,71,59,85,'54꽃이 보이는 그들을 가는 꽃 방황하여도, 뿐이다. 트고, 반짝이는 위하여, 봄바람이다. 석가는 이는 별과 인류의 군영과 얼음에 약동하다.','2019-02-10 00:55:22'),(44,14,90,55,57,70,79,'55꽃이 보이는 그들을 가는 꽃 방황하여도, 뿐이다. 트고, 반짝이는 위하여, 봄바람이다. 석가는 이는 별과 인류의 군영과 얼음에 약동하다.','2019-02-10 00:55:22'),(34,30,99,52,67,79,92,'56꽃이 보이는 그들을 가는 꽃 방황하여도, 뿐이다. 트고, 반짝이는 위하여, 봄바람이다. 석가는 이는 별과 인류의 군영과 얼음에 약동하다.','2019-02-10 00:55:22'),(22,32,94,72,83,96,82,'57꽃이 보이는 그들을 가는 꽃 방황하여도, 뿐이다. 트고, 반짝이는 위하여, 봄바람이다. 석가는 이는 별과 인류의 군영과 얼음에 약동하다.','2019-02-10 00:55:22'),(22,12,93,80,71,65,61,'58꽃이 보이는 그들을 가는 꽃 방황하여도, 뿐이다. 트고, 반짝이는 위하여, 봄바람이다. 석가는 이는 별과 인류의 군영과 얼음에 약동하다.','2019-02-10 00:55:22'),(13,27,96,100,59,100,68,'59꽃이 보이는 그들을 가는 꽃 방황하여도, 뿐이다. 트고, 반짝이는 위하여, 봄바람이다. 석가는 이는 별과 인류의 군영과 얼음에 약동하다.','2019-02-10 00:55:22'),(44,13,82,70,55,67,71,'60꽃이 보이는 그들을 가는 꽃 방황하여도, 뿐이다. 트고, 반짝이는 위하여, 봄바람이다. 석가는 이는 별과 인류의 군영과 얼음에 약동하다.','2019-02-10 00:55:22'),(3,50,89,96,63,79,55,'61꽃이 보이는 그들을 가는 꽃 방황하여도, 뿐이다. 트고, 반짝이는 위하여, 봄바람이다. 석가는 이는 별과 인류의 군영과 얼음에 약동하다.','2019-02-10 00:55:22'),(40,34,96,81,66,87,85,'62꽃이 보이는 그들을 가는 꽃 방황하여도, 뿐이다. 트고, 반짝이는 위하여, 봄바람이다. 석가는 이는 별과 인류의 군영과 얼음에 약동하다.','2019-02-10 00:55:22'),(41,18,65,74,76,55,99,'64꽃이 보이는 그들을 가는 꽃 방황하여도, 뿐이다. 트고, 반짝이는 위하여, 봄바람이다. 석가는 이는 별과 인류의 군영과 얼음에 약동하다.','2019-02-10 00:55:22'),(28,40,69,74,63,94,80,'65꽃이 보이는 그들을 가는 꽃 방황하여도, 뿐이다. 트고, 반짝이는 위하여, 봄바람이다. 석가는 이는 별과 인류의 군영과 얼음에 약동하다.','2019-02-10 00:55:22'),(18,47,82,68,96,73,79,'66꽃이 보이는 그들을 가는 꽃 방황하여도, 뿐이다. 트고, 반짝이는 위하여, 봄바람이다. 석가는 이는 별과 인류의 군영과 얼음에 약동하다.','2019-02-10 00:55:22'),(28,50,65,79,98,51,64,'67꽃이 보이는 그들을 가는 꽃 방황하여도, 뿐이다. 트고, 반짝이는 위하여, 봄바람이다. 석가는 이는 별과 인류의 군영과 얼음에 약동하다.','2019-02-10 00:55:22'),(17,39,93,99,65,82,61,'68꽃이 보이는 그들을 가는 꽃 방황하여도, 뿐이다. 트고, 반짝이는 위하여, 봄바람이다. 석가는 이는 별과 인류의 군영과 얼음에 약동하다.','2019-02-10 00:55:22'),(11,21,71,94,53,88,80,'69꽃이 보이는 그들을 가는 꽃 방황하여도, 뿐이다. 트고, 반짝이는 위하여, 봄바람이다. 석가는 이는 별과 인류의 군영과 얼음에 약동하다.','2019-02-10 00:55:22'),(34,30,97,96,87,97,75,'70꽃이 보이는 그들을 가는 꽃 방황하여도, 뿐이다. 트고, 반짝이는 위하여, 봄바람이다. 석가는 이는 별과 인류의 군영과 얼음에 약동하다.','2019-02-10 00:55:22'),(33,40,50,84,66,80,51,'71꽃이 보이는 그들을 가는 꽃 방황하여도, 뿐이다. 트고, 반짝이는 위하여, 봄바람이다. 석가는 이는 별과 인류의 군영과 얼음에 약동하다.','2019-02-10 00:55:22'),(20,42,98,66,86,80,93,'72꽃이 보이는 그들을 가는 꽃 방황하여도, 뿐이다. 트고, 반짝이는 위하여, 봄바람이다. 석가는 이는 별과 인류의 군영과 얼음에 약동하다.','2019-02-10 00:55:22'),(22,33,97,86,89,88,73,'73꽃이 보이는 그들을 가는 꽃 방황하여도, 뿐이다. 트고, 반짝이는 위하여, 봄바람이다. 석가는 이는 별과 인류의 군영과 얼음에 약동하다.','2019-02-10 00:55:22'),(50,28,92,74,97,59,57,'74꽃이 보이는 그들을 가는 꽃 방황하여도, 뿐이다. 트고, 반짝이는 위하여, 봄바람이다. 석가는 이는 별과 인류의 군영과 얼음에 약동하다.','2019-02-10 00:55:22'),(9,21,77,73,86,58,84,'75꽃이 보이는 그들을 가는 꽃 방황하여도, 뿐이다. 트고, 반짝이는 위하여, 봄바람이다. 석가는 이는 별과 인류의 군영과 얼음에 약동하다.','2019-02-10 00:55:22'),(46,26,92,80,74,81,82,'76꽃이 보이는 그들을 가는 꽃 방황하여도, 뿐이다. 트고, 반짝이는 위하여, 봄바람이다. 석가는 이는 별과 인류의 군영과 얼음에 약동하다.','2019-02-10 00:55:22'),(16,36,79,87,99,81,59,'77꽃이 보이는 그들을 가는 꽃 방황하여도, 뿐이다. 트고, 반짝이는 위하여, 봄바람이다. 석가는 이는 별과 인류의 군영과 얼음에 약동하다.','2019-02-10 00:55:22'),(4,39,84,53,67,73,65,'78꽃이 보이는 그들을 가는 꽃 방황하여도, 뿐이다. 트고, 반짝이는 위하여, 봄바람이다. 석가는 이는 별과 인류의 군영과 얼음에 약동하다.','2019-02-10 00:55:22'),(7,39,70,85,64,66,88,'79꽃이 보이는 그들을 가는 꽃 방황하여도, 뿐이다. 트고, 반짝이는 위하여, 봄바람이다. 석가는 이는 별과 인류의 군영과 얼음에 약동하다.','2019-02-10 00:55:22'),(43,50,67,90,98,68,100,'80꽃이 보이는 그들을 가는 꽃 방황하여도, 뿐이다. 트고, 반짝이는 위하여, 봄바람이다. 석가는 이는 별과 인류의 군영과 얼음에 약동하다.','2019-02-10 00:55:22'),(43,16,99,97,87,96,68,'81꽃이 보이는 그들을 가는 꽃 방황하여도, 뿐이다. 트고, 반짝이는 위하여, 봄바람이다. 석가는 이는 별과 인류의 군영과 얼음에 약동하다.','2019-02-10 00:55:22'),(4,11,94,88,57,74,99,'82꽃이 보이는 그들을 가는 꽃 방황하여도, 뿐이다. 트고, 반짝이는 위하여, 봄바람이다. 석가는 이는 별과 인류의 군영과 얼음에 약동하다.','2019-02-10 00:55:22'),(21,6,68,74,64,51,62,'83꽃이 보이는 그들을 가는 꽃 방황하여도, 뿐이다. 트고, 반짝이는 위하여, 봄바람이다. 석가는 이는 별과 인류의 군영과 얼음에 약동하다.','2019-02-10 00:55:22'),(8,3,90,90,79,77,98,'84꽃이 보이는 그들을 가는 꽃 방황하여도, 뿐이다. 트고, 반짝이는 위하여, 봄바람이다. 석가는 이는 별과 인류의 군영과 얼음에 약동하다.','2019-02-10 00:55:22'),(7,41,83,93,63,90,59,'85꽃이 보이는 그들을 가는 꽃 방황하여도, 뿐이다. 트고, 반짝이는 위하여, 봄바람이다. 석가는 이는 별과 인류의 군영과 얼음에 약동하다.','2019-02-10 00:55:22'),(27,4,89,85,55,74,52,'86꽃이 보이는 그들을 가는 꽃 방황하여도, 뿐이다. 트고, 반짝이는 위하여, 봄바람이다. 석가는 이는 별과 인류의 군영과 얼음에 약동하다.','2019-02-10 00:55:22'),(42,1,77,84,87,83,53,'87꽃이 보이는 그들을 가는 꽃 방황하여도, 뿐이다. 트고, 반짝이는 위하여, 봄바람이다. 석가는 이는 별과 인류의 군영과 얼음에 약동하다.','2019-02-10 00:55:22'),(20,37,72,53,50,91,54,'88꽃이 보이는 그들을 가는 꽃 방황하여도, 뿐이다. 트고, 반짝이는 위하여, 봄바람이다. 석가는 이는 별과 인류의 군영과 얼음에 약동하다.','2019-02-10 00:55:22'),(48,24,78,67,53,63,59,'89꽃이 보이는 그들을 가는 꽃 방황하여도, 뿐이다. 트고, 반짝이는 위하여, 봄바람이다. 석가는 이는 별과 인류의 군영과 얼음에 약동하다.','2019-02-10 00:55:22'),(6,48,73,74,50,79,93,'90꽃이 보이는 그들을 가는 꽃 방황하여도, 뿐이다. 트고, 반짝이는 위하여, 봄바람이다. 석가는 이는 별과 인류의 군영과 얼음에 약동하다.','2019-02-10 00:55:22'),(30,18,100,94,71,72,100,'91꽃이 보이는 그들을 가는 꽃 방황하여도, 뿐이다. 트고, 반짝이는 위하여, 봄바람이다. 석가는 이는 별과 인류의 군영과 얼음에 약동하다.','2019-02-10 00:55:22'),(32,10,52,85,67,82,56,'92꽃이 보이는 그들을 가는 꽃 방황하여도, 뿐이다. 트고, 반짝이는 위하여, 봄바람이다. 석가는 이는 별과 인류의 군영과 얼음에 약동하다.','2019-02-10 00:55:22'),(38,19,81,97,92,67,60,'93꽃이 보이는 그들을 가는 꽃 방황하여도, 뿐이다. 트고, 반짝이는 위하여, 봄바람이다. 석가는 이는 별과 인류의 군영과 얼음에 약동하다.','2019-02-10 00:55:22'),(50,17,87,82,51,58,90,'94꽃이 보이는 그들을 가는 꽃 방황하여도, 뿐이다. 트고, 반짝이는 위하여, 봄바람이다. 석가는 이는 별과 인류의 군영과 얼음에 약동하다.','2019-02-10 00:55:22'),(22,42,90,76,62,82,74,'95꽃이 보이는 그들을 가는 꽃 방황하여도, 뿐이다. 트고, 반짝이는 위하여, 봄바람이다. 석가는 이는 별과 인류의 군영과 얼음에 약동하다.','2019-02-10 00:55:22'),(26,5,94,56,52,92,51,'96꽃이 보이는 그들을 가는 꽃 방황하여도, 뿐이다. 트고, 반짝이는 위하여, 봄바람이다. 석가는 이는 별과 인류의 군영과 얼음에 약동하다.','2019-02-10 00:55:22'),(33,7,85,55,72,95,55,'97꽃이 보이는 그들을 가는 꽃 방황하여도, 뿐이다. 트고, 반짝이는 위하여, 봄바람이다. 석가는 이는 별과 인류의 군영과 얼음에 약동하다.','2019-02-10 00:55:22'),(47,13,75,88,65,60,56,'98꽃이 보이는 그들을 가는 꽃 방황하여도, 뿐이다. 트고, 반짝이는 위하여, 봄바람이다. 석가는 이는 별과 인류의 군영과 얼음에 약동하다.','2019-02-10 00:55:22'),(3,45,62,80,61,67,50,'99꽃이 보이는 그들을 가는 꽃 방황하여도, 뿐이다. 트고, 반짝이는 위하여, 봄바람이다. 석가는 이는 별과 인류의 군영과 얼음에 약동하다.','2019-02-10 00:55:22'),(2,7,77,67,52,61,100,'100꽃이 보이는 그들을 가는 꽃 방황하여도, 뿐이다. 트고, 반짝이는 위하여, 봄바람이다. 석가는 이는 별과 인류의 군영과 얼음에 약동하다.','2019-02-10 00:55:22'),(16,28,90,69,75,68,64,'101꽃이 보이는 그들을 가는 꽃 방황하여도, 뿐이다. 트고, 반짝이는 위하여, 봄바람이다. 석가는 이는 별과 인류의 군영과 얼음에 약동하다.','2019-02-10 00:55:22'),(19,50,93,65,97,89,53,'102꽃이 보이는 그들을 가는 꽃 방황하여도, 뿐이다. 트고, 반짝이는 위하여, 봄바람이다. 석가는 이는 별과 인류의 군영과 얼음에 약동하다.','2019-02-10 00:55:22'),(50,37,86,69,90,90,78,'103꽃이 보이는 그들을 가는 꽃 방황하여도, 뿐이다. 트고, 반짝이는 위하여, 봄바람이다. 석가는 이는 별과 인류의 군영과 얼음에 약동하다.','2019-02-10 00:55:22'),(22,24,53,96,68,55,72,'104꽃이 보이는 그들을 가는 꽃 방황하여도, 뿐이다. 트고, 반짝이는 위하여, 봄바람이다. 석가는 이는 별과 인류의 군영과 얼음에 약동하다.','2019-02-10 00:55:22'),(45,5,90,86,61,98,52,'105꽃이 보이는 그들을 가는 꽃 방황하여도, 뿐이다. 트고, 반짝이는 위하여, 봄바람이다. 석가는 이는 별과 인류의 군영과 얼음에 약동하다.','2019-02-10 00:55:22'),(23,4,99,82,64,78,95,'106꽃이 보이는 그들을 가는 꽃 방황하여도, 뿐이다. 트고, 반짝이는 위하여, 봄바람이다. 석가는 이는 별과 인류의 군영과 얼음에 약동하다.','2019-02-10 00:55:22'),(41,17,61,55,95,58,58,'107꽃이 보이는 그들을 가는 꽃 방황하여도, 뿐이다. 트고, 반짝이는 위하여, 봄바람이다. 석가는 이는 별과 인류의 군영과 얼음에 약동하다.','2019-02-10 00:55:22'),(16,1,59,95,96,96,89,'108꽃이 보이는 그들을 가는 꽃 방황하여도, 뿐이다. 트고, 반짝이는 위하여, 봄바람이다. 석가는 이는 별과 인류의 군영과 얼음에 약동하다.','2019-02-10 00:55:22'),(9,26,53,90,87,64,62,'109꽃이 보이는 그들을 가는 꽃 방황하여도, 뿐이다. 트고, 반짝이는 위하여, 봄바람이다. 석가는 이는 별과 인류의 군영과 얼음에 약동하다.','2019-02-10 00:55:22'),(19,8,80,78,51,71,53,'110꽃이 보이는 그들을 가는 꽃 방황하여도, 뿐이다. 트고, 반짝이는 위하여, 봄바람이다. 석가는 이는 별과 인류의 군영과 얼음에 약동하다.','2019-02-10 00:55:22'),(3,5,62,97,99,51,64,'111꽃이 보이는 그들을 가는 꽃 방황하여도, 뿐이다. 트고, 반짝이는 위하여, 봄바람이다. 석가는 이는 별과 인류의 군영과 얼음에 약동하다.','2019-02-10 00:55:22'),(17,38,88,78,78,53,86,'112꽃이 보이는 그들을 가는 꽃 방황하여도, 뿐이다. 트고, 반짝이는 위하여, 봄바람이다. 석가는 이는 별과 인류의 군영과 얼음에 약동하다.','2019-02-10 00:55:22'),(19,35,67,81,52,72,52,'113꽃이 보이는 그들을 가는 꽃 방황하여도, 뿐이다. 트고, 반짝이는 위하여, 봄바람이다. 석가는 이는 별과 인류의 군영과 얼음에 약동하다.','2019-02-10 00:55:22'),(47,23,76,60,76,97,56,'114꽃이 보이는 그들을 가는 꽃 방황하여도, 뿐이다. 트고, 반짝이는 위하여, 봄바람이다. 석가는 이는 별과 인류의 군영과 얼음에 약동하다.','2019-02-10 00:55:22'),(44,48,55,86,60,97,53,'115꽃이 보이는 그들을 가는 꽃 방황하여도, 뿐이다. 트고, 반짝이는 위하여, 봄바람이다. 석가는 이는 별과 인류의 군영과 얼음에 약동하다.','2019-02-10 00:55:22'),(26,16,54,75,60,78,57,'116꽃이 보이는 그들을 가는 꽃 방황하여도, 뿐이다. 트고, 반짝이는 위하여, 봄바람이다. 석가는 이는 별과 인류의 군영과 얼음에 약동하다.','2019-02-10 00:55:22'),(5,1,90,99,70,56,73,'117꽃이 보이는 그들을 가는 꽃 방황하여도, 뿐이다. 트고, 반짝이는 위하여, 봄바람이다. 석가는 이는 별과 인류의 군영과 얼음에 약동하다.','2019-02-10 00:55:22'),(45,3,78,84,85,72,55,'118꽃이 보이는 그들을 가는 꽃 방황하여도, 뿐이다. 트고, 반짝이는 위하여, 봄바람이다. 석가는 이는 별과 인류의 군영과 얼음에 약동하다.','2019-02-10 00:55:22'),(10,33,82,65,78,94,86,'119꽃이 보이는 그들을 가는 꽃 방황하여도, 뿐이다. 트고, 반짝이는 위하여, 봄바람이다. 석가는 이는 별과 인류의 군영과 얼음에 약동하다.','2019-02-10 00:55:22'),(50,40,98,68,99,87,89,'120꽃이 보이는 그들을 가는 꽃 방황하여도, 뿐이다. 트고, 반짝이는 위하여, 봄바람이다. 석가는 이는 별과 인류의 군영과 얼음에 약동하다.','2019-02-10 00:55:22'),(37,13,55,87,70,90,90,'121꽃이 보이는 그들을 가는 꽃 방황하여도, 뿐이다. 트고, 반짝이는 위하여, 봄바람이다. 석가는 이는 별과 인류의 군영과 얼음에 약동하다.','2019-02-10 00:55:22'),(29,25,87,60,91,73,92,'122꽃이 보이는 그들을 가는 꽃 방황하여도, 뿐이다. 트고, 반짝이는 위하여, 봄바람이다. 석가는 이는 별과 인류의 군영과 얼음에 약동하다.','2019-02-10 00:55:22'),(41,30,74,81,82,66,86,'123꽃이 보이는 그들을 가는 꽃 방황하여도, 뿐이다. 트고, 반짝이는 위하여, 봄바람이다. 석가는 이는 별과 인류의 군영과 얼음에 약동하다.','2019-02-10 00:55:22'),(32,1,57,85,51,53,61,'124꽃이 보이는 그들을 가는 꽃 방황하여도, 뿐이다. 트고, 반짝이는 위하여, 봄바람이다. 석가는 이는 별과 인류의 군영과 얼음에 약동하다.','2019-02-10 00:55:22'),(46,45,84,89,92,94,92,'125꽃이 보이는 그들을 가는 꽃 방황하여도, 뿐이다. 트고, 반짝이는 위하여, 봄바람이다. 석가는 이는 별과 인류의 군영과 얼음에 약동하다.','2019-02-10 00:55:22'),(28,14,84,78,87,53,54,'126꽃이 보이는 그들을 가는 꽃 방황하여도, 뿐이다. 트고, 반짝이는 위하여, 봄바람이다. 석가는 이는 별과 인류의 군영과 얼음에 약동하다.','2019-02-10 00:55:22'),(14,3,74,62,88,52,99,'127꽃이 보이는 그들을 가는 꽃 방황하여도, 뿐이다. 트고, 반짝이는 위하여, 봄바람이다. 석가는 이는 별과 인류의 군영과 얼음에 약동하다.','2019-02-10 00:55:22'),(38,41,92,87,60,88,59,'128꽃이 보이는 그들을 가는 꽃 방황하여도, 뿐이다. 트고, 반짝이는 위하여, 봄바람이다. 석가는 이는 별과 인류의 군영과 얼음에 약동하다.','2019-02-10 00:55:22'),(35,45,67,52,62,55,87,'129꽃이 보이는 그들을 가는 꽃 방황하여도, 뿐이다. 트고, 반짝이는 위하여, 봄바람이다. 석가는 이는 별과 인류의 군영과 얼음에 약동하다.','2019-02-10 00:55:22'),(20,38,81,89,53,99,84,'130꽃이 보이는 그들을 가는 꽃 방황하여도, 뿐이다. 트고, 반짝이는 위하여, 봄바람이다. 석가는 이는 별과 인류의 군영과 얼음에 약동하다.','2019-02-10 00:55:22'),(22,9,78,65,92,64,95,'131꽃이 보이는 그들을 가는 꽃 방황하여도, 뿐이다. 트고, 반짝이는 위하여, 봄바람이다. 석가는 이는 별과 인류의 군영과 얼음에 약동하다.','2019-02-10 00:55:22'),(32,25,77,62,81,68,96,'132꽃이 보이는 그들을 가는 꽃 방황하여도, 뿐이다. 트고, 반짝이는 위하여, 봄바람이다. 석가는 이는 별과 인류의 군영과 얼음에 약동하다.','2019-02-10 00:55:22'),(26,40,69,80,92,69,72,'133꽃이 보이는 그들을 가는 꽃 방황하여도, 뿐이다. 트고, 반짝이는 위하여, 봄바람이다. 석가는 이는 별과 인류의 군영과 얼음에 약동하다.','2019-02-10 00:55:22'),(1,38,85,63,61,65,92,'134꽃이 보이는 그들을 가는 꽃 방황하여도, 뿐이다. 트고, 반짝이는 위하여, 봄바람이다. 석가는 이는 별과 인류의 군영과 얼음에 약동하다.','2019-02-10 00:55:22'),(12,36,91,98,68,95,70,'135꽃이 보이는 그들을 가는 꽃 방황하여도, 뿐이다. 트고, 반짝이는 위하여, 봄바람이다. 석가는 이는 별과 인류의 군영과 얼음에 약동하다.','2019-02-10 00:55:22'),(17,24,66,62,62,75,90,'136꽃이 보이는 그들을 가는 꽃 방황하여도, 뿐이다. 트고, 반짝이는 위하여, 봄바람이다. 석가는 이는 별과 인류의 군영과 얼음에 약동하다.','2019-02-10 00:55:22'),(23,44,50,72,57,71,84,'137꽃이 보이는 그들을 가는 꽃 방황하여도, 뿐이다. 트고, 반짝이는 위하여, 봄바람이다. 석가는 이는 별과 인류의 군영과 얼음에 약동하다.','2019-02-10 00:55:22'),(4,19,82,54,76,65,98,'138꽃이 보이는 그들을 가는 꽃 방황하여도, 뿐이다. 트고, 반짝이는 위하여, 봄바람이다. 석가는 이는 별과 인류의 군영과 얼음에 약동하다.','2019-02-10 00:55:22'),(43,23,82,94,72,78,76,'139꽃이 보이는 그들을 가는 꽃 방황하여도, 뿐이다. 트고, 반짝이는 위하여, 봄바람이다. 석가는 이는 별과 인류의 군영과 얼음에 약동하다.','2019-02-10 00:55:22'),(47,3,75,67,60,51,75,'140꽃이 보이는 그들을 가는 꽃 방황하여도, 뿐이다. 트고, 반짝이는 위하여, 봄바람이다. 석가는 이는 별과 인류의 군영과 얼음에 약동하다.','2019-02-10 00:55:22'),(19,21,98,75,82,86,81,'141꽃이 보이는 그들을 가는 꽃 방황하여도, 뿐이다. 트고, 반짝이는 위하여, 봄바람이다. 석가는 이는 별과 인류의 군영과 얼음에 약동하다.','2019-02-10 00:55:22'),(49,1,56,82,92,59,71,'142꽃이 보이는 그들을 가는 꽃 방황하여도, 뿐이다. 트고, 반짝이는 위하여, 봄바람이다. 석가는 이는 별과 인류의 군영과 얼음에 약동하다.','2019-02-10 00:55:22'),(30,35,82,58,95,97,52,'143꽃이 보이는 그들을 가는 꽃 방황하여도, 뿐이다. 트고, 반짝이는 위하여, 봄바람이다. 석가는 이는 별과 인류의 군영과 얼음에 약동하다.','2019-02-10 00:55:22'),(20,43,54,92,97,56,92,'144꽃이 보이는 그들을 가는 꽃 방황하여도, 뿐이다. 트고, 반짝이는 위하여, 봄바람이다. 석가는 이는 별과 인류의 군영과 얼음에 약동하다.','2019-02-10 00:55:22'),(41,28,67,53,63,58,52,'145꽃이 보이는 그들을 가는 꽃 방황하여도, 뿐이다. 트고, 반짝이는 위하여, 봄바람이다. 석가는 이는 별과 인류의 군영과 얼음에 약동하다.','2019-02-10 00:55:22'),(35,17,81,54,78,78,57,'146꽃이 보이는 그들을 가는 꽃 방황하여도, 뿐이다. 트고, 반짝이는 위하여, 봄바람이다. 석가는 이는 별과 인류의 군영과 얼음에 약동하다.','2019-02-10 00:55:22'),(50,28,89,62,94,81,74,'147꽃이 보이는 그들을 가는 꽃 방황하여도, 뿐이다. 트고, 반짝이는 위하여, 봄바람이다. 석가는 이는 별과 인류의 군영과 얼음에 약동하다.','2019-02-10 00:55:22'),(30,23,77,65,96,81,70,'148꽃이 보이는 그들을 가는 꽃 방황하여도, 뿐이다. 트고, 반짝이는 위하여, 봄바람이다. 석가는 이는 별과 인류의 군영과 얼음에 약동하다.','2019-02-10 00:55:22'),(7,22,88,76,67,59,92,'149꽃이 보이는 그들을 가는 꽃 방황하여도, 뿐이다. 트고, 반짝이는 위하여, 봄바람이다. 석가는 이는 별과 인류의 군영과 얼음에 약동하다.','2019-02-10 00:55:22'),(33,36,79,90,63,97,93,'150꽃이 보이는 그들을 가는 꽃 방황하여도, 뿐이다. 트고, 반짝이는 위하여, 봄바람이다. 석가는 이는 별과 인류의 군영과 얼음에 약동하다.','2019-02-10 00:55:22'),(23,36,60,94,89,64,52,'151꽃이 보이는 그들을 가는 꽃 방황하여도, 뿐이다. 트고, 반짝이는 위하여, 봄바람이다. 석가는 이는 별과 인류의 군영과 얼음에 약동하다.','2019-02-10 00:55:22'),(22,50,84,69,96,68,56,'152꽃이 보이는 그들을 가는 꽃 방황하여도, 뿐이다. 트고, 반짝이는 위하여, 봄바람이다. 석가는 이는 별과 인류의 군영과 얼음에 약동하다.','2019-02-10 00:55:22'),(27,16,96,82,72,63,52,'153꽃이 보이는 그들을 가는 꽃 방황하여도, 뿐이다. 트고, 반짝이는 위하여, 봄바람이다. 석가는 이는 별과 인류의 군영과 얼음에 약동하다.','2019-02-10 00:55:22'),(20,43,55,97,68,51,50,'154꽃이 보이는 그들을 가는 꽃 방황하여도, 뿐이다. 트고, 반짝이는 위하여, 봄바람이다. 석가는 이는 별과 인류의 군영과 얼음에 약동하다.','2019-02-10 00:55:22'),(2,4,62,52,74,64,98,'155꽃이 보이는 그들을 가는 꽃 방황하여도, 뿐이다. 트고, 반짝이는 위하여, 봄바람이다. 석가는 이는 별과 인류의 군영과 얼음에 약동하다.','2019-02-10 00:55:22'),(47,38,50,89,92,91,81,'156꽃이 보이는 그들을 가는 꽃 방황하여도, 뿐이다. 트고, 반짝이는 위하여, 봄바람이다. 석가는 이는 별과 인류의 군영과 얼음에 약동하다.','2019-02-10 00:55:22'),(31,12,67,51,53,65,66,'157꽃이 보이는 그들을 가는 꽃 방황하여도, 뿐이다. 트고, 반짝이는 위하여, 봄바람이다. 석가는 이는 별과 인류의 군영과 얼음에 약동하다.','2019-02-10 00:55:22'),(37,32,99,98,92,64,99,'158꽃이 보이는 그들을 가는 꽃 방황하여도, 뿐이다. 트고, 반짝이는 위하여, 봄바람이다. 석가는 이는 별과 인류의 군영과 얼음에 약동하다.','2019-02-10 00:55:22'),(50,4,66,70,51,97,81,'159꽃이 보이는 그들을 가는 꽃 방황하여도, 뿐이다. 트고, 반짝이는 위하여, 봄바람이다. 석가는 이는 별과 인류의 군영과 얼음에 약동하다.','2019-02-10 00:55:22'),(13,23,72,92,96,52,75,'160꽃이 보이는 그들을 가는 꽃 방황하여도, 뿐이다. 트고, 반짝이는 위하여, 봄바람이다. 석가는 이는 별과 인류의 군영과 얼음에 약동하다.','2019-02-10 00:55:22'),(16,5,75,61,80,69,53,'161꽃이 보이는 그들을 가는 꽃 방황하여도, 뿐이다. 트고, 반짝이는 위하여, 봄바람이다. 석가는 이는 별과 인류의 군영과 얼음에 약동하다.','2019-02-10 00:55:22'),(10,36,52,53,62,50,63,'162꽃이 보이는 그들을 가는 꽃 방황하여도, 뿐이다. 트고, 반짝이는 위하여, 봄바람이다. 석가는 이는 별과 인류의 군영과 얼음에 약동하다.','2019-02-10 00:55:22'),(16,41,52,92,100,75,77,'163꽃이 보이는 그들을 가는 꽃 방황하여도, 뿐이다. 트고, 반짝이는 위하여, 봄바람이다. 석가는 이는 별과 인류의 군영과 얼음에 약동하다.','2019-02-10 00:55:22'),(11,21,70,90,89,74,52,'164꽃이 보이는 그들을 가는 꽃 방황하여도, 뿐이다. 트고, 반짝이는 위하여, 봄바람이다. 석가는 이는 별과 인류의 군영과 얼음에 약동하다.','2019-02-10 00:55:22'),(42,49,69,100,92,60,78,'165꽃이 보이는 그들을 가는 꽃 방황하여도, 뿐이다. 트고, 반짝이는 위하여, 봄바람이다. 석가는 이는 별과 인류의 군영과 얼음에 약동하다.','2019-02-10 00:55:22'),(6,45,58,56,59,74,96,'166꽃이 보이는 그들을 가는 꽃 방황하여도, 뿐이다. 트고, 반짝이는 위하여, 봄바람이다. 석가는 이는 별과 인류의 군영과 얼음에 약동하다.','2019-02-10 00:55:22'),(3,28,78,57,55,52,99,'167꽃이 보이는 그들을 가는 꽃 방황하여도, 뿐이다. 트고, 반짝이는 위하여, 봄바람이다. 석가는 이는 별과 인류의 군영과 얼음에 약동하다.','2019-02-10 00:55:22'),(35,28,83,81,56,88,70,'168꽃이 보이는 그들을 가는 꽃 방황하여도, 뿐이다. 트고, 반짝이는 위하여, 봄바람이다. 석가는 이는 별과 인류의 군영과 얼음에 약동하다.','2019-02-10 00:55:22'),(40,38,68,78,86,97,73,'169꽃이 보이는 그들을 가는 꽃 방황하여도, 뿐이다. 트고, 반짝이는 위하여, 봄바람이다. 석가는 이는 별과 인류의 군영과 얼음에 약동하다.','2019-02-10 00:55:22'),(25,4,97,71,67,74,65,'170꽃이 보이는 그들을 가는 꽃 방황하여도, 뿐이다. 트고, 반짝이는 위하여, 봄바람이다. 석가는 이는 별과 인류의 군영과 얼음에 약동하다.','2019-02-10 00:55:22'),(4,25,62,87,97,72,69,'171꽃이 보이는 그들을 가는 꽃 방황하여도, 뿐이다. 트고, 반짝이는 위하여, 봄바람이다. 석가는 이는 별과 인류의 군영과 얼음에 약동하다.','2019-02-10 00:55:22'),(32,2,60,100,64,74,78,'172꽃이 보이는 그들을 가는 꽃 방황하여도, 뿐이다. 트고, 반짝이는 위하여, 봄바람이다. 석가는 이는 별과 인류의 군영과 얼음에 약동하다.','2019-02-10 00:55:22'),(20,11,95,94,84,87,85,'173꽃이 보이는 그들을 가는 꽃 방황하여도, 뿐이다. 트고, 반짝이는 위하여, 봄바람이다. 석가는 이는 별과 인류의 군영과 얼음에 약동하다.','2019-02-10 00:55:22'),(12,2,75,71,79,84,81,'174꽃이 보이는 그들을 가는 꽃 방황하여도, 뿐이다. 트고, 반짝이는 위하여, 봄바람이다. 석가는 이는 별과 인류의 군영과 얼음에 약동하다.','2019-02-10 00:55:22'),(2,14,66,91,54,100,83,'175꽃이 보이는 그들을 가는 꽃 방황하여도, 뿐이다. 트고, 반짝이는 위하여, 봄바람이다. 석가는 이는 별과 인류의 군영과 얼음에 약동하다.','2019-02-10 00:55:22'),(19,41,100,76,81,79,99,'176꽃이 보이는 그들을 가는 꽃 방황하여도, 뿐이다. 트고, 반짝이는 위하여, 봄바람이다. 석가는 이는 별과 인류의 군영과 얼음에 약동하다.','2019-02-10 00:55:22'),(10,49,66,87,82,51,62,'177꽃이 보이는 그들을 가는 꽃 방황하여도, 뿐이다. 트고, 반짝이는 위하여, 봄바람이다. 석가는 이는 별과 인류의 군영과 얼음에 약동하다.','2019-02-10 00:55:22'),(8,50,76,79,68,54,66,'178꽃이 보이는 그들을 가는 꽃 방황하여도, 뿐이다. 트고, 반짝이는 위하여, 봄바람이다. 석가는 이는 별과 인류의 군영과 얼음에 약동하다.','2019-02-10 00:55:22'),(18,41,50,81,54,77,70,'179꽃이 보이는 그들을 가는 꽃 방황하여도, 뿐이다. 트고, 반짝이는 위하여, 봄바람이다. 석가는 이는 별과 인류의 군영과 얼음에 약동하다.','2019-02-10 00:55:22'),(23,1,85,71,53,53,57,'180꽃이 보이는 그들을 가는 꽃 방황하여도, 뿐이다. 트고, 반짝이는 위하여, 봄바람이다. 석가는 이는 별과 인류의 군영과 얼음에 약동하다.','2019-02-10 00:55:22'),(28,15,89,50,86,79,88,'181꽃이 보이는 그들을 가는 꽃 방황하여도, 뿐이다. 트고, 반짝이는 위하여, 봄바람이다. 석가는 이는 별과 인류의 군영과 얼음에 약동하다.','2019-02-10 00:55:22'),(2,44,64,92,66,52,67,'182꽃이 보이는 그들을 가는 꽃 방황하여도, 뿐이다. 트고, 반짝이는 위하여, 봄바람이다. 석가는 이는 별과 인류의 군영과 얼음에 약동하다.','2019-02-10 00:55:22'),(26,27,54,96,62,75,90,'183꽃이 보이는 그들을 가는 꽃 방황하여도, 뿐이다. 트고, 반짝이는 위하여, 봄바람이다. 석가는 이는 별과 인류의 군영과 얼음에 약동하다.','2019-02-10 00:55:22'),(22,38,74,58,71,79,80,'184꽃이 보이는 그들을 가는 꽃 방황하여도, 뿐이다. 트고, 반짝이는 위하여, 봄바람이다. 석가는 이는 별과 인류의 군영과 얼음에 약동하다.','2019-02-10 00:55:22'),(16,37,88,80,84,81,51,'185꽃이 보이는 그들을 가는 꽃 방황하여도, 뿐이다. 트고, 반짝이는 위하여, 봄바람이다. 석가는 이는 별과 인류의 군영과 얼음에 약동하다.','2019-02-10 00:55:22'),(16,24,72,90,80,84,77,'186꽃이 보이는 그들을 가는 꽃 방황하여도, 뿐이다. 트고, 반짝이는 위하여, 봄바람이다. 석가는 이는 별과 인류의 군영과 얼음에 약동하다.','2019-02-10 00:55:22'),(33,35,73,63,95,86,94,'187꽃이 보이는 그들을 가는 꽃 방황하여도, 뿐이다. 트고, 반짝이는 위하여, 봄바람이다. 석가는 이는 별과 인류의 군영과 얼음에 약동하다.','2019-02-10 00:55:22'),(13,30,62,73,78,69,62,'188꽃이 보이는 그들을 가는 꽃 방황하여도, 뿐이다. 트고, 반짝이는 위하여, 봄바람이다. 석가는 이는 별과 인류의 군영과 얼음에 약동하다.','2019-02-10 00:55:22'),(3,26,70,77,71,75,63,'189꽃이 보이는 그들을 가는 꽃 방황하여도, 뿐이다. 트고, 반짝이는 위하여, 봄바람이다. 석가는 이는 별과 인류의 군영과 얼음에 약동하다.','2019-02-10 00:55:22'),(42,16,55,81,87,92,97,'190꽃이 보이는 그들을 가는 꽃 방황하여도, 뿐이다. 트고, 반짝이는 위하여, 봄바람이다. 석가는 이는 별과 인류의 군영과 얼음에 약동하다.','2019-02-10 00:55:22'),(9,5,95,58,59,73,87,'191꽃이 보이는 그들을 가는 꽃 방황하여도, 뿐이다. 트고, 반짝이는 위하여, 봄바람이다. 석가는 이는 별과 인류의 군영과 얼음에 약동하다.','2019-02-10 00:55:22'),(15,12,65,92,62,86,91,'192꽃이 보이는 그들을 가는 꽃 방황하여도, 뿐이다. 트고, 반짝이는 위하여, 봄바람이다. 석가는 이는 별과 인류의 군영과 얼음에 약동하다.','2019-02-10 00:55:22'),(48,14,77,93,85,95,69,'193꽃이 보이는 그들을 가는 꽃 방황하여도, 뿐이다. 트고, 반짝이는 위하여, 봄바람이다. 석가는 이는 별과 인류의 군영과 얼음에 약동하다.','2019-02-10 00:55:22'),(11,45,91,71,83,100,52,'194꽃이 보이는 그들을 가는 꽃 방황하여도, 뿐이다. 트고, 반짝이는 위하여, 봄바람이다. 석가는 이는 별과 인류의 군영과 얼음에 약동하다.','2019-02-10 00:55:22'),(11,48,53,78,77,53,84,'195꽃이 보이는 그들을 가는 꽃 방황하여도, 뿐이다. 트고, 반짝이는 위하여, 봄바람이다. 석가는 이는 별과 인류의 군영과 얼음에 약동하다.','2019-02-10 00:55:22'),(11,1,69,97,73,76,63,'196꽃이 보이는 그들을 가는 꽃 방황하여도, 뿐이다. 트고, 반짝이는 위하여, 봄바람이다. 석가는 이는 별과 인류의 군영과 얼음에 약동하다.','2019-02-10 00:55:22'),(36,38,82,96,84,80,50,'197꽃이 보이는 그들을 가는 꽃 방황하여도, 뿐이다. 트고, 반짝이는 위하여, 봄바람이다. 석가는 이는 별과 인류의 군영과 얼음에 약동하다.','2019-02-10 00:55:22'),(11,3,83,54,76,65,99,'198꽃이 보이는 그들을 가는 꽃 방황하여도, 뿐이다. 트고, 반짝이는 위하여, 봄바람이다. 석가는 이는 별과 인류의 군영과 얼음에 약동하다.','2019-02-10 00:55:22'),(46,33,75,80,74,81,81,'199꽃이 보이는 그들을 가는 꽃 방황하여도, 뿐이다. 트고, 반짝이는 위하여, 봄바람이다. 석가는 이는 별과 인류의 군영과 얼음에 약동하다.','2019-02-10 00:55:22'),(11,13,82,71,58,78,66,'200꽃이 보이는 그들을 가는 꽃 방황하여도, 뿐이다. 트고, 반짝이는 위하여, 봄바람이다. 석가는 이는 별과 인류의 군영과 얼음에 약동하다.','2019-02-10 00:55:22'),(47,34,77,85,92,54,97,'201꽃이 보이는 그들을 가는 꽃 방황하여도, 뿐이다. 트고, 반짝이는 위하여, 봄바람이다. 석가는 이는 별과 인류의 군영과 얼음에 약동하다.','2019-02-10 00:55:22'),(23,21,87,70,93,50,74,'202꽃이 보이는 그들을 가는 꽃 방황하여도, 뿐이다. 트고, 반짝이는 위하여, 봄바람이다. 석가는 이는 별과 인류의 군영과 얼음에 약동하다.','2019-02-10 00:55:22'),(20,26,69,69,90,90,78,'203꽃이 보이는 그들을 가는 꽃 방황하여도, 뿐이다. 트고, 반짝이는 위하여, 봄바람이다. 석가는 이는 별과 인류의 군영과 얼음에 약동하다.','2019-02-10 00:55:22'),(21,20,87,76,69,66,74,'204꽃이 보이는 그들을 가는 꽃 방황하여도, 뿐이다. 트고, 반짝이는 위하여, 봄바람이다. 석가는 이는 별과 인류의 군영과 얼음에 약동하다.','2019-02-10 00:55:22'),(20,29,83,77,87,54,59,'205꽃이 보이는 그들을 가는 꽃 방황하여도, 뿐이다. 트고, 반짝이는 위하여, 봄바람이다. 석가는 이는 별과 인류의 군영과 얼음에 약동하다.','2019-02-10 00:55:22'),(34,43,59,70,73,55,59,'206꽃이 보이는 그들을 가는 꽃 방황하여도, 뿐이다. 트고, 반짝이는 위하여, 봄바람이다. 석가는 이는 별과 인류의 군영과 얼음에 약동하다.','2019-02-10 00:55:22'),(28,9,63,89,55,58,77,'207꽃이 보이는 그들을 가는 꽃 방황하여도, 뿐이다. 트고, 반짝이는 위하여, 봄바람이다. 석가는 이는 별과 인류의 군영과 얼음에 약동하다.','2019-02-10 00:55:22'),(9,11,79,64,82,67,89,'208꽃이 보이는 그들을 가는 꽃 방황하여도, 뿐이다. 트고, 반짝이는 위하여, 봄바람이다. 석가는 이는 별과 인류의 군영과 얼음에 약동하다.','2019-02-10 00:55:22'),(45,4,88,75,65,98,94,'209꽃이 보이는 그들을 가는 꽃 방황하여도, 뿐이다. 트고, 반짝이는 위하여, 봄바람이다. 석가는 이는 별과 인류의 군영과 얼음에 약동하다.','2019-02-10 00:55:22'),(28,4,84,61,56,95,54,'210꽃이 보이는 그들을 가는 꽃 방황하여도, 뿐이다. 트고, 반짝이는 위하여, 봄바람이다. 석가는 이는 별과 인류의 군영과 얼음에 약동하다.','2019-02-10 00:55:22'),(39,32,90,54,52,100,89,'211꽃이 보이는 그들을 가는 꽃 방황하여도, 뿐이다. 트고, 반짝이는 위하여, 봄바람이다. 석가는 이는 별과 인류의 군영과 얼음에 약동하다.','2019-02-10 00:55:22'),(47,17,95,72,76,63,91,'212꽃이 보이는 그들을 가는 꽃 방황하여도, 뿐이다. 트고, 반짝이는 위하여, 봄바람이다. 석가는 이는 별과 인류의 군영과 얼음에 약동하다.','2019-02-10 00:55:22'),(12,36,93,57,57,67,62,'213꽃이 보이는 그들을 가는 꽃 방황하여도, 뿐이다. 트고, 반짝이는 위하여, 봄바람이다. 석가는 이는 별과 인류의 군영과 얼음에 약동하다.','2019-02-10 00:55:22'),(21,41,91,82,87,89,83,'215꽃이 보이는 그들을 가는 꽃 방황하여도, 뿐이다. 트고, 반짝이는 위하여, 봄바람이다. 석가는 이는 별과 인류의 군영과 얼음에 약동하다.','2019-02-10 00:55:22'),(50,46,83,76,83,84,71,'216꽃이 보이는 그들을 가는 꽃 방황하여도, 뿐이다. 트고, 반짝이는 위하여, 봄바람이다. 석가는 이는 별과 인류의 군영과 얼음에 약동하다.','2019-02-10 00:55:22'),(5,11,89,61,90,65,56,'217꽃이 보이는 그들을 가는 꽃 방황하여도, 뿐이다. 트고, 반짝이는 위하여, 봄바람이다. 석가는 이는 별과 인류의 군영과 얼음에 약동하다.','2019-02-10 00:55:22'),(38,18,74,66,61,58,57,'218꽃이 보이는 그들을 가는 꽃 방황하여도, 뿐이다. 트고, 반짝이는 위하여, 봄바람이다. 석가는 이는 별과 인류의 군영과 얼음에 약동하다.','2019-02-10 00:55:22'),(10,28,60,68,59,93,87,'219꽃이 보이는 그들을 가는 꽃 방황하여도, 뿐이다. 트고, 반짝이는 위하여, 봄바람이다. 석가는 이는 별과 인류의 군영과 얼음에 약동하다.','2019-02-10 00:55:22'),(4,10,84,93,59,70,72,'220꽃이 보이는 그들을 가는 꽃 방황하여도, 뿐이다. 트고, 반짝이는 위하여, 봄바람이다. 석가는 이는 별과 인류의 군영과 얼음에 약동하다.','2019-02-10 00:55:22'),(2,43,56,52,96,70,65,'221꽃이 보이는 그들을 가는 꽃 방황하여도, 뿐이다. 트고, 반짝이는 위하여, 봄바람이다. 석가는 이는 별과 인류의 군영과 얼음에 약동하다.','2019-02-10 00:55:22'),(17,34,70,99,84,72,58,'222꽃이 보이는 그들을 가는 꽃 방황하여도, 뿐이다. 트고, 반짝이는 위하여, 봄바람이다. 석가는 이는 별과 인류의 군영과 얼음에 약동하다.','2019-02-10 00:55:22'),(26,5,94,54,90,88,69,'223꽃이 보이는 그들을 가는 꽃 방황하여도, 뿐이다. 트고, 반짝이는 위하여, 봄바람이다. 석가는 이는 별과 인류의 군영과 얼음에 약동하다.','2019-02-10 00:55:22'),(32,3,66,75,76,54,96,'224꽃이 보이는 그들을 가는 꽃 방황하여도, 뿐이다. 트고, 반짝이는 위하여, 봄바람이다. 석가는 이는 별과 인류의 군영과 얼음에 약동하다.','2019-02-10 00:55:22'),(16,39,97,67,97,82,68,'225꽃이 보이는 그들을 가는 꽃 방황하여도, 뿐이다. 트고, 반짝이는 위하여, 봄바람이다. 석가는 이는 별과 인류의 군영과 얼음에 약동하다.','2019-02-10 00:55:22'),(46,25,87,60,90,68,72,'226꽃이 보이는 그들을 가는 꽃 방황하여도, 뿐이다. 트고, 반짝이는 위하여, 봄바람이다. 석가는 이는 별과 인류의 군영과 얼음에 약동하다.','2019-02-10 00:55:22'),(8,18,68,88,86,65,67,'227꽃이 보이는 그들을 가는 꽃 방황하여도, 뿐이다. 트고, 반짝이는 위하여, 봄바람이다. 석가는 이는 별과 인류의 군영과 얼음에 약동하다.','2019-02-10 00:55:22'),(41,50,78,92,75,99,66,'228꽃이 보이는 그들을 가는 꽃 방황하여도, 뿐이다. 트고, 반짝이는 위하여, 봄바람이다. 석가는 이는 별과 인류의 군영과 얼음에 약동하다.','2019-02-10 00:55:22'),(38,37,72,99,78,95,90,'229꽃이 보이는 그들을 가는 꽃 방황하여도, 뿐이다. 트고, 반짝이는 위하여, 봄바람이다. 석가는 이는 별과 인류의 군영과 얼음에 약동하다.','2019-02-10 00:55:22'),(15,2,64,68,99,86,86,'230꽃이 보이는 그들을 가는 꽃 방황하여도, 뿐이다. 트고, 반짝이는 위하여, 봄바람이다. 석가는 이는 별과 인류의 군영과 얼음에 약동하다.','2019-02-10 00:55:22'),(23,4,100,90,98,69,55,'231꽃이 보이는 그들을 가는 꽃 방황하여도, 뿐이다. 트고, 반짝이는 위하여, 봄바람이다. 석가는 이는 별과 인류의 군영과 얼음에 약동하다.','2019-02-10 00:55:22'),(40,5,54,57,76,57,57,'233꽃이 보이는 그들을 가는 꽃 방황하여도, 뿐이다. 트고, 반짝이는 위하여, 봄바람이다. 석가는 이는 별과 인류의 군영과 얼음에 약동하다.','2019-02-10 00:55:22'),(14,48,96,85,90,95,54,'234꽃이 보이는 그들을 가는 꽃 방황하여도, 뿐이다. 트고, 반짝이는 위하여, 봄바람이다. 석가는 이는 별과 인류의 군영과 얼음에 약동하다.','2019-02-10 00:55:22'),(37,21,92,96,53,83,53,'235꽃이 보이는 그들을 가는 꽃 방황하여도, 뿐이다. 트고, 반짝이는 위하여, 봄바람이다. 석가는 이는 별과 인류의 군영과 얼음에 약동하다.','2019-02-10 00:55:22'),(17,22,61,91,70,79,83,'236꽃이 보이는 그들을 가는 꽃 방황하여도, 뿐이다. 트고, 반짝이는 위하여, 봄바람이다. 석가는 이는 별과 인류의 군영과 얼음에 약동하다.','2019-02-10 00:55:22'),(30,49,53,73,55,56,66,'237꽃이 보이는 그들을 가는 꽃 방황하여도, 뿐이다. 트고, 반짝이는 위하여, 봄바람이다. 석가는 이는 별과 인류의 군영과 얼음에 약동하다.','2019-02-10 00:55:22'),(12,10,61,80,65,85,79,'238꽃이 보이는 그들을 가는 꽃 방황하여도, 뿐이다. 트고, 반짝이는 위하여, 봄바람이다. 석가는 이는 별과 인류의 군영과 얼음에 약동하다.','2019-02-10 00:55:22'),(40,10,81,75,82,84,75,'239꽃이 보이는 그들을 가는 꽃 방황하여도, 뿐이다. 트고, 반짝이는 위하여, 봄바람이다. 석가는 이는 별과 인류의 군영과 얼음에 약동하다.','2019-02-10 00:55:22'),(22,34,53,67,73,65,58,'240꽃이 보이는 그들을 가는 꽃 방황하여도, 뿐이다. 트고, 반짝이는 위하여, 봄바람이다. 석가는 이는 별과 인류의 군영과 얼음에 약동하다.','2019-02-10 00:55:22'),(47,8,97,59,59,67,57,'241꽃이 보이는 그들을 가는 꽃 방황하여도, 뿐이다. 트고, 반짝이는 위하여, 봄바람이다. 석가는 이는 별과 인류의 군영과 얼음에 약동하다.','2019-02-10 00:55:22'),(37,9,83,90,99,74,73,'242꽃이 보이는 그들을 가는 꽃 방황하여도, 뿐이다. 트고, 반짝이는 위하여, 봄바람이다. 석가는 이는 별과 인류의 군영과 얼음에 약동하다.','2019-02-10 00:55:22'),(46,9,57,60,77,56,50,'243꽃이 보이는 그들을 가는 꽃 방황하여도, 뿐이다. 트고, 반짝이는 위하여, 봄바람이다. 석가는 이는 별과 인류의 군영과 얼음에 약동하다.','2019-02-10 00:55:22'),(33,14,68,99,90,54,53,'244꽃이 보이는 그들을 가는 꽃 방황하여도, 뿐이다. 트고, 반짝이는 위하여, 봄바람이다. 석가는 이는 별과 인류의 군영과 얼음에 약동하다.','2019-02-10 00:55:22'),(19,9,88,60,91,72,87,'246꽃이 보이는 그들을 가는 꽃 방황하여도, 뿐이다. 트고, 반짝이는 위하여, 봄바람이다. 석가는 이는 별과 인류의 군영과 얼음에 약동하다.','2019-02-10 00:55:22'),(20,37,72,52,96,73,75,'247꽃이 보이는 그들을 가는 꽃 방황하여도, 뿐이다. 트고, 반짝이는 위하여, 봄바람이다. 석가는 이는 별과 인류의 군영과 얼음에 약동하다.','2019-02-10 00:55:22'),(9,16,52,65,70,52,52,'248꽃이 보이는 그들을 가는 꽃 방황하여도, 뿐이다. 트고, 반짝이는 위하여, 봄바람이다. 석가는 이는 별과 인류의 군영과 얼음에 약동하다.','2019-02-10 00:55:22'),(7,25,51,85,69,93,54,'249꽃이 보이는 그들을 가는 꽃 방황하여도, 뿐이다. 트고, 반짝이는 위하여, 봄바람이다. 석가는 이는 별과 인류의 군영과 얼음에 약동하다.','2019-02-10 00:55:22'),(46,15,87,89,85,55,73,'250꽃이 보이는 그들을 가는 꽃 방황하여도, 뿐이다. 트고, 반짝이는 위하여, 봄바람이다. 석가는 이는 별과 인류의 군영과 얼음에 약동하다.','2019-02-10 00:55:22'),(48,20,55,67,71,55,62,'251꽃이 보이는 그들을 가는 꽃 방황하여도, 뿐이다. 트고, 반짝이는 위하여, 봄바람이다. 석가는 이는 별과 인류의 군영과 얼음에 약동하다.','2019-02-10 00:55:22'),(47,44,77,55,99,73,71,'252꽃이 보이는 그들을 가는 꽃 방황하여도, 뿐이다. 트고, 반짝이는 위하여, 봄바람이다. 석가는 이는 별과 인류의 군영과 얼음에 약동하다.','2019-02-10 00:55:22'),(37,17,77,83,84,71,52,'253꽃이 보이는 그들을 가는 꽃 방황하여도, 뿐이다. 트고, 반짝이는 위하여, 봄바람이다. 석가는 이는 별과 인류의 군영과 얼음에 약동하다.','2019-02-10 00:55:22'),(48,34,73,66,59,50,73,'254꽃이 보이는 그들을 가는 꽃 방황하여도, 뿐이다. 트고, 반짝이는 위하여, 봄바람이다. 석가는 이는 별과 인류의 군영과 얼음에 약동하다.','2019-02-10 00:55:22'),(14,49,52,66,74,72,86,'255꽃이 보이는 그들을 가는 꽃 방황하여도, 뿐이다. 트고, 반짝이는 위하여, 봄바람이다. 석가는 이는 별과 인류의 군영과 얼음에 약동하다.','2019-02-10 00:55:22'),(16,18,91,51,86,74,64,'256꽃이 보이는 그들을 가는 꽃 방황하여도, 뿐이다. 트고, 반짝이는 위하여, 봄바람이다. 석가는 이는 별과 인류의 군영과 얼음에 약동하다.','2019-02-10 00:55:22'),(50,5,75,61,81,69,53,'257꽃이 보이는 그들을 가는 꽃 방황하여도, 뿐이다. 트고, 반짝이는 위하여, 봄바람이다. 석가는 이는 별과 인류의 군영과 얼음에 약동하다.','2019-02-10 00:55:22'),(9,35,99,86,86,71,98,'258꽃이 보이는 그들을 가는 꽃 방황하여도, 뿐이다. 트고, 반짝이는 위하여, 봄바람이다. 석가는 이는 별과 인류의 군영과 얼음에 약동하다.','2019-02-10 00:55:22'),(25,32,83,69,98,81,61,'259꽃이 보이는 그들을 가는 꽃 방황하여도, 뿐이다. 트고, 반짝이는 위하여, 봄바람이다. 석가는 이는 별과 인류의 군영과 얼음에 약동하다.','2019-02-10 00:55:22'),(15,37,92,100,71,56,67,'260꽃이 보이는 그들을 가는 꽃 방황하여도, 뿐이다. 트고, 반짝이는 위하여, 봄바람이다. 석가는 이는 별과 인류의 군영과 얼음에 약동하다.','2019-02-10 00:55:22'),(18,37,79,88,51,93,59,'261꽃이 보이는 그들을 가는 꽃 방황하여도, 뿐이다. 트고, 반짝이는 위하여, 봄바람이다. 석가는 이는 별과 인류의 군영과 얼음에 약동하다.','2019-02-10 00:55:22'),(18,11,50,71,55,62,97,'262꽃이 보이는 그들을 가는 꽃 방황하여도, 뿐이다. 트고, 반짝이는 위하여, 봄바람이다. 석가는 이는 별과 인류의 군영과 얼음에 약동하다.','2019-02-10 00:55:22'),(47,44,75,96,51,73,59,'263꽃이 보이는 그들을 가는 꽃 방황하여도, 뿐이다. 트고, 반짝이는 위하여, 봄바람이다. 석가는 이는 별과 인류의 군영과 얼음에 약동하다.','2019-02-10 00:55:22'),(28,12,73,80,79,58,52,'264꽃이 보이는 그들을 가는 꽃 방황하여도, 뿐이다. 트고, 반짝이는 위하여, 봄바람이다. 석가는 이는 별과 인류의 군영과 얼음에 약동하다.','2019-02-10 00:55:22'),(38,33,99,94,73,86,59,'265꽃이 보이는 그들을 가는 꽃 방황하여도, 뿐이다. 트고, 반짝이는 위하여, 봄바람이다. 석가는 이는 별과 인류의 군영과 얼음에 약동하다.','2019-02-10 00:55:22'),(38,10,85,98,84,74,69,'266꽃이 보이는 그들을 가는 꽃 방황하여도, 뿐이다. 트고, 반짝이는 위하여, 봄바람이다. 석가는 이는 별과 인류의 군영과 얼음에 약동하다.','2019-02-10 00:55:22'),(25,16,51,62,59,56,54,'267꽃이 보이는 그들을 가는 꽃 방황하여도, 뿐이다. 트고, 반짝이는 위하여, 봄바람이다. 석가는 이는 별과 인류의 군영과 얼음에 약동하다.','2019-02-10 00:55:22'),(3,1,95,73,80,83,71,'268꽃이 보이는 그들을 가는 꽃 방황하여도, 뿐이다. 트고, 반짝이는 위하여, 봄바람이다. 석가는 이는 별과 인류의 군영과 얼음에 약동하다.','2019-02-10 00:55:22'),(10,36,97,79,52,75,69,'269꽃이 보이는 그들을 가는 꽃 방황하여도, 뿐이다. 트고, 반짝이는 위하여, 봄바람이다. 석가는 이는 별과 인류의 군영과 얼음에 약동하다.','2019-02-10 00:55:22'),(22,49,78,96,94,82,80,'270꽃이 보이는 그들을 가는 꽃 방황하여도, 뿐이다. 트고, 반짝이는 위하여, 봄바람이다. 석가는 이는 별과 인류의 군영과 얼음에 약동하다.','2019-02-10 00:55:22'),(3,22,52,99,84,73,64,'271꽃이 보이는 그들을 가는 꽃 방황하여도, 뿐이다. 트고, 반짝이는 위하여, 봄바람이다. 석가는 이는 별과 인류의 군영과 얼음에 약동하다.','2019-02-10 00:55:22'),(4,25,60,80,66,91,55,'272꽃이 보이는 그들을 가는 꽃 방황하여도, 뿐이다. 트고, 반짝이는 위하여, 봄바람이다. 석가는 이는 별과 인류의 군영과 얼음에 약동하다.','2019-02-10 00:55:22'),(7,16,58,95,99,60,55,'273꽃이 보이는 그들을 가는 꽃 방황하여도, 뿐이다. 트고, 반짝이는 위하여, 봄바람이다. 석가는 이는 별과 인류의 군영과 얼음에 약동하다.','2019-02-10 00:55:22'),(47,18,98,83,75,74,95,'274꽃이 보이는 그들을 가는 꽃 방황하여도, 뿐이다. 트고, 반짝이는 위하여, 봄바람이다. 석가는 이는 별과 인류의 군영과 얼음에 약동하다.','2019-02-10 00:55:22'),(3,27,77,55,95,58,59,'275꽃이 보이는 그들을 가는 꽃 방황하여도, 뿐이다. 트고, 반짝이는 위하여, 봄바람이다. 석가는 이는 별과 인류의 군영과 얼음에 약동하다.','2019-02-10 00:55:22'),(21,25,61,83,78,94,84,'276꽃이 보이는 그들을 가는 꽃 방황하여도, 뿐이다. 트고, 반짝이는 위하여, 봄바람이다. 석가는 이는 별과 인류의 군영과 얼음에 약동하다.','2019-02-10 00:55:22'),(39,43,97,54,82,96,83,'277꽃이 보이는 그들을 가는 꽃 방황하여도, 뿐이다. 트고, 반짝이는 위하여, 봄바람이다. 석가는 이는 별과 인류의 군영과 얼음에 약동하다.','2019-02-10 00:55:22'),(26,32,81,58,51,81,100,'278꽃이 보이는 그들을 가는 꽃 방황하여도, 뿐이다. 트고, 반짝이는 위하여, 봄바람이다. 석가는 이는 별과 인류의 군영과 얼음에 약동하다.','2019-02-10 00:55:22'),(7,34,97,84,79,94,81,'279꽃이 보이는 그들을 가는 꽃 방황하여도, 뿐이다. 트고, 반짝이는 위하여, 봄바람이다. 석가는 이는 별과 인류의 군영과 얼음에 약동하다.','2019-02-10 00:55:22'),(23,21,87,73,52,96,71,'280꽃이 보이는 그들을 가는 꽃 방황하여도, 뿐이다. 트고, 반짝이는 위하여, 봄바람이다. 석가는 이는 별과 인류의 군영과 얼음에 약동하다.','2019-02-10 00:55:22'),(18,26,74,94,98,57,94,'281꽃이 보이는 그들을 가는 꽃 방황하여도, 뿐이다. 트고, 반짝이는 위하여, 봄바람이다. 석가는 이는 별과 인류의 군영과 얼음에 약동하다.','2019-02-10 00:55:22'),(45,41,70,79,86,91,95,'282꽃이 보이는 그들을 가는 꽃 방황하여도, 뿐이다. 트고, 반짝이는 위하여, 봄바람이다. 석가는 이는 별과 인류의 군영과 얼음에 약동하다.','2019-02-10 00:55:22'),(4,34,57,86,55,71,90,'283꽃이 보이는 그들을 가는 꽃 방황하여도, 뿐이다. 트고, 반짝이는 위하여, 봄바람이다. 석가는 이는 별과 인류의 군영과 얼음에 약동하다.','2019-02-10 00:55:22'),(36,10,90,70,83,53,69,'284꽃이 보이는 그들을 가는 꽃 방황하여도, 뿐이다. 트고, 반짝이는 위하여, 봄바람이다. 석가는 이는 별과 인류의 군영과 얼음에 약동하다.','2019-02-10 00:55:22'),(37,24,57,65,56,88,66,'285꽃이 보이는 그들을 가는 꽃 방황하여도, 뿐이다. 트고, 반짝이는 위하여, 봄바람이다. 석가는 이는 별과 인류의 군영과 얼음에 약동하다.','2019-02-10 00:55:22'),(21,1,94,68,56,81,83,'286꽃이 보이는 그들을 가는 꽃 방황하여도, 뿐이다. 트고, 반짝이는 위하여, 봄바람이다. 석가는 이는 별과 인류의 군영과 얼음에 약동하다.','2019-02-10 00:55:22'),(22,10,84,90,97,62,73,'287꽃이 보이는 그들을 가는 꽃 방황하여도, 뿐이다. 트고, 반짝이는 위하여, 봄바람이다. 석가는 이는 별과 인류의 군영과 얼음에 약동하다.','2019-02-10 00:55:22'),(28,19,62,52,77,76,50,'288꽃이 보이는 그들을 가는 꽃 방황하여도, 뿐이다. 트고, 반짝이는 위하여, 봄바람이다. 석가는 이는 별과 인류의 군영과 얼음에 약동하다.','2019-02-10 00:55:22'),(24,18,67,83,63,69,53,'289꽃이 보이는 그들을 가는 꽃 방황하여도, 뿐이다. 트고, 반짝이는 위하여, 봄바람이다. 석가는 이는 별과 인류의 군영과 얼음에 약동하다.','2019-02-10 00:55:22'),(11,42,78,66,95,74,86,'290꽃이 보이는 그들을 가는 꽃 방황하여도, 뿐이다. 트고, 반짝이는 위하여, 봄바람이다. 석가는 이는 별과 인류의 군영과 얼음에 약동하다.','2019-02-10 00:55:22'),(8,33,87,88,78,79,58,'291꽃이 보이는 그들을 가는 꽃 방황하여도, 뿐이다. 트고, 반짝이는 위하여, 봄바람이다. 석가는 이는 별과 인류의 군영과 얼음에 약동하다.','2019-02-10 00:55:22'),(8,10,78,59,62,84,85,'292꽃이 보이는 그들을 가는 꽃 방황하여도, 뿐이다. 트고, 반짝이는 위하여, 봄바람이다. 석가는 이는 별과 인류의 군영과 얼음에 약동하다.','2019-02-10 00:55:22'),(19,42,51,82,55,81,87,'293꽃이 보이는 그들을 가는 꽃 방황하여도, 뿐이다. 트고, 반짝이는 위하여, 봄바람이다. 석가는 이는 별과 인류의 군영과 얼음에 약동하다.','2019-02-10 00:55:22'),(42,47,60,62,81,68,97,'294꽃이 보이는 그들을 가는 꽃 방황하여도, 뿐이다. 트고, 반짝이는 위하여, 봄바람이다. 석가는 이는 별과 인류의 군영과 얼음에 약동하다.','2019-02-10 00:55:22'),(30,9,52,89,84,55,73,'295꽃이 보이는 그들을 가는 꽃 방황하여도, 뿐이다. 트고, 반짝이는 위하여, 봄바람이다. 석가는 이는 별과 인류의 군영과 얼음에 약동하다.','2019-02-10 00:55:22'),(50,30,99,55,82,94,73,'296꽃이 보이는 그들을 가는 꽃 방황하여도, 뿐이다. 트고, 반짝이는 위하여, 봄바람이다. 석가는 이는 별과 인류의 군영과 얼음에 약동하다.','2019-02-10 00:55:22'),(35,4,63,53,81,92,66,'297꽃이 보이는 그들을 가는 꽃 방황하여도, 뿐이다. 트고, 반짝이는 위하여, 봄바람이다. 석가는 이는 별과 인류의 군영과 얼음에 약동하다.','2019-02-10 00:55:22'),(8,38,66,67,86,79,87,'298꽃이 보이는 그들을 가는 꽃 방황하여도, 뿐이다. 트고, 반짝이는 위하여, 봄바람이다. 석가는 이는 별과 인류의 군영과 얼음에 약동하다.','2019-02-10 00:55:22'),(46,18,53,63,56,91,86,'299꽃이 보이는 그들을 가는 꽃 방황하여도, 뿐이다. 트고, 반짝이는 위하여, 봄바람이다. 석가는 이는 별과 인류의 군영과 얼음에 약동하다.','2019-02-10 00:55:22'),(7,25,54,100,84,69,97,'300꽃이 보이는 그들을 가는 꽃 방황하여도, 뿐이다. 트고, 반짝이는 위하여, 봄바람이다. 석가는 이는 별과 인류의 군영과 얼음에 약동하다.','2019-02-10 00:55:22'),(25,32,84,74,71,80,90,'301꽃이 보이는 그들을 가는 꽃 방황하여도, 뿐이다. 트고, 반짝이는 위하여, 봄바람이다. 석가는 이는 별과 인류의 군영과 얼음에 약동하다.','2019-02-10 00:55:22'),(8,19,70,94,59,66,50,'302꽃이 보이는 그들을 가는 꽃 방황하여도, 뿐이다. 트고, 반짝이는 위하여, 봄바람이다. 석가는 이는 별과 인류의 군영과 얼음에 약동하다.','2019-02-10 00:55:22'),(6,28,70,70,88,78,76,'303꽃이 보이는 그들을 가는 꽃 방황하여도, 뿐이다. 트고, 반짝이는 위하여, 봄바람이다. 석가는 이는 별과 인류의 군영과 얼음에 약동하다.','2019-02-10 00:55:22'),(46,2,69,92,50,76,80,'304꽃이 보이는 그들을 가는 꽃 방황하여도, 뿐이다. 트고, 반짝이는 위하여, 봄바람이다. 석가는 이는 별과 인류의 군영과 얼음에 약동하다.','2019-02-10 00:55:22'),(24,26,58,66,57,85,51,'305꽃이 보이는 그들을 가는 꽃 방황하여도, 뿐이다. 트고, 반짝이는 위하여, 봄바람이다. 석가는 이는 별과 인류의 군영과 얼음에 약동하다.','2019-02-10 00:55:22'),(6,24,100,77,86,100,89,'306꽃이 보이는 그들을 가는 꽃 방황하여도, 뿐이다. 트고, 반짝이는 위하여, 봄바람이다. 석가는 이는 별과 인류의 군영과 얼음에 약동하다.','2019-02-10 00:55:22'),(45,7,50,82,58,95,99,'307꽃이 보이는 그들을 가는 꽃 방황하여도, 뿐이다. 트고, 반짝이는 위하여, 봄바람이다. 석가는 이는 별과 인류의 군영과 얼음에 약동하다.','2019-02-10 00:55:22'),(8,45,50,67,85,73,62,'308꽃이 보이는 그들을 가는 꽃 방황하여도, 뿐이다. 트고, 반짝이는 위하여, 봄바람이다. 석가는 이는 별과 인류의 군영과 얼음에 약동하다.','2019-02-10 00:55:22'),(42,21,77,76,97,56,90,'309꽃이 보이는 그들을 가는 꽃 방황하여도, 뿐이다. 트고, 반짝이는 위하여, 봄바람이다. 석가는 이는 별과 인류의 군영과 얼음에 약동하다.','2019-02-10 00:55:22'),(32,39,97,66,92,60,74,'310꽃이 보이는 그들을 가는 꽃 방황하여도, 뿐이다. 트고, 반짝이는 위하여, 봄바람이다. 석가는 이는 별과 인류의 군영과 얼음에 약동하다.','2019-02-10 00:55:22'),(43,42,77,61,75,92,82,'311꽃이 보이는 그들을 가는 꽃 방황하여도, 뿐이다. 트고, 반짝이는 위하여, 봄바람이다. 석가는 이는 별과 인류의 군영과 얼음에 약동하다.','2019-02-10 00:55:22'),(19,50,90,50,83,61,59,'313꽃이 보이는 그들을 가는 꽃 방황하여도, 뿐이다. 트고, 반짝이는 위하여, 봄바람이다. 석가는 이는 별과 인류의 군영과 얼음에 약동하다.','2019-02-10 00:55:22'),(13,34,82,57,93,92,78,'314꽃이 보이는 그들을 가는 꽃 방황하여도, 뿐이다. 트고, 반짝이는 위하여, 봄바람이다. 석가는 이는 별과 인류의 군영과 얼음에 약동하다.','2019-02-10 00:55:22'),(16,42,64,96,87,96,68,'315꽃이 보이는 그들을 가는 꽃 방황하여도, 뿐이다. 트고, 반짝이는 위하여, 봄바람이다. 석가는 이는 별과 인류의 군영과 얼음에 약동하다.','2019-02-10 00:55:22'),(4,12,98,55,84,50,54,'316꽃이 보이는 그들을 가는 꽃 방황하여도, 뿐이다. 트고, 반짝이는 위하여, 봄바람이다. 석가는 이는 별과 인류의 군영과 얼음에 약동하다.','2019-02-10 00:55:22'),(20,33,53,69,85,68,87,'317꽃이 보이는 그들을 가는 꽃 방황하여도, 뿐이다. 트고, 반짝이는 위하여, 봄바람이다. 석가는 이는 별과 인류의 군영과 얼음에 약동하다.','2019-02-10 00:55:22'),(31,41,60,81,74,76,58,'318꽃이 보이는 그들을 가는 꽃 방황하여도, 뿐이다. 트고, 반짝이는 위하여, 봄바람이다. 석가는 이는 별과 인류의 군영과 얼음에 약동하다.','2019-02-10 00:55:22'),(15,48,93,70,73,57,64,'319꽃이 보이는 그들을 가는 꽃 방황하여도, 뿐이다. 트고, 반짝이는 위하여, 봄바람이다. 석가는 이는 별과 인류의 군영과 얼음에 약동하다.','2019-02-10 00:55:22'),(2,16,73,68,70,96,69,'320꽃이 보이는 그들을 가는 꽃 방황하여도, 뿐이다. 트고, 반짝이는 위하여, 봄바람이다. 석가는 이는 별과 인류의 군영과 얼음에 약동하다.','2019-02-10 00:55:22'),(11,45,89,63,97,97,92,'321꽃이 보이는 그들을 가는 꽃 방황하여도, 뿐이다. 트고, 반짝이는 위하여, 봄바람이다. 석가는 이는 별과 인류의 군영과 얼음에 약동하다.','2019-02-10 00:55:22'),(18,13,58,56,57,69,70,'322꽃이 보이는 그들을 가는 꽃 방황하여도, 뿐이다. 트고, 반짝이는 위하여, 봄바람이다. 석가는 이는 별과 인류의 군영과 얼음에 약동하다.','2019-02-10 00:55:22'),(46,16,93,66,51,60,96,'323꽃이 보이는 그들을 가는 꽃 방황하여도, 뿐이다. 트고, 반짝이는 위하여, 봄바람이다. 석가는 이는 별과 인류의 군영과 얼음에 약동하다.','2019-02-10 00:55:22'),(50,8,91,80,77,98,55,'324꽃이 보이는 그들을 가는 꽃 방황하여도, 뿐이다. 트고, 반짝이는 위하여, 봄바람이다. 석가는 이는 별과 인류의 군영과 얼음에 약동하다.','2019-02-10 00:55:22'),(36,11,96,96,92,70,79,'325꽃이 보이는 그들을 가는 꽃 방황하여도, 뿐이다. 트고, 반짝이는 위하여, 봄바람이다. 석가는 이는 별과 인류의 군영과 얼음에 약동하다.','2019-02-10 00:55:22'),(31,18,98,86,86,70,92,'326꽃이 보이는 그들을 가는 꽃 방황하여도, 뿐이다. 트고, 반짝이는 위하여, 봄바람이다. 석가는 이는 별과 인류의 군영과 얼음에 약동하다.','2019-02-10 00:55:22'),(50,24,69,75,67,62,57,'327꽃이 보이는 그들을 가는 꽃 방황하여도, 뿐이다. 트고, 반짝이는 위하여, 봄바람이다. 석가는 이는 별과 인류의 군영과 얼음에 약동하다.','2019-02-10 00:55:22'),(50,25,77,58,61,83,79,'328꽃이 보이는 그들을 가는 꽃 방황하여도, 뿐이다. 트고, 반짝이는 위하여, 봄바람이다. 석가는 이는 별과 인류의 군영과 얼음에 약동하다.','2019-02-10 00:55:22'),(49,3,69,89,84,55,75,'329꽃이 보이는 그들을 가는 꽃 방황하여도, 뿐이다. 트고, 반짝이는 위하여, 봄바람이다. 석가는 이는 별과 인류의 군영과 얼음에 약동하다.','2019-02-10 00:55:22'),(7,10,76,52,86,72,52,'330꽃이 보이는 그들을 가는 꽃 방황하여도, 뿐이다. 트고, 반짝이는 위하여, 봄바람이다. 석가는 이는 별과 인류의 군영과 얼음에 약동하다.','2019-02-10 00:55:22'),(47,25,83,92,61,80,66,'331꽃이 보이는 그들을 가는 꽃 방황하여도, 뿐이다. 트고, 반짝이는 위하여, 봄바람이다. 석가는 이는 별과 인류의 군영과 얼음에 약동하다.','2019-02-10 00:55:23'),(42,9,68,64,66,87,89,'332꽃이 보이는 그들을 가는 꽃 방황하여도, 뿐이다. 트고, 반짝이는 위하여, 봄바람이다. 석가는 이는 별과 인류의 군영과 얼음에 약동하다.','2019-02-10 00:55:23'),(31,36,87,78,77,54,88,'333꽃이 보이는 그들을 가는 꽃 방황하여도, 뿐이다. 트고, 반짝이는 위하여, 봄바람이다. 석가는 이는 별과 인류의 군영과 얼음에 약동하다.','2019-02-10 00:55:23'),(28,26,96,100,62,61,72,'334꽃이 보이는 그들을 가는 꽃 방황하여도, 뿐이다. 트고, 반짝이는 위하여, 봄바람이다. 석가는 이는 별과 인류의 군영과 얼음에 약동하다.','2019-02-10 00:55:23'),(26,11,78,58,59,68,64,'335꽃이 보이는 그들을 가는 꽃 방황하여도, 뿐이다. 트고, 반짝이는 위하여, 봄바람이다. 석가는 이는 별과 인류의 군영과 얼음에 약동하다.','2019-02-10 00:55:23'),(17,41,53,94,57,55,54,'336꽃이 보이는 그들을 가는 꽃 방황하여도, 뿐이다. 트고, 반짝이는 위하여, 봄바람이다. 석가는 이는 별과 인류의 군영과 얼음에 약동하다.','2019-02-10 00:55:23'),(7,21,83,50,55,74,56,'337꽃이 보이는 그들을 가는 꽃 방황하여도, 뿐이다. 트고, 반짝이는 위하여, 봄바람이다. 석가는 이는 별과 인류의 군영과 얼음에 약동하다.','2019-02-10 00:55:23'),(11,32,76,84,93,62,85,'338꽃이 보이는 그들을 가는 꽃 방황하여도, 뿐이다. 트고, 반짝이는 위하여, 봄바람이다. 석가는 이는 별과 인류의 군영과 얼음에 약동하다.','2019-02-10 00:55:23'),(37,27,76,98,60,59,65,'339꽃이 보이는 그들을 가는 꽃 방황하여도, 뿐이다. 트고, 반짝이는 위하여, 봄바람이다. 석가는 이는 별과 인류의 군영과 얼음에 약동하다.','2019-02-10 00:55:23'),(50,3,64,63,73,76,60,'340꽃이 보이는 그들을 가는 꽃 방황하여도, 뿐이다. 트고, 반짝이는 위하여, 봄바람이다. 석가는 이는 별과 인류의 군영과 얼음에 약동하다.','2019-02-10 00:55:23'),(25,43,89,65,61,60,67,'341꽃이 보이는 그들을 가는 꽃 방황하여도, 뿐이다. 트고, 반짝이는 위하여, 봄바람이다. 석가는 이는 별과 인류의 군영과 얼음에 약동하다.','2019-02-10 00:55:23'),(6,25,56,58,72,86,62,'342꽃이 보이는 그들을 가는 꽃 방황하여도, 뿐이다. 트고, 반짝이는 위하여, 봄바람이다. 석가는 이는 별과 인류의 군영과 얼음에 약동하다.','2019-02-10 00:55:23'),(3,28,78,57,53,96,67,'343꽃이 보이는 그들을 가는 꽃 방황하여도, 뿐이다. 트고, 반짝이는 위하여, 봄바람이다. 석가는 이는 별과 인류의 군영과 얼음에 약동하다.','2019-02-10 00:55:23'),(49,43,66,54,71,94,55,'344꽃이 보이는 그들을 가는 꽃 방황하여도, 뿐이다. 트고, 반짝이는 위하여, 봄바람이다. 석가는 이는 별과 인류의 군영과 얼음에 약동하다.','2019-02-10 00:55:23'),(48,20,54,65,64,72,69,'345꽃이 보이는 그들을 가는 꽃 방황하여도, 뿐이다. 트고, 반짝이는 위하여, 봄바람이다. 석가는 이는 별과 인류의 군영과 얼음에 약동하다.','2019-02-10 00:55:23'),(31,45,83,80,50,62,60,'346꽃이 보이는 그들을 가는 꽃 방황하여도, 뿐이다. 트고, 반짝이는 위하여, 봄바람이다. 석가는 이는 별과 인류의 군영과 얼음에 약동하다.','2019-02-10 00:55:23'),(17,50,50,53,66,68,96,'347꽃이 보이는 그들을 가는 꽃 방황하여도, 뿐이다. 트고, 반짝이는 위하여, 봄바람이다. 석가는 이는 별과 인류의 군영과 얼음에 약동하다.','2019-02-10 00:55:23'),(20,15,60,61,73,81,88,'348꽃이 보이는 그들을 가는 꽃 방황하여도, 뿐이다. 트고, 반짝이는 위하여, 봄바람이다. 석가는 이는 별과 인류의 군영과 얼음에 약동하다.','2019-02-10 00:55:23'),(47,19,52,58,84,95,70,'349꽃이 보이는 그들을 가는 꽃 방황하여도, 뿐이다. 트고, 반짝이는 위하여, 봄바람이다. 석가는 이는 별과 인류의 군영과 얼음에 약동하다.','2019-02-10 00:55:23'),(20,35,63,64,81,61,65,'350꽃이 보이는 그들을 가는 꽃 방황하여도, 뿐이다. 트고, 반짝이는 위하여, 봄바람이다. 석가는 이는 별과 인류의 군영과 얼음에 약동하다.','2019-02-10 00:55:23'),(42,14,92,69,71,100,81,'351꽃이 보이는 그들을 가는 꽃 방황하여도, 뿐이다. 트고, 반짝이는 위하여, 봄바람이다. 석가는 이는 별과 인류의 군영과 얼음에 약동하다.','2019-02-10 00:55:23'),(9,48,61,64,90,52,97,'352꽃이 보이는 그들을 가는 꽃 방황하여도, 뿐이다. 트고, 반짝이는 위하여, 봄바람이다. 석가는 이는 별과 인류의 군영과 얼음에 약동하다.','2019-02-10 00:55:23'),(24,29,71,71,93,98,60,'353꽃이 보이는 그들을 가는 꽃 방황하여도, 뿐이다. 트고, 반짝이는 위하여, 봄바람이다. 석가는 이는 별과 인류의 군영과 얼음에 약동하다.','2019-02-10 00:55:23'),(10,17,55,76,64,92,67,'354꽃이 보이는 그들을 가는 꽃 방황하여도, 뿐이다. 트고, 반짝이는 위하여, 봄바람이다. 석가는 이는 별과 인류의 군영과 얼음에 약동하다.','2019-02-10 00:55:23'),(9,42,83,92,56,59,78,'355꽃이 보이는 그들을 가는 꽃 방황하여도, 뿐이다. 트고, 반짝이는 위하여, 봄바람이다. 석가는 이는 별과 인류의 군영과 얼음에 약동하다.','2019-02-10 00:55:23'),(13,28,51,74,66,59,100,'356꽃이 보이는 그들을 가는 꽃 방황하여도, 뿐이다. 트고, 반짝이는 위하여, 봄바람이다. 석가는 이는 별과 인류의 군영과 얼음에 약동하다.','2019-02-10 00:55:23'),(18,42,51,84,66,77,86,'357꽃이 보이는 그들을 가는 꽃 방황하여도, 뿐이다. 트고, 반짝이는 위하여, 봄바람이다. 석가는 이는 별과 인류의 군영과 얼음에 약동하다.','2019-02-10 00:55:23'),(1,45,70,66,69,50,95,'358꽃이 보이는 그들을 가는 꽃 방황하여도, 뿐이다. 트고, 반짝이는 위하여, 봄바람이다. 석가는 이는 별과 인류의 군영과 얼음에 약동하다.','2019-02-10 00:55:23'),(22,23,98,70,57,76,60,'359꽃이 보이는 그들을 가는 꽃 방황하여도, 뿐이다. 트고, 반짝이는 위하여, 봄바람이다. 석가는 이는 별과 인류의 군영과 얼음에 약동하다.','2019-02-10 00:55:23'),(24,38,66,69,95,68,58,'360꽃이 보이는 그들을 가는 꽃 방황하여도, 뿐이다. 트고, 반짝이는 위하여, 봄바람이다. 석가는 이는 별과 인류의 군영과 얼음에 약동하다.','2019-02-10 00:55:23'),(35,48,86,87,74,62,87,'361꽃이 보이는 그들을 가는 꽃 방황하여도, 뿐이다. 트고, 반짝이는 위하여, 봄바람이다. 석가는 이는 별과 인류의 군영과 얼음에 약동하다.','2019-02-10 00:55:23'),(49,33,68,91,50,82,56,'362꽃이 보이는 그들을 가는 꽃 방황하여도, 뿐이다. 트고, 반짝이는 위하여, 봄바람이다. 석가는 이는 별과 인류의 군영과 얼음에 약동하다.','2019-02-10 00:55:23'),(38,19,78,84,88,87,68,'363꽃이 보이는 그들을 가는 꽃 방황하여도, 뿐이다. 트고, 반짝이는 위하여, 봄바람이다. 석가는 이는 별과 인류의 군영과 얼음에 약동하다.','2019-02-10 00:55:23'),(33,8,88,69,80,93,73,'364꽃이 보이는 그들을 가는 꽃 방황하여도, 뿐이다. 트고, 반짝이는 위하여, 봄바람이다. 석가는 이는 별과 인류의 군영과 얼음에 약동하다.','2019-02-10 00:55:23'),(38,19,81,100,53,69,86,'365꽃이 보이는 그들을 가는 꽃 방황하여도, 뿐이다. 트고, 반짝이는 위하여, 봄바람이다. 석가는 이는 별과 인류의 군영과 얼음에 약동하다.','2019-02-10 00:55:23'),(20,44,56,51,89,90,82,'366꽃이 보이는 그들을 가는 꽃 방황하여도, 뿐이다. 트고, 반짝이는 위하여, 봄바람이다. 석가는 이는 별과 인류의 군영과 얼음에 약동하다.','2019-02-10 00:55:23'),(40,2,88,87,70,91,93,'367꽃이 보이는 그들을 가는 꽃 방황하여도, 뿐이다. 트고, 반짝이는 위하여, 봄바람이다. 석가는 이는 별과 인류의 군영과 얼음에 약동하다.','2019-02-10 00:55:23'),(40,20,82,99,100,99,98,'368꽃이 보이는 그들을 가는 꽃 방황하여도, 뿐이다. 트고, 반짝이는 위하여, 봄바람이다. 석가는 이는 별과 인류의 군영과 얼음에 약동하다.','2019-02-10 00:55:23'),(41,12,87,98,80,54,82,'369꽃이 보이는 그들을 가는 꽃 방황하여도, 뿐이다. 트고, 반짝이는 위하여, 봄바람이다. 석가는 이는 별과 인류의 군영과 얼음에 약동하다.','2019-02-10 00:55:23'),(47,37,93,52,88,78,78,'370꽃이 보이는 그들을 가는 꽃 방황하여도, 뿐이다. 트고, 반짝이는 위하여, 봄바람이다. 석가는 이는 별과 인류의 군영과 얼음에 약동하다.','2019-02-10 00:55:23'),(7,49,75,76,57,58,69,'371꽃이 보이는 그들을 가는 꽃 방황하여도, 뿐이다. 트고, 반짝이는 위하여, 봄바람이다. 석가는 이는 별과 인류의 군영과 얼음에 약동하다.','2019-02-10 00:55:23'),(23,4,51,98,81,64,78,'372꽃이 보이는 그들을 가는 꽃 방황하여도, 뿐이다. 트고, 반짝이는 위하여, 봄바람이다. 석가는 이는 별과 인류의 군영과 얼음에 약동하다.','2019-02-10 00:55:23'),(46,44,83,85,74,68,65,'373꽃이 보이는 그들을 가는 꽃 방황하여도, 뿐이다. 트고, 반짝이는 위하여, 봄바람이다. 석가는 이는 별과 인류의 군영과 얼음에 약동하다.','2019-02-10 00:55:23'),(25,36,52,57,80,77,95,'375꽃이 보이는 그들을 가는 꽃 방황하여도, 뿐이다. 트고, 반짝이는 위하여, 봄바람이다. 석가는 이는 별과 인류의 군영과 얼음에 약동하다.','2019-02-10 00:55:23'),(42,24,95,52,78,82,75,'376꽃이 보이는 그들을 가는 꽃 방황하여도, 뿐이다. 트고, 반짝이는 위하여, 봄바람이다. 석가는 이는 별과 인류의 군영과 얼음에 약동하다.','2019-02-10 00:55:23'),(29,18,53,66,68,92,53,'377꽃이 보이는 그들을 가는 꽃 방황하여도, 뿐이다. 트고, 반짝이는 위하여, 봄바람이다. 석가는 이는 별과 인류의 군영과 얼음에 약동하다.','2019-02-10 00:55:23'),(43,2,80,95,86,94,59,'378꽃이 보이는 그들을 가는 꽃 방황하여도, 뿐이다. 트고, 반짝이는 위하여, 봄바람이다. 석가는 이는 별과 인류의 군영과 얼음에 약동하다.','2019-02-10 00:55:23'),(16,1,57,83,93,64,96,'379꽃이 보이는 그들을 가는 꽃 방황하여도, 뿐이다. 트고, 반짝이는 위하여, 봄바람이다. 석가는 이는 별과 인류의 군영과 얼음에 약동하다.','2019-02-10 00:55:23'),(33,29,94,83,84,68,91,'380꽃이 보이는 그들을 가는 꽃 방황하여도, 뿐이다. 트고, 반짝이는 위하여, 봄바람이다. 석가는 이는 별과 인류의 군영과 얼음에 약동하다.','2019-02-10 00:55:23'),(49,21,56,70,80,91,64,'381꽃이 보이는 그들을 가는 꽃 방황하여도, 뿐이다. 트고, 반짝이는 위하여, 봄바람이다. 석가는 이는 별과 인류의 군영과 얼음에 약동하다.','2019-02-10 00:55:23'),(47,43,71,79,82,71,59,'382꽃이 보이는 그들을 가는 꽃 방황하여도, 뿐이다. 트고, 반짝이는 위하여, 봄바람이다. 석가는 이는 별과 인류의 군영과 얼음에 약동하다.','2019-02-10 00:55:23'),(33,37,83,54,73,53,97,'383꽃이 보이는 그들을 가는 꽃 방황하여도, 뿐이다. 트고, 반짝이는 위하여, 봄바람이다. 석가는 이는 별과 인류의 군영과 얼음에 약동하다.','2019-02-10 00:55:23'),(23,24,99,74,73,94,99,'384꽃이 보이는 그들을 가는 꽃 방황하여도, 뿐이다. 트고, 반짝이는 위하여, 봄바람이다. 석가는 이는 별과 인류의 군영과 얼음에 약동하다.','2019-02-10 00:55:23'),(13,16,92,60,78,57,51,'385꽃이 보이는 그들을 가는 꽃 방황하여도, 뿐이다. 트고, 반짝이는 위하여, 봄바람이다. 석가는 이는 별과 인류의 군영과 얼음에 약동하다.','2019-02-10 00:55:23'),(38,34,52,64,63,73,78,'386꽃이 보이는 그들을 가는 꽃 방황하여도, 뿐이다. 트고, 반짝이는 위하여, 봄바람이다. 석가는 이는 별과 인류의 군영과 얼음에 약동하다.','2019-02-10 00:55:23'),(19,7,81,82,69,51,97,'387꽃이 보이는 그들을 가는 꽃 방황하여도, 뿐이다. 트고, 반짝이는 위하여, 봄바람이다. 석가는 이는 별과 인류의 군영과 얼음에 약동하다.','2019-02-10 00:55:23'),(30,6,93,95,96,94,81,'388꽃이 보이는 그들을 가는 꽃 방황하여도, 뿐이다. 트고, 반짝이는 위하여, 봄바람이다. 석가는 이는 별과 인류의 군영과 얼음에 약동하다.','2019-02-10 00:55:23'),(23,22,88,77,70,70,91,'389꽃이 보이는 그들을 가는 꽃 방황하여도, 뿐이다. 트고, 반짝이는 위하여, 봄바람이다. 석가는 이는 별과 인류의 군영과 얼음에 약동하다.','2019-02-10 00:55:23'),(42,38,62,97,99,53,72,'390꽃이 보이는 그들을 가는 꽃 방황하여도, 뿐이다. 트고, 반짝이는 위하여, 봄바람이다. 석가는 이는 별과 인류의 군영과 얼음에 약동하다.','2019-02-10 00:55:23'),(49,29,95,89,58,75,50,'391꽃이 보이는 그들을 가는 꽃 방황하여도, 뿐이다. 트고, 반짝이는 위하여, 봄바람이다. 석가는 이는 별과 인류의 군영과 얼음에 약동하다.','2019-02-10 00:55:23'),(27,32,79,51,70,96,69,'392꽃이 보이는 그들을 가는 꽃 방황하여도, 뿐이다. 트고, 반짝이는 위하여, 봄바람이다. 석가는 이는 별과 인류의 군영과 얼음에 약동하다.','2019-02-10 00:55:23'),(8,29,70,66,69,98,79,'393꽃이 보이는 그들을 가는 꽃 방황하여도, 뿐이다. 트고, 반짝이는 위하여, 봄바람이다. 석가는 이는 별과 인류의 군영과 얼음에 약동하다.','2019-02-10 00:55:23'),(5,37,69,85,68,86,74,'394꽃이 보이는 그들을 가는 꽃 방황하여도, 뿐이다. 트고, 반짝이는 위하여, 봄바람이다. 석가는 이는 별과 인류의 군영과 얼음에 약동하다.','2019-02-10 00:55:23'),(15,48,96,84,84,66,82,'395꽃이 보이는 그들을 가는 꽃 방황하여도, 뿐이다. 트고, 반짝이는 위하여, 봄바람이다. 석가는 이는 별과 인류의 군영과 얼음에 약동하다.','2019-02-10 00:55:23'),(11,6,96,63,78,50,68,'396꽃이 보이는 그들을 가는 꽃 방황하여도, 뿐이다. 트고, 반짝이는 위하여, 봄바람이다. 석가는 이는 별과 인류의 군영과 얼음에 약동하다.','2019-02-10 00:55:23'),(38,36,63,62,70,66,67,'397꽃이 보이는 그들을 가는 꽃 방황하여도, 뿐이다. 트고, 반짝이는 위하여, 봄바람이다. 석가는 이는 별과 인류의 군영과 얼음에 약동하다.','2019-02-10 00:55:23'),(39,43,96,50,66,79,95,'398꽃이 보이는 그들을 가는 꽃 방황하여도, 뿐이다. 트고, 반짝이는 위하여, 봄바람이다. 석가는 이는 별과 인류의 군영과 얼음에 약동하다.','2019-02-10 00:55:23'),(38,6,64,54,78,79,60,'399꽃이 보이는 그들을 가는 꽃 방황하여도, 뿐이다. 트고, 반짝이는 위하여, 봄바람이다. 석가는 이는 별과 인류의 군영과 얼음에 약동하다.','2019-02-10 00:55:23'),(15,42,64,99,97,89,54,'400꽃이 보이는 그들을 가는 꽃 방황하여도, 뿐이다. 트고, 반짝이는 위하여, 봄바람이다. 석가는 이는 별과 인류의 군영과 얼음에 약동하다.','2019-02-10 00:55:23'),(7,19,71,50,91,50,80,'401꽃이 보이는 그들을 가는 꽃 방황하여도, 뿐이다. 트고, 반짝이는 위하여, 봄바람이다. 석가는 이는 별과 인류의 군영과 얼음에 약동하다.','2019-02-10 00:55:23'),(50,7,83,97,85,86,72,'402꽃이 보이는 그들을 가는 꽃 방황하여도, 뿐이다. 트고, 반짝이는 위하여, 봄바람이다. 석가는 이는 별과 인류의 군영과 얼음에 약동하다.','2019-02-10 00:55:23'),(4,2,98,82,66,86,80,'403꽃이 보이는 그들을 가는 꽃 방황하여도, 뿐이다. 트고, 반짝이는 위하여, 봄바람이다. 석가는 이는 별과 인류의 군영과 얼음에 약동하다.','2019-02-10 00:55:23'),(41,15,51,63,60,61,78,'404꽃이 보이는 그들을 가는 꽃 방황하여도, 뿐이다. 트고, 반짝이는 위하여, 봄바람이다. 석가는 이는 별과 인류의 군영과 얼음에 약동하다.','2019-02-10 00:55:23'),(5,39,79,80,63,77,96,'405꽃이 보이는 그들을 가는 꽃 방황하여도, 뿐이다. 트고, 반짝이는 위하여, 봄바람이다. 석가는 이는 별과 인류의 군영과 얼음에 약동하다.','2019-02-10 00:55:23'),(47,45,83,81,57,95,100,'406꽃이 보이는 그들을 가는 꽃 방황하여도, 뿐이다. 트고, 반짝이는 위하여, 봄바람이다. 석가는 이는 별과 인류의 군영과 얼음에 약동하다.','2019-02-10 00:55:23'),(16,27,87,55,65,58,98,'407꽃이 보이는 그들을 가는 꽃 방황하여도, 뿐이다. 트고, 반짝이는 위하여, 봄바람이다. 석가는 이는 별과 인류의 군영과 얼음에 약동하다.','2019-02-10 00:55:23'),(14,24,78,67,53,64,63,'408꽃이 보이는 그들을 가는 꽃 방황하여도, 뿐이다. 트고, 반짝이는 위하여, 봄바람이다. 석가는 이는 별과 인류의 군영과 얼음에 약동하다.','2019-02-10 00:55:23'),(21,16,63,70,60,90,71,'409꽃이 보이는 그들을 가는 꽃 방황하여도, 뿐이다. 트고, 반짝이는 위하여, 봄바람이다. 석가는 이는 별과 인류의 군영과 얼음에 약동하다.','2019-02-10 00:55:23'),(34,6,75,61,81,69,54,'410꽃이 보이는 그들을 가는 꽃 방황하여도, 뿐이다. 트고, 반짝이는 위하여, 봄바람이다. 석가는 이는 별과 인류의 군영과 얼음에 약동하다.','2019-02-10 00:55:23'),(13,2,69,93,53,90,91,'411꽃이 보이는 그들을 가는 꽃 방황하여도, 뿐이다. 트고, 반짝이는 위하여, 봄바람이다. 석가는 이는 별과 인류의 군영과 얼음에 약동하다.','2019-02-10 00:55:23'),(33,42,61,79,64,81,64,'412꽃이 보이는 그들을 가는 꽃 방황하여도, 뿐이다. 트고, 반짝이는 위하여, 봄바람이다. 석가는 이는 별과 인류의 군영과 얼음에 약동하다.','2019-02-10 00:55:23'),(27,41,75,51,82,57,88,'413꽃이 보이는 그들을 가는 꽃 방황하여도, 뿐이다. 트고, 반짝이는 위하여, 봄바람이다. 석가는 이는 별과 인류의 군영과 얼음에 약동하다.','2019-02-10 00:55:23'),(20,35,63,64,80,55,88,'414꽃이 보이는 그들을 가는 꽃 방황하여도, 뿐이다. 트고, 반짝이는 위하여, 봄바람이다. 석가는 이는 별과 인류의 군영과 얼음에 약동하다.','2019-02-10 00:55:23'),(24,3,95,63,85,83,60,'415꽃이 보이는 그들을 가는 꽃 방황하여도, 뿐이다. 트고, 반짝이는 위하여, 봄바람이다. 석가는 이는 별과 인류의 군영과 얼음에 약동하다.','2019-02-10 00:55:23'),(5,39,82,92,62,86,92,'416꽃이 보이는 그들을 가는 꽃 방황하여도, 뿐이다. 트고, 반짝이는 위하여, 봄바람이다. 석가는 이는 별과 인류의 군영과 얼음에 약동하다.','2019-02-10 00:55:23'),(2,31,50,61,54,87,73,'417꽃이 보이는 그들을 가는 꽃 방황하여도, 뿐이다. 트고, 반짝이는 위하여, 봄바람이다. 석가는 이는 별과 인류의 군영과 얼음에 약동하다.','2019-02-10 00:55:23'),(3,46,69,58,85,50,96,'418꽃이 보이는 그들을 가는 꽃 방황하여도, 뿐이다. 트고, 반짝이는 위하여, 봄바람이다. 석가는 이는 별과 인류의 군영과 얼음에 약동하다.','2019-02-10 00:55:23'),(28,1,72,57,71,82,99,'419꽃이 보이는 그들을 가는 꽃 방황하여도, 뿐이다. 트고, 반짝이는 위하여, 봄바람이다. 석가는 이는 별과 인류의 군영과 얼음에 약동하다.','2019-02-10 00:55:23'),(45,30,61,70,64,63,73,'420꽃이 보이는 그들을 가는 꽃 방황하여도, 뿐이다. 트고, 반짝이는 위하여, 봄바람이다. 석가는 이는 별과 인류의 군영과 얼음에 약동하다.','2019-02-10 00:55:23'),(25,6,53,99,84,73,65,'421꽃이 보이는 그들을 가는 꽃 방황하여도, 뿐이다. 트고, 반짝이는 위하여, 봄바람이다. 석가는 이는 별과 인류의 군영과 얼음에 약동하다.','2019-02-10 00:55:23'),(5,29,81,65,86,84,61,'422꽃이 보이는 그들을 가는 꽃 방황하여도, 뿐이다. 트고, 반짝이는 위하여, 봄바람이다. 석가는 이는 별과 인류의 군영과 얼음에 약동하다.','2019-02-10 00:55:23'),(6,45,55,94,51,78,83,'423꽃이 보이는 그들을 가는 꽃 방황하여도, 뿐이다. 트고, 반짝이는 위하여, 봄바람이다. 석가는 이는 별과 인류의 군영과 얼음에 약동하다.','2019-02-10 00:55:23'),(30,2,68,87,78,78,59,'424꽃이 보이는 그들을 가는 꽃 방황하여도, 뿐이다. 트고, 반짝이는 위하여, 봄바람이다. 석가는 이는 별과 인류의 군영과 얼음에 약동하다.','2019-02-10 00:55:23'),(10,21,73,55,57,73,90,'425꽃이 보이는 그들을 가는 꽃 방황하여도, 뿐이다. 트고, 반짝이는 위하여, 봄바람이다. 석가는 이는 별과 인류의 군영과 얼음에 약동하다.','2019-02-10 00:55:23'),(30,28,50,68,91,99,70,'426꽃이 보이는 그들을 가는 꽃 방황하여도, 뿐이다. 트고, 반짝이는 위하여, 봄바람이다. 석가는 이는 별과 인류의 군영과 얼음에 약동하다.','2019-02-10 00:55:23'),(5,13,98,51,65,71,59,'427꽃이 보이는 그들을 가는 꽃 방황하여도, 뿐이다. 트고, 반짝이는 위하여, 봄바람이다. 석가는 이는 별과 인류의 군영과 얼음에 약동하다.','2019-02-10 00:55:23'),(32,33,66,85,74,67,64,'428꽃이 보이는 그들을 가는 꽃 방황하여도, 뿐이다. 트고, 반짝이는 위하여, 봄바람이다. 석가는 이는 별과 인류의 군영과 얼음에 약동하다.','2019-02-10 00:55:23'),(19,49,87,92,95,98,56,'429꽃이 보이는 그들을 가는 꽃 방황하여도, 뿐이다. 트고, 반짝이는 위하여, 봄바람이다. 석가는 이는 별과 인류의 군영과 얼음에 약동하다.','2019-02-10 00:55:23'),(38,19,82,53,73,51,92,'430꽃이 보이는 그들을 가는 꽃 방황하여도, 뿐이다. 트고, 반짝이는 위하여, 봄바람이다. 석가는 이는 별과 인류의 군영과 얼음에 약동하다.','2019-02-10 00:55:23'),(2,32,54,75,65,100,52,'431꽃이 보이는 그들을 가는 꽃 방황하여도, 뿐이다. 트고, 반짝이는 위하여, 봄바람이다. 석가는 이는 별과 인류의 군영과 얼음에 약동하다.','2019-02-10 00:55:23'),(13,7,94,100,67,85,74,'432꽃이 보이는 그들을 가는 꽃 방황하여도, 뿐이다. 트고, 반짝이는 위하여, 봄바람이다. 석가는 이는 별과 인류의 군영과 얼음에 약동하다.','2019-02-10 00:55:23'),(16,8,89,70,84,58,94,'433꽃이 보이는 그들을 가는 꽃 방황하여도, 뿐이다. 트고, 반짝이는 위하여, 봄바람이다. 석가는 이는 별과 인류의 군영과 얼음에 약동하다.','2019-02-10 00:55:23'),(40,20,77,79,62,75,90,'434꽃이 보이는 그들을 가는 꽃 방황하여도, 뿐이다. 트고, 반짝이는 위하여, 봄바람이다. 석가는 이는 별과 인류의 군영과 얼음에 약동하다.','2019-02-10 00:55:23'),(23,45,56,95,57,50,81,'435꽃이 보이는 그들을 가는 꽃 방황하여도, 뿐이다. 트고, 반짝이는 위하여, 봄바람이다. 석가는 이는 별과 인류의 군영과 얼음에 약동하다.','2019-02-10 00:55:23'),(3,19,86,74,64,97,91,'436꽃이 보이는 그들을 가는 꽃 방황하여도, 뿐이다. 트고, 반짝이는 위하여, 봄바람이다. 석가는 이는 별과 인류의 군영과 얼음에 약동하다.','2019-02-10 00:55:23'),(13,44,77,57,53,95,64,'437꽃이 보이는 그들을 가는 꽃 방황하여도, 뿐이다. 트고, 반짝이는 위하여, 봄바람이다. 석가는 이는 별과 인류의 군영과 얼음에 약동하다.','2019-02-10 00:55:23'),(38,45,58,59,71,79,81,'438꽃이 보이는 그들을 가는 꽃 방황하여도, 뿐이다. 트고, 반짝이는 위하여, 봄바람이다. 석가는 이는 별과 인류의 군영과 얼음에 약동하다.','2019-02-10 00:55:23'),(16,38,92,94,93,81,79,'439꽃이 보이는 그들을 가는 꽃 방황하여도, 뿐이다. 트고, 반짝이는 위하여, 봄바람이다. 석가는 이는 별과 인류의 군영과 얼음에 약동하다.','2019-02-10 00:55:23'),(3,27,75,95,97,50,60,'440꽃이 보이는 그들을 가는 꽃 방황하여도, 뿐이다. 트고, 반짝이는 위하여, 봄바람이다. 석가는 이는 별과 인류의 군영과 얼음에 약동하다.','2019-02-10 00:55:23'),(2,29,86,97,72,71,89,'441꽃이 보이는 그들을 가는 꽃 방황하여도, 뿐이다. 트고, 반짝이는 위하여, 봄바람이다. 석가는 이는 별과 인류의 군영과 얼음에 약동하다.','2019-02-10 00:55:23'),(33,46,80,63,76,90,73,'442꽃이 보이는 그들을 가는 꽃 방황하여도, 뿐이다. 트고, 반짝이는 위하여, 봄바람이다. 석가는 이는 별과 인류의 군영과 얼음에 약동하다.','2019-02-10 00:55:23'),(45,6,92,93,89,64,55,'443꽃이 보이는 그들을 가는 꽃 방황하여도, 뿐이다. 트고, 반짝이는 위하여, 봄바람이다. 석가는 이는 별과 인류의 군영과 얼음에 약동하다.','2019-02-10 00:55:23'),(34,4,66,70,53,56,71,'444꽃이 보이는 그들을 가는 꽃 방황하여도, 뿐이다. 트고, 반짝이는 위하여, 봄바람이다. 석가는 이는 별과 인류의 군영과 얼음에 약동하다.','2019-02-10 00:55:23'),(39,27,68,61,52,77,77,'445꽃이 보이는 그들을 가는 꽃 방황하여도, 뿐이다. 트고, 반짝이는 위하여, 봄바람이다. 석가는 이는 별과 인류의 군영과 얼음에 약동하다.','2019-02-10 00:55:23'),(7,49,75,79,69,57,82,'446꽃이 보이는 그들을 가는 꽃 방황하여도, 뿐이다. 트고, 반짝이는 위하여, 봄바람이다. 석가는 이는 별과 인류의 군영과 얼음에 약동하다.','2019-02-10 00:55:23'),(36,33,56,84,52,58,85,'447꽃이 보이는 그들을 가는 꽃 방황하여도, 뿐이다. 트고, 반짝이는 위하여, 봄바람이다. 석가는 이는 별과 인류의 군영과 얼음에 약동하다.','2019-02-10 00:55:23'),(48,34,77,83,86,78,85,'448꽃이 보이는 그들을 가는 꽃 방황하여도, 뿐이다. 트고, 반짝이는 위하여, 봄바람이다. 석가는 이는 별과 인류의 군영과 얼음에 약동하다.','2019-02-10 00:55:23'),(38,34,56,80,81,66,87,'449꽃이 보이는 그들을 가는 꽃 방황하여도, 뿐이다. 트고, 반짝이는 위하여, 봄바람이다. 석가는 이는 별과 인류의 군영과 얼음에 약동하다.','2019-02-10 00:55:23'),(36,18,82,55,82,93,69,'450꽃이 보이는 그들을 가는 꽃 방황하여도, 뿐이다. 트고, 반짝이는 위하여, 봄바람이다. 석가는 이는 별과 인류의 군영과 얼음에 약동하다.','2019-02-10 00:55:23'),(15,19,99,88,94,53,89,'451꽃이 보이는 그들을 가는 꽃 방황하여도, 뿐이다. 트고, 반짝이는 위하여, 봄바람이다. 석가는 이는 별과 인류의 군영과 얼음에 약동하다.','2019-02-10 00:55:23'),(33,45,75,93,86,53,60,'452꽃이 보이는 그들을 가는 꽃 방황하여도, 뿐이다. 트고, 반짝이는 위하여, 봄바람이다. 석가는 이는 별과 인류의 군영과 얼음에 약동하다.','2019-02-10 00:55:23'),(40,19,74,63,96,89,56,'453꽃이 보이는 그들을 가는 꽃 방황하여도, 뿐이다. 트고, 반짝이는 위하여, 봄바람이다. 석가는 이는 별과 인류의 군영과 얼음에 약동하다.','2019-02-10 00:55:23'),(15,4,74,57,68,68,86,'454꽃이 보이는 그들을 가는 꽃 방황하여도, 뿐이다. 트고, 반짝이는 위하여, 봄바람이다. 석가는 이는 별과 인류의 군영과 얼음에 약동하다.','2019-02-10 00:55:23'),(26,22,80,83,76,83,86,'455꽃이 보이는 그들을 가는 꽃 방황하여도, 뿐이다. 트고, 반짝이는 위하여, 봄바람이다. 석가는 이는 별과 인류의 군영과 얼음에 약동하다.','2019-02-10 00:55:23'),(29,36,92,52,88,82,98,'456꽃이 보이는 그들을 가는 꽃 방황하여도, 뿐이다. 트고, 반짝이는 위하여, 봄바람이다. 석가는 이는 별과 인류의 군영과 얼음에 약동하다.','2019-02-10 00:55:23'),(40,4,50,94,65,95,78,'457꽃이 보이는 그들을 가는 꽃 방황하여도, 뿐이다. 트고, 반짝이는 위하여, 봄바람이다. 석가는 이는 별과 인류의 군영과 얼음에 약동하다.','2019-02-10 00:55:23'),(6,44,51,76,77,54,94,'458꽃이 보이는 그들을 가는 꽃 방황하여도, 뿐이다. 트고, 반짝이는 위하여, 봄바람이다. 석가는 이는 별과 인류의 군영과 얼음에 약동하다.','2019-02-10 00:55:23'),(3,34,60,52,79,89,56,'459꽃이 보이는 그들을 가는 꽃 방황하여도, 뿐이다. 트고, 반짝이는 위하여, 봄바람이다. 석가는 이는 별과 인류의 군영과 얼음에 약동하다.','2019-02-10 00:55:23'),(16,10,100,67,91,51,84,'460꽃이 보이는 그들을 가는 꽃 방황하여도, 뿐이다. 트고, 반짝이는 위하여, 봄바람이다. 석가는 이는 별과 인류의 군영과 얼음에 약동하다.','2019-02-10 00:55:23'),(15,24,71,85,63,61,66,'461꽃이 보이는 그들을 가는 꽃 방황하여도, 뿐이다. 트고, 반짝이는 위하여, 봄바람이다. 석가는 이는 별과 인류의 군영과 얼음에 약동하다.','2019-02-10 00:55:23'),(48,39,99,79,98,51,64,'462꽃이 보이는 그들을 가는 꽃 방황하여도, 뿐이다. 트고, 반짝이는 위하여, 봄바람이다. 석가는 이는 별과 인류의 군영과 얼음에 약동하다.','2019-02-10 00:55:23'),(18,44,65,96,82,74,72,'463꽃이 보이는 그들을 가는 꽃 방황하여도, 뿐이다. 트고, 반짝이는 위하여, 봄바람이다. 석가는 이는 별과 인류의 군영과 얼음에 약동하다.','2019-02-10 00:55:23'),(41,34,98,88,94,57,56,'464꽃이 보이는 그들을 가는 꽃 방황하여도, 뿐이다. 트고, 반짝이는 위하여, 봄바람이다. 석가는 이는 별과 인류의 군영과 얼음에 약동하다.','2019-02-10 00:55:23'),(8,18,66,77,86,100,90,'465꽃이 보이는 그들을 가는 꽃 방황하여도, 뿐이다. 트고, 반짝이는 위하여, 봄바람이다. 석가는 이는 별과 인류의 군영과 얼음에 약동하다.','2019-02-10 00:55:23'),(50,29,93,77,57,58,68,'466꽃이 보이는 그들을 가는 꽃 방황하여도, 뿐이다. 트고, 반짝이는 위하여, 봄바람이다. 석가는 이는 별과 인류의 군영과 얼음에 약동하다.','2019-02-10 00:55:23'),(18,34,64,68,50,98,85,'467꽃이 보이는 그들을 가는 꽃 방황하여도, 뿐이다. 트고, 반짝이는 위하여, 봄바람이다. 석가는 이는 별과 인류의 군영과 얼음에 약동하다.','2019-02-10 00:55:23'),(34,14,66,89,97,67,97,'468꽃이 보이는 그들을 가는 꽃 방황하여도, 뿐이다. 트고, 반짝이는 위하여, 봄바람이다. 석가는 이는 별과 인류의 군영과 얼음에 약동하다.','2019-02-10 00:55:23'),(32,19,97,80,56,94,50,'469꽃이 보이는 그들을 가는 꽃 방황하여도, 뿐이다. 트고, 반짝이는 위하여, 봄바람이다. 석가는 이는 별과 인류의 군영과 얼음에 약동하다.','2019-02-10 00:55:23'),(22,8,70,78,78,57,55,'470꽃이 보이는 그들을 가는 꽃 방황하여도, 뿐이다. 트고, 반짝이는 위하여, 봄바람이다. 석가는 이는 별과 인류의 군영과 얼음에 약동하다.','2019-02-10 00:55:23'),(2,43,59,66,54,74,55,'471꽃이 보이는 그들을 가는 꽃 방황하여도, 뿐이다. 트고, 반짝이는 위하여, 봄바람이다. 석가는 이는 별과 인류의 군영과 얼음에 약동하다.','2019-02-10 00:55:23'),(7,18,66,78,92,75,50,'472꽃이 보이는 그들을 가는 꽃 방황하여도, 뿐이다. 트고, 반짝이는 위하여, 봄바람이다. 석가는 이는 별과 인류의 군영과 얼음에 약동하다.','2019-02-10 00:55:23'),(27,32,78,97,96,92,71,'473꽃이 보이는 그들을 가는 꽃 방황하여도, 뿐이다. 트고, 반짝이는 위하여, 봄바람이다. 석가는 이는 별과 인류의 군영과 얼음에 약동하다.','2019-02-10 00:55:23'),(32,44,72,80,83,73,69,'474꽃이 보이는 그들을 가는 꽃 방황하여도, 뿐이다. 트고, 반짝이는 위하여, 봄바람이다. 석가는 이는 별과 인류의 군영과 얼음에 약동하다.','2019-02-10 00:55:23'),(25,15,99,52,64,64,78,'475꽃이 보이는 그들을 가는 꽃 방황하여도, 뿐이다. 트고, 반짝이는 위하여, 봄바람이다. 석가는 이는 별과 인류의 군영과 얼음에 약동하다.','2019-02-10 00:55:23'),(48,6,85,57,82,88,93,'476꽃이 보이는 그들을 가는 꽃 방황하여도, 뿐이다. 트고, 반짝이는 위하여, 봄바람이다. 석가는 이는 별과 인류의 군영과 얼음에 약동하다.','2019-02-10 00:55:23'),(1,23,64,50,63,61,69,'477꽃이 보이는 그들을 가는 꽃 방황하여도, 뿐이다. 트고, 반짝이는 위하여, 봄바람이다. 석가는 이는 별과 인류의 군영과 얼음에 약동하다.','2019-02-10 00:55:23'),(10,42,77,60,73,82,91,'478꽃이 보이는 그들을 가는 꽃 방황하여도, 뿐이다. 트고, 반짝이는 위하여, 봄바람이다. 석가는 이는 별과 인류의 군영과 얼음에 약동하다.','2019-02-10 00:55:23'),(9,22,81,90,56,62,93,'479꽃이 보이는 그들을 가는 꽃 방황하여도, 뿐이다. 트고, 반짝이는 위하여, 봄바람이다. 석가는 이는 별과 인류의 군영과 얼음에 약동하다.','2019-02-10 00:55:23'),(27,3,84,63,64,83,68,'480꽃이 보이는 그들을 가는 꽃 방황하여도, 뿐이다. 트고, 반짝이는 위하여, 봄바람이다. 석가는 이는 별과 인류의 군영과 얼음에 약동하다.','2019-02-10 00:55:23'),(45,17,100,50,50,51,58,'481꽃이 보이는 그들을 가는 꽃 방황하여도, 뿐이다. 트고, 반짝이는 위하여, 봄바람이다. 석가는 이는 별과 인류의 군영과 얼음에 약동하다.','2019-02-10 00:55:23'),(36,3,55,71,88,77,73,'482꽃이 보이는 그들을 가는 꽃 방황하여도, 뿐이다. 트고, 반짝이는 위하여, 봄바람이다. 석가는 이는 별과 인류의 군영과 얼음에 약동하다.','2019-02-10 00:55:23'),(31,37,91,94,97,52,70,'483꽃이 보이는 그들을 가는 꽃 방황하여도, 뿐이다. 트고, 반짝이는 위하여, 봄바람이다. 석가는 이는 별과 인류의 군영과 얼음에 약동하다.','2019-02-10 00:55:23'),(47,21,61,97,99,55,79,'484꽃이 보이는 그들을 가는 꽃 방황하여도, 뿐이다. 트고, 반짝이는 위하여, 봄바람이다. 석가는 이는 별과 인류의 군영과 얼음에 약동하다.','2019-02-10 00:55:23'),(29,7,97,63,77,97,52,'485꽃이 보이는 그들을 가는 꽃 방황하여도, 뿐이다. 트고, 반짝이는 위하여, 봄바람이다. 석가는 이는 별과 인류의 군영과 얼음에 약동하다.','2019-02-10 00:55:23'),(20,43,52,84,65,71,62,'486꽃이 보이는 그들을 가는 꽃 방황하여도, 뿐이다. 트고, 반짝이는 위하여, 봄바람이다. 석가는 이는 별과 인류의 군영과 얼음에 약동하다.','2019-02-10 00:55:23'),(48,1,58,93,89,63,52,'487꽃이 보이는 그들을 가는 꽃 방황하여도, 뿐이다. 트고, 반짝이는 위하여, 봄바람이다. 석가는 이는 별과 인류의 군영과 얼음에 약동하다.','2019-02-10 00:55:23'),(20,44,58,59,72,82,92,'488꽃이 보이는 그들을 가는 꽃 방황하여도, 뿐이다. 트고, 반짝이는 위하여, 봄바람이다. 석가는 이는 별과 인류의 군영과 얼음에 약동하다.','2019-02-10 00:55:23'),(15,49,100,51,57,84,97,'489꽃이 보이는 그들을 가는 꽃 방황하여도, 뿐이다. 트고, 반짝이는 위하여, 봄바람이다. 석가는 이는 별과 인류의 군영과 얼음에 약동하다.','2019-02-10 00:55:23'),(34,27,81,77,91,74,97,'490꽃이 보이는 그들을 가는 꽃 방황하여도, 뿐이다. 트고, 반짝이는 위하여, 봄바람이다. 석가는 이는 별과 인류의 군영과 얼음에 약동하다.','2019-02-10 00:55:23'),(11,13,80,61,69,59,89,'491꽃이 보이는 그들을 가는 꽃 방황하여도, 뿐이다. 트고, 반짝이는 위하여, 봄바람이다. 석가는 이는 별과 인류의 군영과 얼음에 약동하다.','2019-02-10 00:55:23'),(18,22,53,52,54,62,50,'492꽃이 보이는 그들을 가는 꽃 방황하여도, 뿐이다. 트고, 반짝이는 위하여, 봄바람이다. 석가는 이는 별과 인류의 군영과 얼음에 약동하다.','2019-02-10 00:55:23'),(16,27,84,91,52,92,100,'493꽃이 보이는 그들을 가는 꽃 방황하여도, 뿐이다. 트고, 반짝이는 위하여, 봄바람이다. 석가는 이는 별과 인류의 군영과 얼음에 약동하다.','2019-02-10 00:55:23'),(25,21,82,98,90,58,73,'494꽃이 보이는 그들을 가는 꽃 방황하여도, 뿐이다. 트고, 반짝이는 위하여, 봄바람이다. 석가는 이는 별과 인류의 군영과 얼음에 약동하다.','2019-02-10 00:55:23'),(38,22,94,51,79,91,67,'495꽃이 보이는 그들을 가는 꽃 방황하여도, 뿐이다. 트고, 반짝이는 위하여, 봄바람이다. 석가는 이는 별과 인류의 군영과 얼음에 약동하다.','2019-02-10 00:55:23'),(14,15,82,66,85,75,73,'496꽃이 보이는 그들을 가는 꽃 방황하여도, 뿐이다. 트고, 반짝이는 위하여, 봄바람이다. 석가는 이는 별과 인류의 군영과 얼음에 약동하다.','2019-02-10 00:55:23'),(39,26,62,84,81,53,74,'497꽃이 보이는 그들을 가는 꽃 방황하여도, 뿐이다. 트고, 반짝이는 위하여, 봄바람이다. 석가는 이는 별과 인류의 군영과 얼음에 약동하다.','2019-02-10 00:55:23'),(10,27,53,90,85,57,81,'498꽃이 보이는 그들을 가는 꽃 방황하여도, 뿐이다. 트고, 반짝이는 위하여, 봄바람이다. 석가는 이는 별과 인류의 군영과 얼음에 약동하다.','2019-02-10 00:55:23'),(31,14,74,82,85,80,94,'499꽃이 보이는 그들을 가는 꽃 방황하여도, 뿐이다. 트고, 반짝이는 위하여, 봄바람이다. 석가는 이는 별과 인류의 군영과 얼음에 약동하다.','2019-02-10 00:55:23'),(32,24,72,92,91,78,67,'500꽃이 보이는 그들을 가는 꽃 방황하여도, 뿐이다. 트고, 반짝이는 위하여, 봄바람이다. 석가는 이는 별과 인류의 군영과 얼음에 약동하다.','2019-02-10 00:55:23'),(2,7,78,71,71,93,100,'501꽃이 보이는 그들을 가는 꽃 방황하여도, 뿐이다. 트고, 반짝이는 위하여, 봄바람이다. 석가는 이는 별과 인류의 군영과 얼음에 약동하다.','2019-02-10 00:55:23'),(22,9,76,56,54,53,52,'502꽃이 보이는 그들을 가는 꽃 방황하여도, 뿐이다. 트고, 반짝이는 위하여, 봄바람이다. 석가는 이는 별과 인류의 군영과 얼음에 약동하다.','2019-02-10 00:55:23'),(2,1,99,92,61,84,82,'503꽃이 보이는 그들을 가는 꽃 방황하여도, 뿐이다. 트고, 반짝이는 위하여, 봄바람이다. 석가는 이는 별과 인류의 군영과 얼음에 약동하다.','2019-02-10 00:55:23'),(11,7,51,87,82,97,89,'504꽃이 보이는 그들을 가는 꽃 방황하여도, 뿐이다. 트고, 반짝이는 위하여, 봄바람이다. 석가는 이는 별과 인류의 군영과 얼음에 약동하다.','2019-02-10 00:55:23'),(27,8,57,66,58,95,96,'506꽃이 보이는 그들을 가는 꽃 방황하여도, 뿐이다. 트고, 반짝이는 위하여, 봄바람이다. 석가는 이는 별과 인류의 군영과 얼음에 약동하다.','2019-02-10 00:55:23'),(44,30,69,56,76,58,65,'507꽃이 보이는 그들을 가는 꽃 방황하여도, 뿐이다. 트고, 반짝이는 위하여, 봄바람이다. 석가는 이는 별과 인류의 군영과 얼음에 약동하다.','2019-02-10 00:55:23'),(3,15,66,88,92,93,91,'508꽃이 보이는 그들을 가는 꽃 방황하여도, 뿐이다. 트고, 반짝이는 위하여, 봄바람이다. 석가는 이는 별과 인류의 군영과 얼음에 약동하다.','2019-02-10 00:55:23'),(23,43,96,50,64,70,56,'509꽃이 보이는 그들을 가는 꽃 방황하여도, 뿐이다. 트고, 반짝이는 위하여, 봄바람이다. 석가는 이는 별과 인류의 군영과 얼음에 약동하다.','2019-02-10 00:55:23'),(22,41,87,63,56,93,95,'510꽃이 보이는 그들을 가는 꽃 방황하여도, 뿐이다. 트고, 반짝이는 위하여, 봄바람이다. 석가는 이는 별과 인류의 군영과 얼음에 약동하다.','2019-02-10 00:55:23'),(45,40,62,92,72,86,64,'511꽃이 보이는 그들을 가는 꽃 방황하여도, 뿐이다. 트고, 반짝이는 위하여, 봄바람이다. 석가는 이는 별과 인류의 군영과 얼음에 약동하다.','2019-02-10 00:55:23'),(14,25,81,83,69,98,81,'512꽃이 보이는 그들을 가는 꽃 방황하여도, 뿐이다. 트고, 반짝이는 위하여, 봄바람이다. 석가는 이는 별과 인류의 군영과 얼음에 약동하다.','2019-02-10 00:55:23'),(12,15,90,54,53,53,57,'513꽃이 보이는 그들을 가는 꽃 방황하여도, 뿐이다. 트고, 반짝이는 위하여, 봄바람이다. 석가는 이는 별과 인류의 군영과 얼음에 약동하다.','2019-02-10 00:55:23'),(25,1,78,91,70,79,84,'514꽃이 보이는 그들을 가는 꽃 방황하여도, 뿐이다. 트고, 반짝이는 위하여, 봄바람이다. 석가는 이는 별과 인류의 군영과 얼음에 약동하다.','2019-02-10 00:55:23'),(31,1,62,58,54,97,71,'515꽃이 보이는 그들을 가는 꽃 방황하여도, 뿐이다. 트고, 반짝이는 위하여, 봄바람이다. 석가는 이는 별과 인류의 군영과 얼음에 약동하다.','2019-02-10 00:55:23'),(15,11,60,67,58,87,62,'516꽃이 보이는 그들을 가는 꽃 방황하여도, 뿐이다. 트고, 반짝이는 위하여, 봄바람이다. 석가는 이는 별과 인류의 군영과 얼음에 약동하다.','2019-02-10 00:55:23'),(49,8,92,87,56,72,90,'517꽃이 보이는 그들을 가는 꽃 방황하여도, 뿐이다. 트고, 반짝이는 위하여, 봄바람이다. 석가는 이는 별과 인류의 군영과 얼음에 약동하다.','2019-02-10 00:55:23'),(34,49,94,73,82,89,51,'518꽃이 보이는 그들을 가는 꽃 방황하여도, 뿐이다. 트고, 반짝이는 위하여, 봄바람이다. 석가는 이는 별과 인류의 군영과 얼음에 약동하다.','2019-02-10 00:55:23'),(41,49,71,58,78,67,52,'519꽃이 보이는 그들을 가는 꽃 방황하여도, 뿐이다. 트고, 반짝이는 위하여, 봄바람이다. 석가는 이는 별과 인류의 군영과 얼음에 약동하다.','2019-02-10 00:55:23'),(10,40,70,82,98,94,77,'520꽃이 보이는 그들을 가는 꽃 방황하여도, 뿐이다. 트고, 반짝이는 위하여, 봄바람이다. 석가는 이는 별과 인류의 군영과 얼음에 약동하다.','2019-02-10 00:55:23'),(2,30,92,69,69,89,89,'521꽃이 보이는 그들을 가는 꽃 방황하여도, 뿐이다. 트고, 반짝이는 위하여, 봄바람이다. 석가는 이는 별과 인류의 군영과 얼음에 약동하다.','2019-02-10 00:55:23'),(26,11,76,50,74,66,62,'522꽃이 보이는 그들을 가는 꽃 방황하여도, 뿐이다. 트고, 반짝이는 위하여, 봄바람이다. 석가는 이는 별과 인류의 군영과 얼음에 약동하다.','2019-02-10 00:55:23'),(10,12,78,57,51,88,81,'523꽃이 보이는 그들을 가는 꽃 방황하여도, 뿐이다. 트고, 반짝이는 위하여, 봄바람이다. 석가는 이는 별과 인류의 군영과 얼음에 약동하다.','2019-02-10 00:55:23'),(45,27,52,81,97,93,71,'524꽃이 보이는 그들을 가는 꽃 방황하여도, 뿐이다. 트고, 반짝이는 위하여, 봄바람이다. 석가는 이는 별과 인류의 군영과 얼음에 약동하다.','2019-02-10 00:55:23'),(27,22,77,72,78,73,82,'525꽃이 보이는 그들을 가는 꽃 방황하여도, 뿐이다. 트고, 반짝이는 위하여, 봄바람이다. 석가는 이는 별과 인류의 군영과 얼음에 약동하다.','2019-02-10 00:55:23'),(42,12,82,76,86,50,93,'526꽃이 보이는 그들을 가는 꽃 방황하여도, 뿐이다. 트고, 반짝이는 위하여, 봄바람이다. 석가는 이는 별과 인류의 군영과 얼음에 약동하다.','2019-02-10 00:55:23'),(15,42,67,58,92,84,92,'527꽃이 보이는 그들을 가는 꽃 방황하여도, 뿐이다. 트고, 반짝이는 위하여, 봄바람이다. 석가는 이는 별과 인류의 군영과 얼음에 약동하다.','2019-02-10 00:55:23'),(10,22,79,82,72,62,98,'528꽃이 보이는 그들을 가는 꽃 방황하여도, 뿐이다. 트고, 반짝이는 위하여, 봄바람이다. 석가는 이는 별과 인류의 군영과 얼음에 약동하다.','2019-02-10 00:55:23'),(49,4,68,82,54,77,71,'529꽃이 보이는 그들을 가는 꽃 방황하여도, 뿐이다. 트고, 반짝이는 위하여, 봄바람이다. 석가는 이는 별과 인류의 군영과 얼음에 약동하다.','2019-02-10 00:55:23'),(27,18,58,91,77,63,86,'530꽃이 보이는 그들을 가는 꽃 방황하여도, 뿐이다. 트고, 반짝이는 위하여, 봄바람이다. 석가는 이는 별과 인류의 군영과 얼음에 약동하다.','2019-02-10 00:55:23'),(38,30,87,97,71,66,69,'531꽃이 보이는 그들을 가는 꽃 방황하여도, 뿐이다. 트고, 반짝이는 위하여, 봄바람이다. 석가는 이는 별과 인류의 군영과 얼음에 약동하다.','2019-02-10 00:55:23'),(47,24,80,77,97,53,76,'532꽃이 보이는 그들을 가는 꽃 방황하여도, 뿐이다. 트고, 반짝이는 위하여, 봄바람이다. 석가는 이는 별과 인류의 군영과 얼음에 약동하다.','2019-02-10 00:55:23'),(20,22,98,74,77,63,83,'533꽃이 보이는 그들을 가는 꽃 방황하여도, 뿐이다. 트고, 반짝이는 위하여, 봄바람이다. 석가는 이는 별과 인류의 군영과 얼음에 약동하다.','2019-02-10 00:55:23'),(28,39,58,79,66,97,83,'534꽃이 보이는 그들을 가는 꽃 방황하여도, 뿐이다. 트고, 반짝이는 위하여, 봄바람이다. 석가는 이는 별과 인류의 군영과 얼음에 약동하다.','2019-02-10 00:55:23'),(28,36,98,82,63,73,77,'535꽃이 보이는 그들을 가는 꽃 방황하여도, 뿐이다. 트고, 반짝이는 위하여, 봄바람이다. 석가는 이는 별과 인류의 군영과 얼음에 약동하다.','2019-02-10 00:55:23'),(15,40,55,57,72,88,74,'536꽃이 보이는 그들을 가는 꽃 방황하여도, 뿐이다. 트고, 반짝이는 위하여, 봄바람이다. 석가는 이는 별과 인류의 군영과 얼음에 약동하다.','2019-02-10 00:55:23'),(5,3,100,87,89,80,86,'537꽃이 보이는 그들을 가는 꽃 방황하여도, 뿐이다. 트고, 반짝이는 위하여, 봄바람이다. 석가는 이는 별과 인류의 군영과 얼음에 약동하다.','2019-02-10 00:55:23'),(41,44,98,58,96,55,88,'538꽃이 보이는 그들을 가는 꽃 방황하여도, 뿐이다. 트고, 반짝이는 위하여, 봄바람이다. 석가는 이는 별과 인류의 군영과 얼음에 약동하다.','2019-02-10 00:55:23'),(25,10,74,91,84,95,71,'539꽃이 보이는 그들을 가는 꽃 방황하여도, 뿐이다. 트고, 반짝이는 위하여, 봄바람이다. 석가는 이는 별과 인류의 군영과 얼음에 약동하다.','2019-02-10 00:55:23'),(23,49,77,90,68,72,54,'540꽃이 보이는 그들을 가는 꽃 방황하여도, 뿐이다. 트고, 반짝이는 위하여, 봄바람이다. 석가는 이는 별과 인류의 군영과 얼음에 약동하다.','2019-02-10 00:55:23'),(6,15,56,88,70,87,74,'541꽃이 보이는 그들을 가는 꽃 방황하여도, 뿐이다. 트고, 반짝이는 위하여, 봄바람이다. 석가는 이는 별과 인류의 군영과 얼음에 약동하다.','2019-02-10 00:55:23'),(9,20,74,59,76,51,79,'542꽃이 보이는 그들을 가는 꽃 방황하여도, 뿐이다. 트고, 반짝이는 위하여, 봄바람이다. 석가는 이는 별과 인류의 군영과 얼음에 약동하다.','2019-02-10 00:55:23'),(43,26,50,74,70,79,83,'543꽃이 보이는 그들을 가는 꽃 방황하여도, 뿐이다. 트고, 반짝이는 위하여, 봄바람이다. 석가는 이는 별과 인류의 군영과 얼음에 약동하다.','2019-02-10 00:55:23'),(28,41,70,79,86,89,90,'544꽃이 보이는 그들을 가는 꽃 방황하여도, 뿐이다. 트고, 반짝이는 위하여, 봄바람이다. 석가는 이는 별과 인류의 군영과 얼음에 약동하다.','2019-02-10 00:55:23'),(31,34,77,82,81,59,54,'545꽃이 보이는 그들을 가는 꽃 방황하여도, 뿐이다. 트고, 반짝이는 위하여, 봄바람이다. 석가는 이는 별과 인류의 군영과 얼음에 약동하다.','2019-02-10 00:55:23'),(45,9,57,63,94,79,64,'546꽃이 보이는 그들을 가는 꽃 방황하여도, 뿐이다. 트고, 반짝이는 위하여, 봄바람이다. 석가는 이는 별과 인류의 군영과 얼음에 약동하다.','2019-02-10 00:55:23'),(32,19,96,75,87,61,93,'547꽃이 보이는 그들을 가는 꽃 방황하여도, 뿐이다. 트고, 반짝이는 위하여, 봄바람이다. 석가는 이는 별과 인류의 군영과 얼음에 약동하다.','2019-02-10 00:55:23'),(31,23,74,50,81,54,77,'548꽃이 보이는 그들을 가는 꽃 방황하여도, 뿐이다. 트고, 반짝이는 위하여, 봄바람이다. 석가는 이는 별과 인류의 군영과 얼음에 약동하다.','2019-02-10 00:55:23'),(23,34,100,97,85,84,66,'549꽃이 보이는 그들을 가는 꽃 방황하여도, 뿐이다. 트고, 반짝이는 위하여, 봄바람이다. 석가는 이는 별과 인류의 군영과 얼음에 약동하다.','2019-02-10 00:55:23'),(29,43,80,69,57,77,66,'550꽃이 보이는 그들을 가는 꽃 방황하여도, 뿐이다. 트고, 반짝이는 위하여, 봄바람이다. 석가는 이는 별과 인류의 군영과 얼음에 약동하다.','2019-02-10 00:55:23'),(49,45,75,95,97,50,62,'551꽃이 보이는 그들을 가는 꽃 방황하여도, 뿐이다. 트고, 반짝이는 위하여, 봄바람이다. 석가는 이는 별과 인류의 군영과 얼음에 약동하다.','2019-02-10 00:55:23'),(10,12,77,51,76,74,93,'552꽃이 보이는 그들을 가는 꽃 방황하여도, 뿐이다. 트고, 반짝이는 위하여, 봄바람이다. 석가는 이는 별과 인류의 군영과 얼음에 약동하다.','2019-02-10 00:55:23'),(43,35,93,61,78,56,100,'553꽃이 보이는 그들을 가는 꽃 방황하여도, 뿐이다. 트고, 반짝이는 위하여, 봄바람이다. 석가는 이는 별과 인류의 군영과 얼음에 약동하다.','2019-02-10 00:55:23'),(28,40,64,51,64,68,98,'554꽃이 보이는 그들을 가는 꽃 방황하여도, 뿐이다. 트고, 반짝이는 위하여, 봄바람이다. 석가는 이는 별과 인류의 군영과 얼음에 약동하다.','2019-02-10 00:55:23'),(32,17,89,93,98,59,56,'555꽃이 보이는 그들을 가는 꽃 방황하여도, 뿐이다. 트고, 반짝이는 위하여, 봄바람이다. 석가는 이는 별과 인류의 군영과 얼음에 약동하다.','2019-02-10 00:55:23'),(1,37,80,89,54,57,75,'556꽃이 보이는 그들을 가는 꽃 방황하여도, 뿐이다. 트고, 반짝이는 위하여, 봄바람이다. 석가는 이는 별과 인류의 군영과 얼음에 약동하다.','2019-02-10 00:55:23'),(50,26,79,66,97,82,69,'557꽃이 보이는 그들을 가는 꽃 방황하여도, 뿐이다. 트고, 반짝이는 위하여, 봄바람이다. 석가는 이는 별과 인류의 군영과 얼음에 약동하다.','2019-02-10 00:55:23'),(4,7,73,98,67,92,60,'558꽃이 보이는 그들을 가는 꽃 방황하여도, 뿐이다. 트고, 반짝이는 위하여, 봄바람이다. 석가는 이는 별과 인류의 군영과 얼음에 약동하다.','2019-02-10 00:55:23'),(24,37,64,59,56,54,51,'559꽃이 보이는 그들을 가는 꽃 방황하여도, 뿐이다. 트고, 반짝이는 위하여, 봄바람이다. 석가는 이는 별과 인류의 군영과 얼음에 약동하다.','2019-02-10 00:55:23'),(46,22,70,87,72,100,83,'560꽃이 보이는 그들을 가는 꽃 방황하여도, 뿐이다. 트고, 반짝이는 위하여, 봄바람이다. 석가는 이는 별과 인류의 군영과 얼음에 약동하다.','2019-02-10 00:55:23'),(15,23,71,90,83,94,72,'561꽃이 보이는 그들을 가는 꽃 방황하여도, 뿐이다. 트고, 반짝이는 위하여, 봄바람이다. 석가는 이는 별과 인류의 군영과 얼음에 약동하다.','2019-02-10 00:55:23'),(31,36,85,67,82,59,52,'562꽃이 보이는 그들을 가는 꽃 방황하여도, 뿐이다. 트고, 반짝이는 위하여, 봄바람이다. 석가는 이는 별과 인류의 군영과 얼음에 약동하다.','2019-02-10 00:55:23'),(32,50,55,79,79,55,91,'563꽃이 보이는 그들을 가는 꽃 방황하여도, 뿐이다. 트고, 반짝이는 위하여, 봄바람이다. 석가는 이는 별과 인류의 군영과 얼음에 약동하다.','2019-02-10 00:55:23'),(37,13,54,81,94,75,95,'564꽃이 보이는 그들을 가는 꽃 방황하여도, 뿐이다. 트고, 반짝이는 위하여, 봄바람이다. 석가는 이는 별과 인류의 군영과 얼음에 약동하다.','2019-02-10 00:55:23'),(48,4,77,73,83,96,80,'565꽃이 보이는 그들을 가는 꽃 방황하여도, 뿐이다. 트고, 반짝이는 위하여, 봄바람이다. 석가는 이는 별과 인류의 군영과 얼음에 약동하다.','2019-02-10 00:55:23'),(12,18,54,70,86,71,96,'566꽃이 보이는 그들을 가는 꽃 방황하여도, 뿐이다. 트고, 반짝이는 위하여, 봄바람이다. 석가는 이는 별과 인류의 군영과 얼음에 약동하다.','2019-02-10 00:55:23'),(17,46,77,100,66,83,66,'567꽃이 보이는 그들을 가는 꽃 방황하여도, 뿐이다. 트고, 반짝이는 위하여, 봄바람이다. 석가는 이는 별과 인류의 군영과 얼음에 약동하다.','2019-02-10 00:55:23'),(34,19,92,54,94,57,54,'568꽃이 보이는 그들을 가는 꽃 방황하여도, 뿐이다. 트고, 반짝이는 위하여, 봄바람이다. 석가는 이는 별과 인류의 군영과 얼음에 약동하다.','2019-02-10 00:55:23'),(1,41,100,78,92,71,84,'569꽃이 보이는 그들을 가는 꽃 방황하여도, 뿐이다. 트고, 반짝이는 위하여, 봄바람이다. 석가는 이는 별과 인류의 군영과 얼음에 약동하다.','2019-02-10 00:55:23'),(7,28,71,73,52,94,58,'570꽃이 보이는 그들을 가는 꽃 방황하여도, 뿐이다. 트고, 반짝이는 위하여, 봄바람이다. 석가는 이는 별과 인류의 군영과 얼음에 약동하다.','2019-02-10 00:55:23'),(12,32,73,70,81,94,77,'571꽃이 보이는 그들을 가는 꽃 방황하여도, 뿐이다. 트고, 반짝이는 위하여, 봄바람이다. 석가는 이는 별과 인류의 군영과 얼음에 약동하다.','2019-02-10 00:55:23'),(2,31,95,83,82,61,61,'572꽃이 보이는 그들을 가는 꽃 방황하여도, 뿐이다. 트고, 반짝이는 위하여, 봄바람이다. 석가는 이는 별과 인류의 군영과 얼음에 약동하다.','2019-02-10 00:55:23'),(21,18,76,80,70,59,87,'573꽃이 보이는 그들을 가는 꽃 방황하여도, 뿐이다. 트고, 반짝이는 위하여, 봄바람이다. 석가는 이는 별과 인류의 군영과 얼음에 약동하다.','2019-02-10 00:55:23'),(5,16,62,64,83,74,69,'574꽃이 보이는 그들을 가는 꽃 방황하여도, 뿐이다. 트고, 반짝이는 위하여, 봄바람이다. 석가는 이는 별과 인류의 군영과 얼음에 약동하다.','2019-02-10 00:55:23'),(26,20,70,93,52,87,74,'575꽃이 보이는 그들을 가는 꽃 방황하여도, 뿐이다. 트고, 반짝이는 위하여, 봄바람이다. 석가는 이는 별과 인류의 군영과 얼음에 약동하다.','2019-02-10 00:55:23'),(11,29,64,83,74,73,90,'576꽃이 보이는 그들을 가는 꽃 방황하여도, 뿐이다. 트고, 반짝이는 위하여, 봄바람이다. 석가는 이는 별과 인류의 군영과 얼음에 약동하다.','2019-02-10 00:55:23'),(30,28,100,64,72,66,68,'577꽃이 보이는 그들을 가는 꽃 방황하여도, 뿐이다. 트고, 반짝이는 위하여, 봄바람이다. 석가는 이는 별과 인류의 군영과 얼음에 약동하다.','2019-02-10 00:55:23'),(43,6,52,94,61,77,100,'578꽃이 보이는 그들을 가는 꽃 방황하여도, 뿐이다. 트고, 반짝이는 위하여, 봄바람이다. 석가는 이는 별과 인류의 군영과 얼음에 약동하다.','2019-02-10 00:55:23'),(20,46,69,59,89,66,64,'579꽃이 보이는 그들을 가는 꽃 방황하여도, 뿐이다. 트고, 반짝이는 위하여, 봄바람이다. 석가는 이는 별과 인류의 군영과 얼음에 약동하다.','2019-02-10 00:55:23'),(24,25,54,96,65,89,50,'580꽃이 보이는 그들을 가는 꽃 방황하여도, 뿐이다. 트고, 반짝이는 위하여, 봄바람이다. 석가는 이는 별과 인류의 군영과 얼음에 약동하다.','2019-02-10 00:55:23'),(34,16,77,87,56,71,88,'581꽃이 보이는 그들을 가는 꽃 방황하여도, 뿐이다. 트고, 반짝이는 위하여, 봄바람이다. 석가는 이는 별과 인류의 군영과 얼음에 약동하다.','2019-02-10 00:55:23'),(24,5,52,98,79,53,82,'582꽃이 보이는 그들을 가는 꽃 방황하여도, 뿐이다. 트고, 반짝이는 위하여, 봄바람이다. 석가는 이는 별과 인류의 군영과 얼음에 약동하다.','2019-02-10 00:55:23'),(49,47,85,87,81,92,64,'583꽃이 보이는 그들을 가는 꽃 방황하여도, 뿐이다. 트고, 반짝이는 위하여, 봄바람이다. 석가는 이는 별과 인류의 군영과 얼음에 약동하다.','2019-02-10 00:55:23'),(50,5,73,50,84,68,89,'584꽃이 보이는 그들을 가는 꽃 방황하여도, 뿐이다. 트고, 반짝이는 위하여, 봄바람이다. 석가는 이는 별과 인류의 군영과 얼음에 약동하다.','2019-02-10 00:55:23'),(41,34,100,95,77,99,62,'585꽃이 보이는 그들을 가는 꽃 방황하여도, 뿐이다. 트고, 반짝이는 위하여, 봄바람이다. 석가는 이는 별과 인류의 군영과 얼음에 약동하다.','2019-02-10 00:55:23'),(18,1,50,100,99,92,62,'586꽃이 보이는 그들을 가는 꽃 방황하여도, 뿐이다. 트고, 반짝이는 위하여, 봄바람이다. 석가는 이는 별과 인류의 군영과 얼음에 약동하다.','2019-02-10 00:55:23'),(37,45,63,84,79,95,87,'587꽃이 보이는 그들을 가는 꽃 방황하여도, 뿐이다. 트고, 반짝이는 위하여, 봄바람이다. 석가는 이는 별과 인류의 군영과 얼음에 약동하다.','2019-02-10 00:55:23'),(50,39,94,50,71,55,63,'588꽃이 보이는 그들을 가는 꽃 방황하여도, 뿐이다. 트고, 반짝이는 위하여, 봄바람이다. 석가는 이는 별과 인류의 군영과 얼음에 약동하다.','2019-02-10 00:55:23'),(1,12,54,91,90,75,58,'589꽃이 보이는 그들을 가는 꽃 방황하여도, 뿐이다. 트고, 반짝이는 위하여, 봄바람이다. 석가는 이는 별과 인류의 군영과 얼음에 약동하다.','2019-02-10 00:55:23'),(16,3,67,78,87,52,51,'590꽃이 보이는 그들을 가는 꽃 방황하여도, 뿐이다. 트고, 반짝이는 위하여, 봄바람이다. 석가는 이는 별과 인류의 군영과 얼음에 약동하다.','2019-02-10 00:55:23'),(50,42,60,76,51,77,82,'591꽃이 보이는 그들을 가는 꽃 방황하여도, 뿐이다. 트고, 반짝이는 위하여, 봄바람이다. 석가는 이는 별과 인류의 군영과 얼음에 약동하다.','2019-02-10 00:55:23'),(27,37,51,51,51,51,54,'592꽃이 보이는 그들을 가는 꽃 방황하여도, 뿐이다. 트고, 반짝이는 위하여, 봄바람이다. 석가는 이는 별과 인류의 군영과 얼음에 약동하다.','2019-02-10 00:55:23'),(19,28,81,72,67,70,50,'593꽃이 보이는 그들을 가는 꽃 방황하여도, 뿐이다. 트고, 반짝이는 위하여, 봄바람이다. 석가는 이는 별과 인류의 군영과 얼음에 약동하다.','2019-02-10 00:55:23'),(42,6,54,55,65,57,90,'594꽃이 보이는 그들을 가는 꽃 방황하여도, 뿐이다. 트고, 반짝이는 위하여, 봄바람이다. 석가는 이는 별과 인류의 군영과 얼음에 약동하다.','2019-02-10 00:55:23'),(30,28,100,66,81,55,86,'595꽃이 보이는 그들을 가는 꽃 방황하여도, 뿐이다. 트고, 반짝이는 위하여, 봄바람이다. 석가는 이는 별과 인류의 군영과 얼음에 약동하다.','2019-02-10 00:55:23'),(12,2,72,55,59,82,80,'596꽃이 보이는 그들을 가는 꽃 방황하여도, 뿐이다. 트고, 반짝이는 위하여, 봄바람이다. 석가는 이는 별과 인류의 군영과 얼음에 약동하다.','2019-02-10 00:55:23'),(7,43,91,78,66,97,83,'597꽃이 보이는 그들을 가는 꽃 방황하여도, 뿐이다. 트고, 반짝이는 위하여, 봄바람이다. 석가는 이는 별과 인류의 군영과 얼음에 약동하다.','2019-02-10 00:55:23'),(28,38,55,66,61,60,66,'598꽃이 보이는 그들을 가는 꽃 방황하여도, 뿐이다. 트고, 반짝이는 위하여, 봄바람이다. 석가는 이는 별과 인류의 군영과 얼음에 약동하다.','2019-02-10 00:55:23'),(2,11,97,50,63,65,85,'599꽃이 보이는 그들을 가는 꽃 방황하여도, 뿐이다. 트고, 반짝이는 위하여, 봄바람이다. 석가는 이는 별과 인류의 군영과 얼음에 약동하다.','2019-02-10 00:55:23'),(28,36,97,73,75,58,65,'600꽃이 보이는 그들을 가는 꽃 방황하여도, 뿐이다. 트고, 반짝이는 위하여, 봄바람이다. 석가는 이는 별과 인류의 군영과 얼음에 약동하다.','2019-02-10 00:55:23'),(3,15,66,87,88,77,71,'601꽃이 보이는 그들을 가는 꽃 방황하여도, 뿐이다. 트고, 반짝이는 위하여, 봄바람이다. 석가는 이는 별과 인류의 군영과 얼음에 약동하다.','2019-02-10 00:55:23'),(27,19,64,62,72,73,100,'602꽃이 보이는 그들을 가는 꽃 방황하여도, 뿐이다. 트고, 반짝이는 위하여, 봄바람이다. 석가는 이는 별과 인류의 군영과 얼음에 약동하다.','2019-02-10 00:55:23'),(30,48,99,52,64,63,74,'603꽃이 보이는 그들을 가는 꽃 방황하여도, 뿐이다. 트고, 반짝이는 위하여, 봄바람이다. 석가는 이는 별과 인류의 군영과 얼음에 약동하다.','2019-02-10 00:55:23'),(30,26,91,75,54,96,65,'604꽃이 보이는 그들을 가는 꽃 방황하여도, 뿐이다. 트고, 반짝이는 위하여, 봄바람이다. 석가는 이는 별과 인류의 군영과 얼음에 약동하다.','2019-02-10 00:55:23'),(39,49,74,78,65,93,70,'605꽃이 보이는 그들을 가는 꽃 방황하여도, 뿐이다. 트고, 반짝이는 위하여, 봄바람이다. 석가는 이는 별과 인류의 군영과 얼음에 약동하다.','2019-02-10 00:55:23'),(20,39,84,53,65,67,90,'606꽃이 보이는 그들을 가는 꽃 방황하여도, 뿐이다. 트고, 반짝이는 위하여, 봄바람이다. 석가는 이는 별과 인류의 군영과 얼음에 약동하다.','2019-02-10 00:55:23'),(46,8,52,91,94,99,59,'607꽃이 보이는 그들을 가는 꽃 방황하여도, 뿐이다. 트고, 반짝이는 위하여, 봄바람이다. 석가는 이는 별과 인류의 군영과 얼음에 약동하다.','2019-02-10 00:55:23'),(1,24,69,74,60,83,82,'608꽃이 보이는 그들을 가는 꽃 방황하여도, 뿐이다. 트고, 반짝이는 위하여, 봄바람이다. 석가는 이는 별과 인류의 군영과 얼음에 약동하다.','2019-02-10 00:55:23'),(11,10,63,89,52,97,75,'609꽃이 보이는 그들을 가는 꽃 방황하여도, 뿐이다. 트고, 반짝이는 위하여, 봄바람이다. 석가는 이는 별과 인류의 군영과 얼음에 약동하다.','2019-02-10 00:55:23'),(36,3,54,64,58,50,75,'610꽃이 보이는 그들을 가는 꽃 방황하여도, 뿐이다. 트고, 반짝이는 위하여, 봄바람이다. 석가는 이는 별과 인류의 군영과 얼음에 약동하다.','2019-02-10 00:55:23'),(26,1,75,74,98,62,72,'611꽃이 보이는 그들을 가는 꽃 방황하여도, 뿐이다. 트고, 반짝이는 위하여, 봄바람이다. 석가는 이는 별과 인류의 군영과 얼음에 약동하다.','2019-02-10 00:55:23'),(22,41,91,81,84,75,75,'612꽃이 보이는 그들을 가는 꽃 방황하여도, 뿐이다. 트고, 반짝이는 위하여, 봄바람이다. 석가는 이는 별과 인류의 군영과 얼음에 약동하다.','2019-02-10 00:55:23'),(49,18,92,58,64,98,97,'613꽃이 보이는 그들을 가는 꽃 방황하여도, 뿐이다. 트고, 반짝이는 위하여, 봄바람이다. 석가는 이는 별과 인류의 군영과 얼음에 약동하다.','2019-02-10 00:55:23'),(38,1,89,93,98,58,51,'614꽃이 보이는 그들을 가는 꽃 방황하여도, 뿐이다. 트고, 반짝이는 위하여, 봄바람이다. 석가는 이는 별과 인류의 군영과 얼음에 약동하다.','2019-02-10 00:55:23'),(30,47,92,68,65,71,59,'615꽃이 보이는 그들을 가는 꽃 방황하여도, 뿐이다. 트고, 반짝이는 위하여, 봄바람이다. 석가는 이는 별과 인류의 군영과 얼음에 약동하다.','2019-02-10 00:55:23'),(36,49,86,84,62,59,61,'616꽃이 보이는 그들을 가는 꽃 방황하여도, 뿐이다. 트고, 반짝이는 위하여, 봄바람이다. 석가는 이는 별과 인류의 군영과 얼음에 약동하다.','2019-02-10 00:55:23'),(27,1,74,67,63,63,78,'617꽃이 보이는 그들을 가는 꽃 방황하여도, 뿐이다. 트고, 반짝이는 위하여, 봄바람이다. 석가는 이는 별과 인류의 군영과 얼음에 약동하다.','2019-02-10 00:55:23'),(50,16,78,92,78,61,76,'618꽃이 보이는 그들을 가는 꽃 방황하여도, 뿐이다. 트고, 반짝이는 위하여, 봄바람이다. 석가는 이는 별과 인류의 군영과 얼음에 약동하다.','2019-02-10 00:55:23'),(43,37,53,60,90,68,71,'619꽃이 보이는 그들을 가는 꽃 방황하여도, 뿐이다. 트고, 반짝이는 위하여, 봄바람이다. 석가는 이는 별과 인류의 군영과 얼음에 약동하다.','2019-02-10 00:55:23'),(50,36,77,82,75,82,83,'620꽃이 보이는 그들을 가는 꽃 방황하여도, 뿐이다. 트고, 반짝이는 위하여, 봄바람이다. 석가는 이는 별과 인류의 군영과 얼음에 약동하다.','2019-02-10 00:55:23'),(18,42,52,90,92,89,68,'621꽃이 보이는 그들을 가는 꽃 방황하여도, 뿐이다. 트고, 반짝이는 위하여, 봄바람이다. 석가는 이는 별과 인류의 군영과 얼음에 약동하다.','2019-02-10 00:55:23'),(27,26,50,73,67,64,69,'622꽃이 보이는 그들을 가는 꽃 방황하여도, 뿐이다. 트고, 반짝이는 위하여, 봄바람이다. 석가는 이는 별과 인류의 군영과 얼음에 약동하다.','2019-02-10 00:55:23'),(4,9,84,93,61,78,58,'623꽃이 보이는 그들을 가는 꽃 방황하여도, 뿐이다. 트고, 반짝이는 위하여, 봄바람이다. 석가는 이는 별과 인류의 군영과 얼음에 약동하다.','2019-02-10 00:55:23'),(5,1,87,83,54,73,52,'624꽃이 보이는 그들을 가는 꽃 방황하여도, 뿐이다. 트고, 반짝이는 위하여, 봄바람이다. 석가는 이는 별과 인류의 군영과 얼음에 약동하다.','2019-02-10 00:55:23'),(45,13,80,61,66,99,95,'625꽃이 보이는 그들을 가는 꽃 방황하여도, 뿐이다. 트고, 반짝이는 위하여, 봄바람이다. 석가는 이는 별과 인류의 군영과 얼음에 약동하다.','2019-02-10 00:55:23'),(27,49,65,79,98,50,60,'626꽃이 보이는 그들을 가는 꽃 방황하여도, 뿐이다. 트고, 반짝이는 위하여, 봄바람이다. 석가는 이는 별과 인류의 군영과 얼음에 약동하다.','2019-02-10 00:55:23'),(50,19,94,61,75,91,81,'627꽃이 보이는 그들을 가는 꽃 방황하여도, 뿐이다. 트고, 반짝이는 위하여, 봄바람이다. 석가는 이는 별과 인류의 군영과 얼음에 약동하다.','2019-02-10 00:55:23'),(30,6,89,79,77,100,64,'628꽃이 보이는 그들을 가는 꽃 방황하여도, 뿐이다. 트고, 반짝이는 위하여, 봄바람이다. 석가는 이는 별과 인류의 군영과 얼음에 약동하다.','2019-02-10 00:55:23'),(25,31,76,92,78,63,86,'629꽃이 보이는 그들을 가는 꽃 방황하여도, 뿐이다. 트고, 반짝이는 위하여, 봄바람이다. 석가는 이는 별과 인류의 군영과 얼음에 약동하다.','2019-02-10 00:55:23'),(38,31,89,51,94,64,88,'630꽃이 보이는 그들을 가는 꽃 방황하여도, 뿐이다. 트고, 반짝이는 위하여, 봄바람이다. 석가는 이는 별과 인류의 군영과 얼음에 약동하다.','2019-02-10 00:55:23'),(46,14,82,71,57,74,100,'631꽃이 보이는 그들을 가는 꽃 방황하여도, 뿐이다. 트고, 반짝이는 위하여, 봄바람이다. 석가는 이는 별과 인류의 군영과 얼음에 약동하다.','2019-02-10 00:55:23'),(23,17,63,68,100,94,68,'632꽃이 보이는 그들을 가는 꽃 방황하여도, 뿐이다. 트고, 반짝이는 위하여, 봄바람이다. 석가는 이는 별과 인류의 군영과 얼음에 약동하다.','2019-02-10 00:55:23'),(13,6,93,96,50,63,67,'633꽃이 보이는 그들을 가는 꽃 방황하여도, 뿐이다. 트고, 반짝이는 위하여, 봄바람이다. 석가는 이는 별과 인류의 군영과 얼음에 약동하다.','2019-02-10 00:55:23'),(44,19,59,93,85,97,77,'634꽃이 보이는 그들을 가는 꽃 방황하여도, 뿐이다. 트고, 반짝이는 위하여, 봄바람이다. 석가는 이는 별과 인류의 군영과 얼음에 약동하다.','2019-02-10 00:55:23'),(45,44,84,89,91,89,72,'635꽃이 보이는 그들을 가는 꽃 방황하여도, 뿐이다. 트고, 반짝이는 위하여, 봄바람이다. 석가는 이는 별과 인류의 군영과 얼음에 약동하다.','2019-02-10 00:55:23'),(46,10,60,72,81,87,93,'636꽃이 보이는 그들을 가는 꽃 방황하여도, 뿐이다. 트고, 반짝이는 위하여, 봄바람이다. 석가는 이는 별과 인류의 군영과 얼음에 약동하다.','2019-02-10 00:55:23'),(4,41,92,88,63,54,80,'637꽃이 보이는 그들을 가는 꽃 방황하여도, 뿐이다. 트고, 반짝이는 위하여, 봄바람이다. 석가는 이는 별과 인류의 군영과 얼음에 약동하다.','2019-02-10 00:55:23'),(37,45,61,75,89,70,82,'638꽃이 보이는 그들을 가는 꽃 방황하여도, 뿐이다. 트고, 반짝이는 위하여, 봄바람이다. 석가는 이는 별과 인류의 군영과 얼음에 약동하다.','2019-02-10 00:55:23'),(1,8,88,64,57,94,95,'639꽃이 보이는 그들을 가는 꽃 방황하여도, 뿐이다. 트고, 반짝이는 위하여, 봄바람이다. 석가는 이는 별과 인류의 군영과 얼음에 약동하다.','2019-02-10 00:55:23'),(46,43,76,50,78,86,96,'640꽃이 보이는 그들을 가는 꽃 방황하여도, 뿐이다. 트고, 반짝이는 위하여, 봄바람이다. 석가는 이는 별과 인류의 군영과 얼음에 약동하다.','2019-02-10 00:55:23'),(20,13,52,76,71,80,84,'641꽃이 보이는 그들을 가는 꽃 방황하여도, 뿐이다. 트고, 반짝이는 위하여, 봄바람이다. 석가는 이는 별과 인류의 군영과 얼음에 약동하다.','2019-02-10 00:55:23'),(30,48,99,99,97,87,94,'642꽃이 보이는 그들을 가는 꽃 방황하여도, 뿐이다. 트고, 반짝이는 위하여, 봄바람이다. 석가는 이는 별과 인류의 군영과 얼음에 약동하다.','2019-02-10 00:55:23'),(11,19,64,63,74,81,84,'643꽃이 보이는 그들을 가는 꽃 방황하여도, 뿐이다. 트고, 반짝이는 위하여, 봄바람이다. 석가는 이는 별과 인류의 군영과 얼음에 약동하다.','2019-02-10 00:55:23'),(27,32,78,96,94,81,74,'644꽃이 보이는 그들을 가는 꽃 방황하여도, 뿐이다. 트고, 반짝이는 위하여, 봄바람이다. 석가는 이는 별과 인류의 군영과 얼음에 약동하다.','2019-02-10 00:55:23'),(30,23,74,51,88,86,62,'645꽃이 보이는 그들을 가는 꽃 방황하여도, 뿐이다. 트고, 반짝이는 위하여, 봄바람이다. 석가는 이는 별과 인류의 군영과 얼음에 약동하다.','2019-02-10 00:55:23'),(5,38,74,55,57,68,72,'646꽃이 보이는 그들을 가는 꽃 방황하여도, 뿐이다. 트고, 반짝이는 위하여, 봄바람이다. 석가는 이는 별과 인류의 군영과 얼음에 약동하다.','2019-02-10 00:55:23'),(3,47,77,95,93,80,72,'647꽃이 보이는 그들을 가는 꽃 방황하여도, 뿐이다. 트고, 반짝이는 위하여, 봄바람이다. 석가는 이는 별과 인류의 군영과 얼음에 약동하다.','2019-02-10 00:55:23'),(22,41,88,69,81,99,99,'648꽃이 보이는 그들을 가는 꽃 방황하여도, 뿐이다. 트고, 반짝이는 위하여, 봄바람이다. 석가는 이는 별과 인류의 군영과 얼음에 약동하다.','2019-02-10 00:55:23'),(49,48,89,54,53,56,69,'649꽃이 보이는 그들을 가는 꽃 방황하여도, 뿐이다. 트고, 반짝이는 위하여, 봄바람이다. 석가는 이는 별과 인류의 군영과 얼음에 약동하다.','2019-02-10 00:55:23'),(26,22,82,95,76,98,59,'650꽃이 보이는 그들을 가는 꽃 방황하여도, 뿐이다. 트고, 반짝이는 위하여, 봄바람이다. 석가는 이는 별과 인류의 군영과 얼음에 약동하다.','2019-02-10 00:55:23'),(3,37,74,59,74,93,92,'651꽃이 보이는 그들을 가는 꽃 방황하여도, 뿐이다. 트고, 반짝이는 위하여, 봄바람이다. 석가는 이는 별과 인류의 군영과 얼음에 약동하다.','2019-02-10 00:55:23'),(31,30,52,77,78,56,98,'652꽃이 보이는 그들을 가는 꽃 방황하여도, 뿐이다. 트고, 반짝이는 위하여, 봄바람이다. 석가는 이는 별과 인류의 군영과 얼음에 약동하다.','2019-02-10 00:55:23'),(21,8,79,70,63,58,99,'653꽃이 보이는 그들을 가는 꽃 방황하여도, 뿐이다. 트고, 반짝이는 위하여, 봄바람이다. 석가는 이는 별과 인류의 군영과 얼음에 약동하다.','2019-02-10 00:55:23'),(20,4,57,77,64,88,96,'654꽃이 보이는 그들을 가는 꽃 방황하여도, 뿐이다. 트고, 반짝이는 위하여, 봄바람이다. 석가는 이는 별과 인류의 군영과 얼음에 약동하다.','2019-02-10 00:55:23'),(15,36,84,64,70,58,79,'655꽃이 보이는 그들을 가는 꽃 방황하여도, 뿐이다. 트고, 반짝이는 위하여, 봄바람이다. 석가는 이는 별과 인류의 군영과 얼음에 약동하다.','2019-02-10 00:55:23'),(50,47,81,67,93,62,81,'657꽃이 보이는 그들을 가는 꽃 방황하여도, 뿐이다. 트고, 반짝이는 위하여, 봄바람이다. 석가는 이는 별과 인류의 군영과 얼음에 약동하다.','2019-02-10 00:55:23'),(20,5,65,64,72,67,72,'658꽃이 보이는 그들을 가는 꽃 방황하여도, 뿐이다. 트고, 반짝이는 위하여, 봄바람이다. 석가는 이는 별과 인류의 군영과 얼음에 약동하다.','2019-02-10 00:55:23'),(6,15,56,89,73,50,82,'659꽃이 보이는 그들을 가는 꽃 방황하여도, 뿐이다. 트고, 반짝이는 위하여, 봄바람이다. 석가는 이는 별과 인류의 군영과 얼음에 약동하다.','2019-02-10 00:55:23'),(9,46,51,73,58,72,88,'660꽃이 보이는 그들을 가는 꽃 방황하여도, 뿐이다. 트고, 반짝이는 위하여, 봄바람이다. 석가는 이는 별과 인류의 군영과 얼음에 약동하다.','2019-02-10 00:55:23'),(22,46,63,80,60,61,75,'661꽃이 보이는 그들을 가는 꽃 방황하여도, 뿐이다. 트고, 반짝이는 위하여, 봄바람이다. 석가는 이는 별과 인류의 군영과 얼음에 약동하다.','2019-02-10 00:55:23'),(41,27,61,76,98,60,60,'662꽃이 보이는 그들을 가는 꽃 방황하여도, 뿐이다. 트고, 반짝이는 위하여, 봄바람이다. 석가는 이는 별과 인류의 군영과 얼음에 약동하다.','2019-02-10 00:55:23'),(19,11,96,100,62,59,62,'663꽃이 보이는 그들을 가는 꽃 방황하여도, 뿐이다. 트고, 반짝이는 위하여, 봄바람이다. 석가는 이는 별과 인류의 군영과 얼음에 약동하다.','2019-02-10 00:55:23'),(33,26,79,71,66,69,98,'664꽃이 보이는 그들을 가는 꽃 방황하여도, 뿐이다. 트고, 반짝이는 위하여, 봄바람이다. 석가는 이는 별과 인류의 군영과 얼음에 약동하다.','2019-02-10 00:55:23'),(30,7,94,100,67,87,83,'665꽃이 보이는 그들을 가는 꽃 방황하여도, 뿐이다. 트고, 반짝이는 위하여, 봄바람이다. 석가는 이는 별과 인류의 군영과 얼음에 약동하다.','2019-02-10 00:55:23'),(2,11,97,53,75,65,52,'666꽃이 보이는 그들을 가는 꽃 방황하여도, 뿐이다. 트고, 반짝이는 위하여, 봄바람이다. 석가는 이는 별과 인류의 군영과 얼음에 약동하다.','2019-02-10 00:55:23'),(18,30,93,77,57,56,59,'667꽃이 보이는 그들을 가는 꽃 방황하여도, 뿐이다. 트고, 반짝이는 위하여, 봄바람이다. 석가는 이는 별과 인류의 군영과 얼음에 약동하다.','2019-02-10 00:55:23'),(26,50,74,68,70,97,71,'668꽃이 보이는 그들을 가는 꽃 방황하여도, 뿐이다. 트고, 반짝이는 위하여, 봄바람이다. 석가는 이는 별과 인류의 군영과 얼음에 약동하다.','2019-02-10 00:55:23'),(16,17,83,67,89,91,86,'669꽃이 보이는 그들을 가는 꽃 방황하여도, 뿐이다. 트고, 반짝이는 위하여, 봄바람이다. 석가는 이는 별과 인류의 군영과 얼음에 약동하다.','2019-02-10 00:55:23'),(8,33,87,86,72,50,87,'670꽃이 보이는 그들을 가는 꽃 방황하여도, 뿐이다. 트고, 반짝이는 위하여, 봄바람이다. 석가는 이는 별과 인류의 군영과 얼음에 약동하다.','2019-02-10 00:55:23'),(33,1,56,79,77,99,62,'671꽃이 보이는 그들을 가는 꽃 방황하여도, 뿐이다. 트고, 반짝이는 위하여, 봄바람이다. 석가는 이는 별과 인류의 군영과 얼음에 약동하다.','2019-02-10 00:55:23'),(15,36,85,68,86,76,72,'672꽃이 보이는 그들을 가는 꽃 방황하여도, 뿐이다. 트고, 반짝이는 위하여, 봄바람이다. 석가는 이는 별과 인류의 군영과 얼음에 약동하다.','2019-02-10 00:55:23'),(32,41,56,63,97,91,66,'673꽃이 보이는 그들을 가는 꽃 방황하여도, 뿐이다. 트고, 반짝이는 위하여, 봄바람이다. 석가는 이는 별과 인류의 군영과 얼음에 약동하다.','2019-02-10 00:55:23'),(10,49,62,65,89,100,83,'674꽃이 보이는 그들을 가는 꽃 방황하여도, 뿐이다. 트고, 반짝이는 위하여, 봄바람이다. 석가는 이는 별과 인류의 군영과 얼음에 약동하다.','2019-02-10 00:55:23'),(13,16,92,59,71,77,72,'675꽃이 보이는 그들을 가는 꽃 방황하여도, 뿐이다. 트고, 반짝이는 위하여, 봄바람이다. 석가는 이는 별과 인류의 군영과 얼음에 약동하다.','2019-02-10 00:55:23'),(28,25,88,65,64,75,84,'676꽃이 보이는 그들을 가는 꽃 방황하여도, 뿐이다. 트고, 반짝이는 위하여, 봄바람이다. 석가는 이는 별과 인류의 군영과 얼음에 약동하다.','2019-02-10 00:55:23'),(42,7,60,81,72,66,68,'677꽃이 보이는 그들을 가는 꽃 방황하여도, 뿐이다. 트고, 반짝이는 위하여, 봄바람이다. 석가는 이는 별과 인류의 군영과 얼음에 약동하다.','2019-02-10 00:55:23'),(40,45,53,83,55,78,73,'678꽃이 보이는 그들을 가는 꽃 방황하여도, 뿐이다. 트고, 반짝이는 위하여, 봄바람이다. 석가는 이는 별과 인류의 군영과 얼음에 약동하다.','2019-02-10 00:55:23'),(32,38,96,63,82,69,98,'679꽃이 보이는 그들을 가는 꽃 방황하여도, 뿐이다. 트고, 반짝이는 위하여, 봄바람이다. 석가는 이는 별과 인류의 군영과 얼음에 약동하다.','2019-02-10 00:55:23'),(33,20,51,97,78,50,67,'680꽃이 보이는 그들을 가는 꽃 방황하여도, 뿐이다. 트고, 반짝이는 위하여, 봄바람이다. 석가는 이는 별과 인류의 군영과 얼음에 약동하다.','2019-02-10 00:55:23'),(36,28,81,73,72,91,88,'681꽃이 보이는 그들을 가는 꽃 방황하여도, 뿐이다. 트고, 반짝이는 위하여, 봄바람이다. 석가는 이는 별과 인류의 군영과 얼음에 약동하다.','2019-02-10 00:55:23'),(19,28,81,74,77,61,75,'682꽃이 보이는 그들을 가는 꽃 방황하여도, 뿐이다. 트고, 반짝이는 위하여, 봄바람이다. 석가는 이는 별과 인류의 군영과 얼음에 약동하다.','2019-02-10 00:55:23'),(42,33,90,50,85,73,58,'683꽃이 보이는 그들을 가는 꽃 방황하여도, 뿐이다. 트고, 반짝이는 위하여, 봄바람이다. 석가는 이는 별과 인류의 군영과 얼음에 약동하다.','2019-02-10 00:55:23'),(22,34,54,72,96,64,81,'684꽃이 보이는 그들을 가는 꽃 방황하여도, 뿐이다. 트고, 반짝이는 위하여, 봄바람이다. 석가는 이는 별과 인류의 군영과 얼음에 약동하다.','2019-02-10 00:55:23'),(14,24,79,75,88,62,98,'685꽃이 보이는 그들을 가는 꽃 방황하여도, 뿐이다. 트고, 반짝이는 위하여, 봄바람이다. 석가는 이는 별과 인류의 군영과 얼음에 약동하다.','2019-02-10 00:55:23'),(4,23,51,92,53,92,50,'686꽃이 보이는 그들을 가는 꽃 방황하여도, 뿐이다. 트고, 반짝이는 위하여, 봄바람이다. 석가는 이는 별과 인류의 군영과 얼음에 약동하다.','2019-02-10 00:55:23'),(25,22,84,54,72,97,66,'687꽃이 보이는 그들을 가는 꽃 방황하여도, 뿐이다. 트고, 반짝이는 위하여, 봄바람이다. 석가는 이는 별과 인류의 군영과 얼음에 약동하다.','2019-02-10 00:55:23'),(44,17,51,58,86,53,62,'688꽃이 보이는 그들을 가는 꽃 방황하여도, 뿐이다. 트고, 반짝이는 위하여, 봄바람이다. 석가는 이는 별과 인류의 군영과 얼음에 약동하다.','2019-02-10 00:55:23'),(1,18,85,71,51,94,65,'689꽃이 보이는 그들을 가는 꽃 방황하여도, 뿐이다. 트고, 반짝이는 위하여, 봄바람이다. 석가는 이는 별과 인류의 군영과 얼음에 약동하다.','2019-02-10 00:55:23'),(43,20,67,79,94,81,75,'690꽃이 보이는 그들을 가는 꽃 방황하여도, 뿐이다. 트고, 반짝이는 위하여, 봄바람이다. 석가는 이는 별과 인류의 군영과 얼음에 약동하다.','2019-02-10 00:55:23'),(32,33,69,96,72,74,55,'691꽃이 보이는 그들을 가는 꽃 방황하여도, 뿐이다. 트고, 반짝이는 위하여, 봄바람이다. 석가는 이는 별과 인류의 군영과 얼음에 약동하다.','2019-02-10 00:55:23'),(31,12,65,92,62,88,50,'693꽃이 보이는 그들을 가는 꽃 방황하여도, 뿐이다. 트고, 반짝이는 위하여, 봄바람이다. 석가는 이는 별과 인류의 군영과 얼음에 약동하다.','2019-02-10 00:55:23'),(40,47,64,80,58,53,91,'694꽃이 보이는 그들을 가는 꽃 방황하여도, 뿐이다. 트고, 반짝이는 위하여, 봄바람이다. 석가는 이는 별과 인류의 군영과 얼음에 약동하다.','2019-02-10 00:55:23'),(42,36,54,64,60,58,59,'695꽃이 보이는 그들을 가는 꽃 방황하여도, 뿐이다. 트고, 반짝이는 위하여, 봄바람이다. 석가는 이는 별과 인류의 군영과 얼음에 약동하다.','2019-02-10 00:55:23'),(21,26,65,99,100,100,100,'696꽃이 보이는 그들을 가는 꽃 방황하여도, 뿐이다. 트고, 반짝이는 위하여, 봄바람이다. 석가는 이는 별과 인류의 군영과 얼음에 약동하다.','2019-02-10 00:55:23'),(48,42,66,54,73,51,87,'697꽃이 보이는 그들을 가는 꽃 방황하여도, 뿐이다. 트고, 반짝이는 위하여, 봄바람이다. 석가는 이는 별과 인류의 군영과 얼음에 약동하다.','2019-02-10 00:55:23'),(32,49,97,89,51,92,54,'698꽃이 보이는 그들을 가는 꽃 방황하여도, 뿐이다. 트고, 반짝이는 위하여, 봄바람이다. 석가는 이는 별과 인류의 군영과 얼음에 약동하다.','2019-02-10 00:55:23'),(49,27,88,61,91,69,75,'699꽃이 보이는 그들을 가는 꽃 방황하여도, 뿐이다. 트고, 반짝이는 위하여, 봄바람이다. 석가는 이는 별과 인류의 군영과 얼음에 약동하다.','2019-02-10 00:55:23'),(18,11,51,74,67,63,66,'700꽃이 보이는 그들을 가는 꽃 방황하여도, 뿐이다. 트고, 반짝이는 위하여, 봄바람이다. 석가는 이는 별과 인류의 군영과 얼음에 약동하다.','2019-02-10 00:55:23'),(42,7,59,78,61,74,86,'701꽃이 보이는 그들을 가는 꽃 방황하여도, 뿐이다. 트고, 반짝이는 위하여, 봄바람이다. 석가는 이는 별과 인류의 군영과 얼음에 약동하다.','2019-02-10 00:55:23'),(7,25,51,85,69,92,100,'702꽃이 보이는 그들을 가는 꽃 방황하여도, 뿐이다. 트고, 반짝이는 위하여, 봄바람이다. 석가는 이는 별과 인류의 군영과 얼음에 약동하다.','2019-02-10 00:55:23'),(23,15,54,81,91,59,76,'703꽃이 보이는 그들을 가는 꽃 방황하여도, 뿐이다. 트고, 반짝이는 위하여, 봄바람이다. 석가는 이는 별과 인류의 군영과 얼음에 약동하다.','2019-02-10 00:55:23'),(1,25,73,93,93,87,53,'704꽃이 보이는 그들을 가는 꽃 방황하여도, 뿐이다. 트고, 반짝이는 위하여, 봄바람이다. 석가는 이는 별과 인류의 군영과 얼음에 약동하다.','2019-02-10 00:55:23'),(7,22,91,89,70,84,61,'705꽃이 보이는 그들을 가는 꽃 방황하여도, 뿐이다. 트고, 반짝이는 위하여, 봄바람이다. 석가는 이는 별과 인류의 군영과 얼음에 약동하다.','2019-02-10 00:55:23'),(4,35,63,61,65,92,65,'706꽃이 보이는 그들을 가는 꽃 방황하여도, 뿐이다. 트고, 반짝이는 위하여, 봄바람이다. 석가는 이는 별과 인류의 군영과 얼음에 약동하다.','2019-02-10 00:55:23'),(2,11,98,57,93,94,89,'707꽃이 보이는 그들을 가는 꽃 방황하여도, 뿐이다. 트고, 반짝이는 위하여, 봄바람이다. 석가는 이는 별과 인류의 군영과 얼음에 약동하다.','2019-02-10 00:55:23'),(12,42,76,52,84,62,59,'708꽃이 보이는 그들을 가는 꽃 방황하여도, 뿐이다. 트고, 반짝이는 위하여, 봄바람이다. 석가는 이는 별과 인류의 군영과 얼음에 약동하다.','2019-02-10 00:55:23'),(12,31,68,97,79,56,95,'709꽃이 보이는 그들을 가는 꽃 방황하여도, 뿐이다. 트고, 반짝이는 위하여, 봄바람이다. 석가는 이는 별과 인류의 군영과 얼음에 약동하다.','2019-02-10 00:55:23'),(3,29,86,92,51,82,55,'710꽃이 보이는 그들을 가는 꽃 방황하여도, 뿐이다. 트고, 반짝이는 위하여, 봄바람이다. 석가는 이는 별과 인류의 군영과 얼음에 약동하다.','2019-02-10 00:55:23'),(32,42,63,92,69,69,91,'711꽃이 보이는 그들을 가는 꽃 방황하여도, 뿐이다. 트고, 반짝이는 위하여, 봄바람이다. 석가는 이는 별과 인류의 군영과 얼음에 약동하다.','2019-02-10 00:55:23'),(45,3,79,86,91,97,59,'712꽃이 보이는 그들을 가는 꽃 방황하여도, 뿐이다. 트고, 반짝이는 위하여, 봄바람이다. 석가는 이는 별과 인류의 군영과 얼음에 약동하다.','2019-02-10 00:55:23'),(9,17,53,70,91,94,97,'713꽃이 보이는 그들을 가는 꽃 방황하여도, 뿐이다. 트고, 반짝이는 위하여, 봄바람이다. 석가는 이는 별과 인류의 군영과 얼음에 약동하다.','2019-02-10 00:55:23'),(49,7,85,54,67,72,60,'714꽃이 보이는 그들을 가는 꽃 방황하여도, 뿐이다. 트고, 반짝이는 위하여, 봄바람이다. 석가는 이는 별과 인류의 군영과 얼음에 약동하다.','2019-02-10 00:55:23'),(34,36,80,92,70,76,69,'715꽃이 보이는 그들을 가는 꽃 방황하여도, 뿐이다. 트고, 반짝이는 위하여, 봄바람이다. 석가는 이는 별과 인류의 군영과 얼음에 약동하다.','2019-02-10 00:55:23'),(19,33,60,50,74,67,66,'716꽃이 보이는 그들을 가는 꽃 방황하여도, 뿐이다. 트고, 반짝이는 위하여, 봄바람이다. 석가는 이는 별과 인류의 군영과 얼음에 약동하다.','2019-02-10 00:55:23'),(27,36,98,82,66,84,73,'717꽃이 보이는 그들을 가는 꽃 방황하여도, 뿐이다. 트고, 반짝이는 위하여, 봄바람이다. 석가는 이는 별과 인류의 군영과 얼음에 약동하다.','2019-02-10 00:55:23'),(14,49,53,68,83,57,90,'718꽃이 보이는 그들을 가는 꽃 방황하여도, 뿐이다. 트고, 반짝이는 위하여, 봄바람이다. 석가는 이는 별과 인류의 군영과 얼음에 약동하다.','2019-02-10 00:55:23'),(29,21,68,80,94,81,72,'719꽃이 보이는 그들을 가는 꽃 방황하여도, 뿐이다. 트고, 반짝이는 위하여, 봄바람이다. 석가는 이는 별과 인류의 군영과 얼음에 약동하다.','2019-02-10 00:55:23'),(19,25,67,65,72,63,52,'720꽃이 보이는 그들을 가는 꽃 방황하여도, 뿐이다. 트고, 반짝이는 위하여, 봄바람이다. 석가는 이는 별과 인류의 군영과 얼음에 약동하다.','2019-02-10 00:55:23'),(24,8,68,68,87,79,85,'721꽃이 보이는 그들을 가는 꽃 방황하여도, 뿐이다. 트고, 반짝이는 위하여, 봄바람이다. 석가는 이는 별과 인류의 군영과 얼음에 약동하다.','2019-02-10 00:55:23'),(39,37,66,73,65,57,92,'722꽃이 보이는 그들을 가는 꽃 방황하여도, 뿐이다. 트고, 반짝이는 위하여, 봄바람이다. 석가는 이는 별과 인류의 군영과 얼음에 약동하다.','2019-02-10 00:55:23'),(38,13,50,62,61,69,64,'723꽃이 보이는 그들을 가는 꽃 방황하여도, 뿐이다. 트고, 반짝이는 위하여, 봄바람이다. 석가는 이는 별과 인류의 군영과 얼음에 약동하다.','2019-02-10 00:55:23'),(12,14,85,84,62,62,74,'724꽃이 보이는 그들을 가는 꽃 방황하여도, 뿐이다. 트고, 반짝이는 위하여, 봄바람이다. 석가는 이는 별과 인류의 군영과 얼음에 약동하다.','2019-02-10 00:55:23'),(33,39,98,73,70,82,99,'725꽃이 보이는 그들을 가는 꽃 방황하여도, 뿐이다. 트고, 반짝이는 위하여, 봄바람이다. 석가는 이는 별과 인류의 군영과 얼음에 약동하다.','2019-02-10 00:55:23'),(48,43,68,64,65,86,84,'726꽃이 보이는 그들을 가는 꽃 방황하여도, 뿐이다. 트고, 반짝이는 위하여, 봄바람이다. 석가는 이는 별과 인류의 군영과 얼음에 약동하다.','2019-02-10 00:55:23'),(10,49,63,72,70,84,57,'727꽃이 보이는 그들을 가는 꽃 방황하여도, 뿐이다. 트고, 반짝이는 위하여, 봄바람이다. 석가는 이는 별과 인류의 군영과 얼음에 약동하다.','2019-02-10 00:55:23'),(38,15,59,55,98,70,58,'728꽃이 보이는 그들을 가는 꽃 방황하여도, 뿐이다. 트고, 반짝이는 위하여, 봄바람이다. 석가는 이는 별과 인류의 군영과 얼음에 약동하다.','2019-02-10 00:55:23'),(32,33,69,97,78,97,51,'729꽃이 보이는 그들을 가는 꽃 방황하여도, 뿐이다. 트고, 반짝이는 위하여, 봄바람이다. 석가는 이는 별과 인류의 군영과 얼음에 약동하다.','2019-02-10 00:55:23'),(17,30,100,56,85,52,59,'730꽃이 보이는 그들을 가는 꽃 방황하여도, 뿐이다. 트고, 반짝이는 위하여, 봄바람이다. 석가는 이는 별과 인류의 군영과 얼음에 약동하다.','2019-02-10 00:55:23'),(38,10,85,95,70,64,63,'731꽃이 보이는 그들을 가는 꽃 방황하여도, 뿐이다. 트고, 반짝이는 위하여, 봄바람이다. 석가는 이는 별과 인류의 군영과 얼음에 약동하다.','2019-02-10 00:55:23'),(25,33,87,87,76,66,56,'732꽃이 보이는 그들을 가는 꽃 방황하여도, 뿐이다. 트고, 반짝이는 위하여, 봄바람이다. 석가는 이는 별과 인류의 군영과 얼음에 약동하다.','2019-02-10 00:55:23'),(32,39,98,72,67,68,92,'733꽃이 보이는 그들을 가는 꽃 방황하여도, 뿐이다. 트고, 반짝이는 위하여, 봄바람이다. 석가는 이는 별과 인류의 군영과 얼음에 약동하다.','2019-02-10 00:55:23'),(2,33,58,93,91,75,52,'734꽃이 보이는 그들을 가는 꽃 방황하여도, 뿐이다. 트고, 반짝이는 위하여, 봄바람이다. 석가는 이는 별과 인류의 군영과 얼음에 약동하다.','2019-02-10 00:55:23'),(37,28,77,51,75,73,90,'735꽃이 보이는 그들을 가는 꽃 방황하여도, 뿐이다. 트고, 반짝이는 위하여, 봄바람이다. 석가는 이는 별과 인류의 군영과 얼음에 약동하다.','2019-02-10 00:55:23'),(29,24,81,86,87,75,64,'736꽃이 보이는 그들을 가는 꽃 방황하여도, 뿐이다. 트고, 반짝이는 위하여, 봄바람이다. 석가는 이는 별과 인류의 군영과 얼음에 약동하다.','2019-02-10 00:55:23'),(48,44,75,96,50,67,84,'737꽃이 보이는 그들을 가는 꽃 방황하여도, 뿐이다. 트고, 반짝이는 위하여, 봄바람이다. 석가는 이는 별과 인류의 군영과 얼음에 약동하다.','2019-02-10 00:55:23'),(18,38,85,63,59,59,68,'738꽃이 보이는 그들을 가는 꽃 방황하여도, 뿐이다. 트고, 반짝이는 위하여, 봄바람이다. 석가는 이는 별과 인류의 군영과 얼음에 약동하다.','2019-02-10 00:55:23'),(12,4,84,57,86,56,75,'739꽃이 보이는 그들을 가는 꽃 방황하여도, 뿐이다. 트고, 반짝이는 위하여, 봄바람이다. 석가는 이는 별과 인류의 군영과 얼음에 약동하다.','2019-02-10 00:55:23'),(8,13,91,66,56,84,100,'740꽃이 보이는 그들을 가는 꽃 방황하여도, 뿐이다. 트고, 반짝이는 위하여, 봄바람이다. 석가는 이는 별과 인류의 군영과 얼음에 약동하다.','2019-02-10 00:55:23'),(46,32,68,99,86,85,65,'741꽃이 보이는 그들을 가는 꽃 방황하여도, 뿐이다. 트고, 반짝이는 위하여, 봄바람이다. 석가는 이는 별과 인류의 군영과 얼음에 약동하다.','2019-02-10 00:55:23'),(22,12,94,84,88,87,71,'742꽃이 보이는 그들을 가는 꽃 방황하여도, 뿐이다. 트고, 반짝이는 위하여, 봄바람이다. 석가는 이는 별과 인류의 군영과 얼음에 약동하다.','2019-02-10 00:55:23'),(45,9,58,69,67,82,56,'743꽃이 보이는 그들을 가는 꽃 방황하여도, 뿐이다. 트고, 반짝이는 위하여, 봄바람이다. 석가는 이는 별과 인류의 군영과 얼음에 약동하다.','2019-02-10 00:55:23'),(35,6,75,57,62,89,56,'744꽃이 보이는 그들을 가는 꽃 방황하여도, 뿐이다. 트고, 반짝이는 위하여, 봄바람이다. 석가는 이는 별과 인류의 군영과 얼음에 약동하다.','2019-02-10 00:55:23'),(17,16,75,79,72,71,90,'745꽃이 보이는 그들을 가는 꽃 방황하여도, 뿐이다. 트고, 반짝이는 위하여, 봄바람이다. 석가는 이는 별과 인류의 군영과 얼음에 약동하다.','2019-02-10 00:55:23'),(38,16,67,87,85,63,59,'746꽃이 보이는 그들을 가는 꽃 방황하여도, 뿐이다. 트고, 반짝이는 위하여, 봄바람이다. 석가는 이는 별과 인류의 군영과 얼음에 약동하다.','2019-02-10 00:55:23'),(10,17,56,82,91,56,60,'747꽃이 보이는 그들을 가는 꽃 방황하여도, 뿐이다. 트고, 반짝이는 위하여, 봄바람이다. 석가는 이는 별과 인류의 군영과 얼음에 약동하다.','2019-02-10 00:55:23'),(35,39,90,84,98,89,99,'748꽃이 보이는 그들을 가는 꽃 방황하여도, 뿐이다. 트고, 반짝이는 위하여, 봄바람이다. 석가는 이는 별과 인류의 군영과 얼음에 약동하다.','2019-02-10 00:55:23'),(30,49,56,87,62,52,76,'749꽃이 보이는 그들을 가는 꽃 방황하여도, 뿐이다. 트고, 반짝이는 위하여, 봄바람이다. 석가는 이는 별과 인류의 군영과 얼음에 약동하다.','2019-02-10 00:55:23'),(22,32,91,61,85,91,98,'750꽃이 보이는 그들을 가는 꽃 방황하여도, 뿐이다. 트고, 반짝이는 위하여, 봄바람이다. 석가는 이는 별과 인류의 군영과 얼음에 약동하다.','2019-02-10 00:55:23'),(16,34,72,61,91,69,74,'751꽃이 보이는 그들을 가는 꽃 방황하여도, 뿐이다. 트고, 반짝이는 위하여, 봄바람이다. 석가는 이는 별과 인류의 군영과 얼음에 약동하다.','2019-02-10 00:55:23'),(12,37,98,80,57,95,53,'752꽃이 보이는 그들을 가는 꽃 방황하여도, 뿐이다. 트고, 반짝이는 위하여, 봄바람이다. 석가는 이는 별과 인류의 군영과 얼음에 약동하다.','2019-02-10 00:55:23'),(34,8,86,56,73,96,61,'753꽃이 보이는 그들을 가는 꽃 방황하여도, 뿐이다. 트고, 반짝이는 위하여, 봄바람이다. 석가는 이는 별과 인류의 군영과 얼음에 약동하다.','2019-02-10 00:55:23'),(18,4,67,74,70,76,72,'754꽃이 보이는 그들을 가는 꽃 방황하여도, 뿐이다. 트고, 반짝이는 위하여, 봄바람이다. 석가는 이는 별과 인류의 군영과 얼음에 약동하다.','2019-02-10 00:55:23'),(31,37,93,52,84,62,62,'755꽃이 보이는 그들을 가는 꽃 방황하여도, 뿐이다. 트고, 반짝이는 위하여, 봄바람이다. 석가는 이는 별과 인류의 군영과 얼음에 약동하다.','2019-02-10 00:55:23'),(22,20,86,69,89,87,66,'756꽃이 보이는 그들을 가는 꽃 방황하여도, 뿐이다. 트고, 반짝이는 위하여, 봄바람이다. 석가는 이는 별과 인류의 군영과 얼음에 약동하다.','2019-02-10 00:55:23'),(23,15,53,72,53,98,79,'757꽃이 보이는 그들을 가는 꽃 방황하여도, 뿐이다. 트고, 반짝이는 위하여, 봄바람이다. 석가는 이는 별과 인류의 군영과 얼음에 약동하다.','2019-02-10 00:55:23'),(3,25,67,60,50,72,60,'758꽃이 보이는 그들을 가는 꽃 방황하여도, 뿐이다. 트고, 반짝이는 위하여, 봄바람이다. 석가는 이는 별과 인류의 군영과 얼음에 약동하다.','2019-02-10 00:55:23'),(33,34,71,53,54,60,88,'759꽃이 보이는 그들을 가는 꽃 방황하여도, 뿐이다. 트고, 반짝이는 위하여, 봄바람이다. 석가는 이는 별과 인류의 군영과 얼음에 약동하다.','2019-02-10 00:55:23'),(10,36,100,89,97,65,87,'760꽃이 보이는 그들을 가는 꽃 방황하여도, 뿐이다. 트고, 반짝이는 위하여, 봄바람이다. 석가는 이는 별과 인류의 군영과 얼음에 약동하다.','2019-02-10 00:55:23'),(39,31,88,98,73,72,94,'761꽃이 보이는 그들을 가는 꽃 방황하여도, 뿐이다. 트고, 반짝이는 위하여, 봄바람이다. 석가는 이는 별과 인류의 군영과 얼음에 약동하다.','2019-02-10 00:55:23'),(1,22,57,73,92,91,78,'762꽃이 보이는 그들을 가는 꽃 방황하여도, 뿐이다. 트고, 반짝이는 위하여, 봄바람이다. 석가는 이는 별과 인류의 군영과 얼음에 약동하다.','2019-02-10 00:55:23'),(19,9,89,66,66,80,50,'763꽃이 보이는 그들을 가는 꽃 방황하여도, 뿐이다. 트고, 반짝이는 위하여, 봄바람이다. 석가는 이는 별과 인류의 군영과 얼음에 약동하다.','2019-02-10 00:55:23'),(15,20,54,64,58,99,70,'764꽃이 보이는 그들을 가는 꽃 방황하여도, 뿐이다. 트고, 반짝이는 위하여, 봄바람이다. 석가는 이는 별과 인류의 군영과 얼음에 약동하다.','2019-02-10 00:55:23'),(2,48,84,76,81,73,74,'765꽃이 보이는 그들을 가는 꽃 방황하여도, 뿐이다. 트고, 반짝이는 위하여, 봄바람이다. 석가는 이는 별과 인류의 군영과 얼음에 약동하다.','2019-02-10 00:55:23'),(50,26,81,79,50,66,78,'766꽃이 보이는 그들을 가는 꽃 방황하여도, 뿐이다. 트고, 반짝이는 위하여, 봄바람이다. 석가는 이는 별과 인류의 군영과 얼음에 약동하다.','2019-02-10 00:55:23'),(43,30,70,62,50,67,84,'767꽃이 보이는 그들을 가는 꽃 방황하여도, 뿐이다. 트고, 반짝이는 위하여, 봄바람이다. 석가는 이는 별과 인류의 군영과 얼음에 약동하다.','2019-02-10 00:55:23'),(18,36,74,63,97,93,72,'768꽃이 보이는 그들을 가는 꽃 방황하여도, 뿐이다. 트고, 반짝이는 위하여, 봄바람이다. 석가는 이는 별과 인류의 군영과 얼음에 약동하다.','2019-02-10 00:55:23'),(36,8,84,95,73,82,89,'769꽃이 보이는 그들을 가는 꽃 방황하여도, 뿐이다. 트고, 반짝이는 위하여, 봄바람이다. 석가는 이는 별과 인류의 군영과 얼음에 약동하다.','2019-02-10 00:55:23'),(49,25,79,72,72,95,57,'770꽃이 보이는 그들을 가는 꽃 방황하여도, 뿐이다. 트고, 반짝이는 위하여, 봄바람이다. 석가는 이는 별과 인류의 군영과 얼음에 약동하다.','2019-02-10 00:55:23'),(3,40,91,86,57,80,78,'771꽃이 보이는 그들을 가는 꽃 방황하여도, 뿐이다. 트고, 반짝이는 위하여, 봄바람이다. 석가는 이는 별과 인류의 군영과 얼음에 약동하다.','2019-02-10 00:55:23'),(1,17,83,62,65,91,55,'772꽃이 보이는 그들을 가는 꽃 방황하여도, 뿐이다. 트고, 반짝이는 위하여, 봄바람이다. 석가는 이는 별과 인류의 군영과 얼음에 약동하다.','2019-02-10 00:55:23'),(44,5,90,88,67,75,71,'774꽃이 보이는 그들을 가는 꽃 방황하여도, 뿐이다. 트고, 반짝이는 위하여, 봄바람이다. 석가는 이는 별과 인류의 군영과 얼음에 약동하다.','2019-02-10 00:55:23'),(32,43,69,66,76,81,78,'775꽃이 보이는 그들을 가는 꽃 방황하여도, 뿐이다. 트고, 반짝이는 위하여, 봄바람이다. 석가는 이는 별과 인류의 군영과 얼음에 약동하다.','2019-02-10 00:55:23'),(48,3,72,50,88,87,72,'776꽃이 보이는 그들을 가는 꽃 방황하여도, 뿐이다. 트고, 반짝이는 위하여, 봄바람이다. 석가는 이는 별과 인류의 군영과 얼음에 약동하다.','2019-02-10 00:55:23'),(49,28,90,68,72,55,60,'777꽃이 보이는 그들을 가는 꽃 방황하여도, 뿐이다. 트고, 반짝이는 위하여, 봄바람이다. 석가는 이는 별과 인류의 군영과 얼음에 약동하다.','2019-02-10 00:55:23'),(38,4,54,65,59,50,78,'778꽃이 보이는 그들을 가는 꽃 방황하여도, 뿐이다. 트고, 반짝이는 위하여, 봄바람이다. 석가는 이는 별과 인류의 군영과 얼음에 약동하다.','2019-02-10 00:55:23'),(35,43,56,56,61,89,60,'779꽃이 보이는 그들을 가는 꽃 방황하여도, 뿐이다. 트고, 반짝이는 위하여, 봄바람이다. 석가는 이는 별과 인류의 군영과 얼음에 약동하다.','2019-02-10 00:55:23'),(33,35,73,61,89,58,75,'780꽃이 보이는 그들을 가는 꽃 방황하여도, 뿐이다. 트고, 반짝이는 위하여, 봄바람이다. 석가는 이는 별과 인류의 군영과 얼음에 약동하다.','2019-02-10 00:55:23'),(2,33,56,86,58,84,97,'781꽃이 보이는 그들을 가는 꽃 방황하여도, 뿐이다. 트고, 반짝이는 위하여, 봄바람이다. 석가는 이는 별과 인류의 군영과 얼음에 약동하다.','2019-02-10 00:55:23'),(30,8,100,73,69,76,74,'782꽃이 보이는 그들을 가는 꽃 방황하여도, 뿐이다. 트고, 반짝이는 위하여, 봄바람이다. 석가는 이는 별과 인류의 군영과 얼음에 약동하다.','2019-02-10 00:55:23'),(42,35,50,98,85,85,66,'783꽃이 보이는 그들을 가는 꽃 방황하여도, 뿐이다. 트고, 반짝이는 위하여, 봄바람이다. 석가는 이는 별과 인류의 군영과 얼음에 약동하다.','2019-02-10 00:55:23'),(27,35,96,71,71,92,94,'784꽃이 보이는 그들을 가는 꽃 방황하여도, 뿐이다. 트고, 반짝이는 위하여, 봄바람이다. 석가는 이는 별과 인류의 군영과 얼음에 약동하다.','2019-02-10 00:55:23'),(44,37,54,61,91,72,89,'785꽃이 보이는 그들을 가는 꽃 방황하여도, 뿐이다. 트고, 반짝이는 위하여, 봄바람이다. 석가는 이는 별과 인류의 군영과 얼음에 약동하다.','2019-02-10 00:55:23'),(27,18,56,78,72,77,69,'786꽃이 보이는 그들을 가는 꽃 방황하여도, 뿐이다. 트고, 반짝이는 위하여, 봄바람이다. 석가는 이는 별과 인류의 군영과 얼음에 약동하다.','2019-02-10 00:55:23'),(16,18,91,53,93,54,95,'787꽃이 보이는 그들을 가는 꽃 방황하여도, 뿐이다. 트고, 반짝이는 위하여, 봄바람이다. 석가는 이는 별과 인류의 군영과 얼음에 약동하다.','2019-02-10 00:55:23'),(8,5,99,81,58,50,76,'788꽃이 보이는 그들을 가는 꽃 방황하여도, 뿐이다. 트고, 반짝이는 위하여, 봄바람이다. 석가는 이는 별과 인류의 군영과 얼음에 약동하다.','2019-02-10 00:55:23'),(30,18,100,98,87,94,57,'789꽃이 보이는 그들을 가는 꽃 방황하여도, 뿐이다. 트고, 반짝이는 위하여, 봄바람이다. 석가는 이는 별과 인류의 군영과 얼음에 약동하다.','2019-02-10 00:55:23'),(5,3,99,83,71,54,60,'790꽃이 보이는 그들을 가는 꽃 방황하여도, 뿐이다. 트고, 반짝이는 위하여, 봄바람이다. 석가는 이는 별과 인류의 군영과 얼음에 약동하다.','2019-02-10 00:55:23'),(41,19,71,100,84,73,61,'791꽃이 보이는 그들을 가는 꽃 방황하여도, 뿐이다. 트고, 반짝이는 위하여, 봄바람이다. 석가는 이는 별과 인류의 군영과 얼음에 약동하다.','2019-02-10 00:55:23'),(40,11,86,99,85,78,85,'792꽃이 보이는 그들을 가는 꽃 방황하여도, 뿐이다. 트고, 반짝이는 위하여, 봄바람이다. 석가는 이는 별과 인류의 군영과 얼음에 약동하다.','2019-02-10 00:55:23'),(40,42,93,86,51,51,54,'793꽃이 보이는 그들을 가는 꽃 방황하여도, 뿐이다. 트고, 반짝이는 위하여, 봄바람이다. 석가는 이는 별과 인류의 군영과 얼음에 약동하다.','2019-02-10 00:55:23'),(15,13,67,100,94,71,76,'794꽃이 보이는 그들을 가는 꽃 방황하여도, 뿐이다. 트고, 반짝이는 위하여, 봄바람이다. 석가는 이는 별과 인류의 군영과 얼음에 약동하다.','2019-02-10 00:55:23'),(16,1,53,67,74,69,75,'795꽃이 보이는 그들을 가는 꽃 방황하여도, 뿐이다. 트고, 반짝이는 위하여, 봄바람이다. 석가는 이는 별과 인류의 군영과 얼음에 약동하다.','2019-02-10 00:55:23'),(16,2,64,63,77,94,87,'796꽃이 보이는 그들을 가는 꽃 방황하여도, 뿐이다. 트고, 반짝이는 위하여, 봄바람이다. 석가는 이는 별과 인류의 군영과 얼음에 약동하다.','2019-02-10 00:55:23'),(3,5,64,56,92,89,69,'797꽃이 보이는 그들을 가는 꽃 방황하여도, 뿐이다. 트고, 반짝이는 위하여, 봄바람이다. 석가는 이는 별과 인류의 군영과 얼음에 약동하다.','2019-02-10 00:55:23'),(30,39,56,63,99,51,63,'798꽃이 보이는 그들을 가는 꽃 방황하여도, 뿐이다. 트고, 반짝이는 위하여, 봄바람이다. 석가는 이는 별과 인류의 군영과 얼음에 약동하다.','2019-02-10 00:55:23'),(13,24,79,75,88,65,61,'799꽃이 보이는 그들을 가는 꽃 방황하여도, 뿐이다. 트고, 반짝이는 위하여, 봄바람이다. 석가는 이는 별과 인류의 군영과 얼음에 약동하다.','2019-02-10 00:55:23'),(10,16,100,100,50,52,60,'800꽃이 보이는 그들을 가는 꽃 방황하여도, 뿐이다. 트고, 반짝이는 위하여, 봄바람이다. 석가는 이는 별과 인류의 군영과 얼음에 약동하다.','2019-02-10 00:55:23'),(46,47,98,96,87,96,70,'801꽃이 보이는 그들을 가는 꽃 방황하여도, 뿐이다. 트고, 반짝이는 위하여, 봄바람이다. 석가는 이는 별과 인류의 군영과 얼음에 약동하다.','2019-02-10 00:55:23'),(13,2,68,90,93,95,97,'802꽃이 보이는 그들을 가는 꽃 방황하여도, 뿐이다. 트고, 반짝이는 위하여, 봄바람이다. 석가는 이는 별과 인류의 군영과 얼음에 약동하다.','2019-02-10 00:55:23'),(46,41,67,62,61,70,64,'803꽃이 보이는 그들을 가는 꽃 방황하여도, 뿐이다. 트고, 반짝이는 위하여, 봄바람이다. 석가는 이는 별과 인류의 군영과 얼음에 약동하다.','2019-02-10 00:55:23'),(14,24,76,61,80,63,78,'804꽃이 보이는 그들을 가는 꽃 방황하여도, 뿐이다. 트고, 반짝이는 위하여, 봄바람이다. 석가는 이는 별과 인류의 군영과 얼음에 약동하다.','2019-02-10 00:55:23'),(48,7,90,79,75,88,63,'805꽃이 보이는 그들을 가는 꽃 방황하여도, 뿐이다. 트고, 반짝이는 위하여, 봄바람이다. 석가는 이는 별과 인류의 군영과 얼음에 약동하다.','2019-02-10 00:55:23'),(3,26,69,69,89,88,70,'806꽃이 보이는 그들을 가는 꽃 방황하여도, 뿐이다. 트고, 반짝이는 위하여, 봄바람이다. 석가는 이는 별과 인류의 군영과 얼음에 약동하다.','2019-02-10 00:55:23'),(39,34,100,96,83,75,76,'807꽃이 보이는 그들을 가는 꽃 방황하여도, 뿐이다. 트고, 반짝이는 위하여, 봄바람이다. 석가는 이는 별과 인류의 군영과 얼음에 약동하다.','2019-02-10 00:55:23'),(6,1,87,83,54,72,98,'808꽃이 보이는 그들을 가는 꽃 방황하여도, 뿐이다. 트고, 반짝이는 위하여, 봄바람이다. 석가는 이는 별과 인류의 군영과 얼음에 약동하다.','2019-02-10 00:55:23'),(21,11,91,72,90,80,83,'809꽃이 보이는 그들을 가는 꽃 방황하여도, 뿐이다. 트고, 반짝이는 위하여, 봄바람이다. 석가는 이는 별과 인류의 군영과 얼음에 약동하다.','2019-02-10 00:55:23'),(26,28,61,75,92,81,82,'810꽃이 보이는 그들을 가는 꽃 방황하여도, 뿐이다. 트고, 반짝이는 위하여, 봄바람이다. 석가는 이는 별과 인류의 군영과 얼음에 약동하다.','2019-02-10 00:55:23'),(17,35,73,62,94,79,67,'811꽃이 보이는 그들을 가는 꽃 방황하여도, 뿐이다. 트고, 반짝이는 위하여, 봄바람이다. 석가는 이는 별과 인류의 군영과 얼음에 약동하다.','2019-02-10 00:55:23'),(46,29,56,96,57,51,87,'812꽃이 보이는 그들을 가는 꽃 방황하여도, 뿐이다. 트고, 반짝이는 위하여, 봄바람이다. 석가는 이는 별과 인류의 군영과 얼음에 약동하다.','2019-02-10 00:55:23'),(29,32,71,62,98,52,69,'813꽃이 보이는 그들을 가는 꽃 방황하여도, 뿐이다. 트고, 반짝이는 위하여, 봄바람이다. 석가는 이는 별과 인류의 군영과 얼음에 약동하다.','2019-02-10 00:55:23'),(37,28,75,94,94,87,53,'814꽃이 보이는 그들을 가는 꽃 방황하여도, 뿐이다. 트고, 반짝이는 위하여, 봄바람이다. 석가는 이는 별과 인류의 군영과 얼음에 약동하다.','2019-02-10 00:55:23'),(7,25,51,83,62,60,65,'815꽃이 보이는 그들을 가는 꽃 방황하여도, 뿐이다. 트고, 반짝이는 위하여, 봄바람이다. 석가는 이는 별과 인류의 군영과 얼음에 약동하다.','2019-02-10 00:55:23'),(46,34,80,50,60,50,73,'816꽃이 보이는 그들을 가는 꽃 방황하여도, 뿐이다. 트고, 반짝이는 위하여, 봄바람이다. 석가는 이는 별과 인류의 군영과 얼음에 약동하다.','2019-02-10 00:55:23'),(15,2,66,76,79,68,54,'817꽃이 보이는 그들을 가는 꽃 방황하여도, 뿐이다. 트고, 반짝이는 위하여, 봄바람이다. 석가는 이는 별과 인류의 군영과 얼음에 약동하다.','2019-02-10 00:55:23'),(19,27,78,58,60,74,92,'818꽃이 보이는 그들을 가는 꽃 방황하여도, 뿐이다. 트고, 반짝이는 위하여, 봄바람이다. 석가는 이는 별과 인류의 군영과 얼음에 약동하다.','2019-02-10 00:55:23'),(35,48,85,82,54,75,63,'819꽃이 보이는 그들을 가는 꽃 방황하여도, 뿐이다. 트고, 반짝이는 위하여, 봄바람이다. 석가는 이는 별과 인류의 군영과 얼음에 약동하다.','2019-02-10 00:55:23'),(43,21,74,60,78,61,72,'820꽃이 보이는 그들을 가는 꽃 방황하여도, 뿐이다. 트고, 반짝이는 위하여, 봄바람이다. 석가는 이는 별과 인류의 군영과 얼음에 약동하다.','2019-02-10 00:55:23'),(25,8,63,93,73,88,71,'821꽃이 보이는 그들을 가는 꽃 방황하여도, 뿐이다. 트고, 반짝이는 위하여, 봄바람이다. 석가는 이는 별과 인류의 군영과 얼음에 약동하다.','2019-02-10 00:55:23'),(41,40,78,69,64,62,68,'822꽃이 보이는 그들을 가는 꽃 방황하여도, 뿐이다. 트고, 반짝이는 위하여, 봄바람이다. 석가는 이는 별과 인류의 군영과 얼음에 약동하다.','2019-02-10 00:55:23'),(6,25,52,91,98,63,74,'823꽃이 보이는 그들을 가는 꽃 방황하여도, 뿐이다. 트고, 반짝이는 위하여, 봄바람이다. 석가는 이는 별과 인류의 군영과 얼음에 약동하다.','2019-02-10 00:55:23'),(31,29,54,84,56,79,77,'824꽃이 보이는 그들을 가는 꽃 방황하여도, 뿐이다. 트고, 반짝이는 위하여, 봄바람이다. 석가는 이는 별과 인류의 군영과 얼음에 약동하다.','2019-02-10 00:55:23'),(50,14,71,66,67,88,86,'825꽃이 보이는 그들을 가는 꽃 방황하여도, 뿐이다. 트고, 반짝이는 위하여, 봄바람이다. 석가는 이는 별과 인류의 군영과 얼음에 약동하다.','2019-02-10 00:55:23'),(18,28,86,95,67,52,61,'826꽃이 보이는 그들을 가는 꽃 방황하여도, 뿐이다. 트고, 반짝이는 위하여, 봄바람이다. 석가는 이는 별과 인류의 군영과 얼음에 약동하다.','2019-02-10 00:55:23'),(49,9,96,54,84,55,77,'827꽃이 보이는 그들을 가는 꽃 방황하여도, 뿐이다. 트고, 반짝이는 위하여, 봄바람이다. 석가는 이는 별과 인류의 군영과 얼음에 약동하다.','2019-02-10 00:55:23'),(19,14,60,60,72,80,84,'828꽃이 보이는 그들을 가는 꽃 방황하여도, 뿐이다. 트고, 반짝이는 위하여, 봄바람이다. 석가는 이는 별과 인류의 군영과 얼음에 약동하다.','2019-02-10 00:55:23'),(28,36,94,65,92,65,100,'829꽃이 보이는 그들을 가는 꽃 방황하여도, 뿐이다. 트고, 반짝이는 위하여, 봄바람이다. 석가는 이는 별과 인류의 군영과 얼음에 약동하다.','2019-02-10 00:55:23'),(1,5,73,50,84,67,85,'830꽃이 보이는 그들을 가는 꽃 방황하여도, 뿐이다. 트고, 반짝이는 위하여, 봄바람이다. 석가는 이는 별과 인류의 군영과 얼음에 약동하다.','2019-02-10 00:55:23'),(22,4,52,53,59,87,55,'831꽃이 보이는 그들을 가는 꽃 방황하여도, 뿐이다. 트고, 반짝이는 위하여, 봄바람이다. 석가는 이는 별과 인류의 군영과 얼음에 약동하다.','2019-02-10 00:55:23'),(19,25,68,65,72,65,58,'832꽃이 보이는 그들을 가는 꽃 방황하여도, 뿐이다. 트고, 반짝이는 위하여, 봄바람이다. 석가는 이는 별과 인류의 군영과 얼음에 약동하다.','2019-02-10 00:55:23'),(47,9,54,96,65,89,97,'833꽃이 보이는 그들을 가는 꽃 방황하여도, 뿐이다. 트고, 반짝이는 위하여, 봄바람이다. 석가는 이는 별과 인류의 군영과 얼음에 약동하다.','2019-02-10 00:55:23'),(17,43,64,94,73,87,62,'834꽃이 보이는 그들을 가는 꽃 방황하여도, 뿐이다. 트고, 반짝이는 위하여, 봄바람이다. 석가는 이는 별과 인류의 군영과 얼음에 약동하다.','2019-02-10 00:55:23'),(3,27,75,95,100,65,74,'835꽃이 보이는 그들을 가는 꽃 방황하여도, 뿐이다. 트고, 반짝이는 위하여, 봄바람이다. 석가는 이는 별과 인류의 군영과 얼음에 약동하다.','2019-02-10 00:55:23'),(28,14,85,84,66,79,97,'836꽃이 보이는 그들을 가는 꽃 방황하여도, 뿐이다. 트고, 반짝이는 위하여, 봄바람이다. 석가는 이는 별과 인류의 군영과 얼음에 약동하다.','2019-02-10 00:55:23'),(45,35,90,94,51,74,66,'837꽃이 보이는 그들을 가는 꽃 방황하여도, 뿐이다. 트고, 반짝이는 위하여, 봄바람이다. 석가는 이는 별과 인류의 군영과 얼음에 약동하다.','2019-02-10 00:55:23'),(11,5,90,85,53,66,67,'838꽃이 보이는 그들을 가는 꽃 방황하여도, 뿐이다. 트고, 반짝이는 위하여, 봄바람이다. 석가는 이는 별과 인류의 군영과 얼음에 약동하다.','2019-02-10 00:55:23'),(39,40,83,95,73,85,53,'839꽃이 보이는 그들을 가는 꽃 방황하여도, 뿐이다. 트고, 반짝이는 위하여, 봄바람이다. 석가는 이는 별과 인류의 군영과 얼음에 약동하다.','2019-02-10 00:55:23'),(14,7,91,85,50,50,50,'840꽃이 보이는 그들을 가는 꽃 방황하여도, 뿐이다. 트고, 반짝이는 위하여, 봄바람이다. 석가는 이는 별과 인류의 군영과 얼음에 약동하다.','2019-02-10 00:55:23'),(50,49,91,60,79,63,81,'841꽃이 보이는 그들을 가는 꽃 방황하여도, 뿐이다. 트고, 반짝이는 위하여, 봄바람이다. 석가는 이는 별과 인류의 군영과 얼음에 약동하다.','2019-02-10 00:55:23'),(13,22,71,91,91,81,83,'842꽃이 보이는 그들을 가는 꽃 방황하여도, 뿐이다. 트고, 반짝이는 위하여, 봄바람이다. 석가는 이는 별과 인류의 군영과 얼음에 약동하다.','2019-02-10 00:55:23'),(21,4,57,77,61,75,94,'843꽃이 보이는 그들을 가는 꽃 방황하여도, 뿐이다. 트고, 반짝이는 위하여, 봄바람이다. 석가는 이는 별과 인류의 군영과 얼음에 약동하다.','2019-02-10 00:55:23'),(41,22,86,66,72,60,89,'844꽃이 보이는 그들을 가는 꽃 방황하여도, 뿐이다. 트고, 반짝이는 위하여, 봄바람이다. 석가는 이는 별과 인류의 군영과 얼음에 약동하다.','2019-02-10 00:55:23'),(10,32,80,53,80,89,53,'845꽃이 보이는 그들을 가는 꽃 방황하여도, 뿐이다. 트고, 반짝이는 위하여, 봄바람이다. 석가는 이는 별과 인류의 군영과 얼음에 약동하다.','2019-02-10 00:55:23'),(3,4,56,75,53,95,61,'846꽃이 보이는 그들을 가는 꽃 방황하여도, 뿐이다. 트고, 반짝이는 위하여, 봄바람이다. 석가는 이는 별과 인류의 군영과 얼음에 약동하다.','2019-02-10 00:55:23'),(22,25,56,58,72,84,56,'847꽃이 보이는 그들을 가는 꽃 방황하여도, 뿐이다. 트고, 반짝이는 위하여, 봄바람이다. 석가는 이는 별과 인류의 군영과 얼음에 약동하다.','2019-02-10 00:55:23'),(28,21,69,84,63,64,80,'848꽃이 보이는 그들을 가는 꽃 방황하여도, 뿐이다. 트고, 반짝이는 위하여, 봄바람이다. 석가는 이는 별과 인류의 군영과 얼음에 약동하다.','2019-02-10 00:55:23'),(7,45,51,72,59,81,74,'849꽃이 보이는 그들을 가는 꽃 방황하여도, 뿐이다. 트고, 반짝이는 위하여, 봄바람이다. 석가는 이는 별과 인류의 군영과 얼음에 약동하다.','2019-02-10 00:55:23'),(27,11,76,96,100,64,69,'850꽃이 보이는 그들을 가는 꽃 방황하여도, 뿐이다. 트고, 반짝이는 위하여, 봄바람이다. 석가는 이는 별과 인류의 군영과 얼음에 약동하다.','2019-02-10 00:55:23'),(4,11,93,82,81,60,56,'851꽃이 보이는 그들을 가는 꽃 방황하여도, 뿐이다. 트고, 반짝이는 위하여, 봄바람이다. 석가는 이는 별과 인류의 군영과 얼음에 약동하다.','2019-02-10 00:55:23'),(3,43,54,96,64,87,89,'852꽃이 보이는 그들을 가는 꽃 방황하여도, 뿐이다. 트고, 반짝이는 위하여, 봄바람이다. 석가는 이는 별과 인류의 군영과 얼음에 약동하다.','2019-02-10 00:55:23'),(32,45,78,54,89,82,91,'853꽃이 보이는 그들을 가는 꽃 방황하여도, 뿐이다. 트고, 반짝이는 위하여, 봄바람이다. 석가는 이는 별과 인류의 군영과 얼음에 약동하다.','2019-02-10 00:55:23'),(8,17,59,97,54,85,58,'854꽃이 보이는 그들을 가는 꽃 방황하여도, 뿐이다. 트고, 반짝이는 위하여, 봄바람이다. 석가는 이는 별과 인류의 군영과 얼음에 약동하다.','2019-02-10 00:55:23'),(38,15,58,98,65,81,61,'855꽃이 보이는 그들을 가는 꽃 방황하여도, 뿐이다. 트고, 반짝이는 위하여, 봄바람이다. 석가는 이는 별과 인류의 군영과 얼음에 약동하다.','2019-02-10 00:55:23'),(13,27,99,61,61,71,71,'856꽃이 보이는 그들을 가는 꽃 방황하여도, 뿐이다. 트고, 반짝이는 위하여, 봄바람이다. 석가는 이는 별과 인류의 군영과 얼음에 약동하다.','2019-02-10 00:55:23'),(46,11,68,58,86,57,77,'857꽃이 보이는 그들을 가는 꽃 방황하여도, 뿐이다. 트고, 반짝이는 위하여, 봄바람이다. 석가는 이는 별과 인류의 군영과 얼음에 약동하다.','2019-02-10 00:55:23'),(13,31,67,96,73,82,89,'858꽃이 보이는 그들을 가는 꽃 방황하여도, 뿐이다. 트고, 반짝이는 위하여, 봄바람이다. 석가는 이는 별과 인류의 군영과 얼음에 약동하다.','2019-02-10 00:55:23'),(49,25,78,65,92,63,90,'859꽃이 보이는 그들을 가는 꽃 방황하여도, 뿐이다. 트고, 반짝이는 위하여, 봄바람이다. 석가는 이는 별과 인류의 군영과 얼음에 약동하다.','2019-02-10 00:55:23'),(11,34,85,76,75,98,62,'860꽃이 보이는 그들을 가는 꽃 방황하여도, 뿐이다. 트고, 반짝이는 위하여, 봄바람이다. 석가는 이는 별과 인류의 군영과 얼음에 약동하다.','2019-02-10 00:55:23'),(20,11,94,86,97,78,98,'861꽃이 보이는 그들을 가는 꽃 방황하여도, 뿐이다. 트고, 반짝이는 위하여, 봄바람이다. 석가는 이는 별과 인류의 군영과 얼음에 약동하다.','2019-02-10 00:55:23'),(5,29,82,71,61,95,90,'862꽃이 보이는 그들을 가는 꽃 방황하여도, 뿐이다. 트고, 반짝이는 위하여, 봄바람이다. 석가는 이는 별과 인류의 군영과 얼음에 약동하다.','2019-02-10 00:55:23'),(14,49,50,58,92,83,89,'863꽃이 보이는 그들을 가는 꽃 방황하여도, 뿐이다. 트고, 반짝이는 위하여, 봄바람이다. 석가는 이는 별과 인류의 군영과 얼음에 약동하다.','2019-02-10 00:55:23'),(45,6,96,60,65,95,79,'864꽃이 보이는 그들을 가는 꽃 방황하여도, 뿐이다. 트고, 반짝이는 위하여, 봄바람이다. 석가는 이는 별과 인류의 군영과 얼음에 약동하다.','2019-02-10 00:55:23'),(19,3,59,91,72,89,80,'866꽃이 보이는 그들을 가는 꽃 방황하여도, 뿐이다. 트고, 반짝이는 위하여, 봄바람이다. 석가는 이는 별과 인류의 군영과 얼음에 약동하다.','2019-02-10 00:55:23'),(33,24,69,76,70,75,64,'867꽃이 보이는 그들을 가는 꽃 방황하여도, 뿐이다. 트고, 반짝이는 위하여, 봄바람이다. 석가는 이는 별과 인류의 군영과 얼음에 약동하다.','2019-02-10 00:55:23'),(48,44,77,54,89,81,88,'868꽃이 보이는 그들을 가는 꽃 방황하여도, 뿐이다. 트고, 반짝이는 위하여, 봄바람이다. 석가는 이는 별과 인류의 군영과 얼음에 약동하다.','2019-02-10 00:55:23'),(47,22,64,60,56,52,91,'869꽃이 보이는 그들을 가는 꽃 방황하여도, 뿐이다. 트고, 반짝이는 위하여, 봄바람이다. 석가는 이는 별과 인류의 군영과 얼음에 약동하다.','2019-02-10 00:55:23'),(48,18,92,59,68,64,68,'870꽃이 보이는 그들을 가는 꽃 방황하여도, 뿐이다. 트고, 반짝이는 위하여, 봄바람이다. 석가는 이는 별과 인류의 군영과 얼음에 약동하다.','2019-02-10 00:55:23'),(47,31,60,62,78,53,82,'871꽃이 보이는 그들을 가는 꽃 방황하여도, 뿐이다. 트고, 반짝이는 위하여, 봄바람이다. 석가는 이는 별과 인류의 군영과 얼음에 약동하다.','2019-02-10 00:55:23'),(2,12,53,81,97,88,100,'872꽃이 보이는 그들을 가는 꽃 방황하여도, 뿐이다. 트고, 반짝이는 위하여, 봄바람이다. 석가는 이는 별과 인류의 군영과 얼음에 약동하다.','2019-02-10 00:55:23'),(37,32,99,99,99,96,81,'873꽃이 보이는 그들을 가는 꽃 방황하여도, 뿐이다. 트고, 반짝이는 위하여, 봄바람이다. 석가는 이는 별과 인류의 군영과 얼음에 약동하다.','2019-02-10 00:55:23'),(18,47,81,65,81,58,51,'874꽃이 보이는 그들을 가는 꽃 방황하여도, 뿐이다. 트고, 반짝이는 위하여, 봄바람이다. 석가는 이는 별과 인류의 군영과 얼음에 약동하다.','2019-02-10 00:55:23'),(31,49,51,61,51,74,64,'875꽃이 보이는 그들을 가는 꽃 방황하여도, 뿐이다. 트고, 반짝이는 위하여, 봄바람이다. 석가는 이는 별과 인류의 군영과 얼음에 약동하다.','2019-02-10 00:55:23'),(50,5,73,51,87,83,53,'876꽃이 보이는 그들을 가는 꽃 방황하여도, 뿐이다. 트고, 반짝이는 위하여, 봄바람이다. 석가는 이는 별과 인류의 군영과 얼음에 약동하다.','2019-02-10 00:55:23'),(18,29,91,65,55,79,82,'877꽃이 보이는 그들을 가는 꽃 방황하여도, 뿐이다. 트고, 반짝이는 위하여, 봄바람이다. 석가는 이는 별과 인류의 군영과 얼음에 약동하다.','2019-02-10 00:55:23'),(22,14,51,66,76,82,83,'878꽃이 보이는 그들을 가는 꽃 방황하여도, 뿐이다. 트고, 반짝이는 위하여, 봄바람이다. 석가는 이는 별과 인류의 군영과 얼음에 약동하다.','2019-02-10 00:55:23'),(19,45,64,90,55,58,76,'879꽃이 보이는 그들을 가는 꽃 방황하여도, 뿐이다. 트고, 반짝이는 위하여, 봄바람이다. 석가는 이는 별과 인류의 군영과 얼음에 약동하다.','2019-02-10 00:55:23'),(5,43,52,83,57,88,68,'880꽃이 보이는 그들을 가는 꽃 방황하여도, 뿐이다. 트고, 반짝이는 위하여, 봄바람이다. 석가는 이는 별과 인류의 군영과 얼음에 약동하다.','2019-02-10 00:55:23'),(27,28,57,54,52,97,76,'881꽃이 보이는 그들을 가는 꽃 방황하여도, 뿐이다. 트고, 반짝이는 위하여, 봄바람이다. 석가는 이는 별과 인류의 군영과 얼음에 약동하다.','2019-02-10 00:55:23'),(41,26,57,58,70,76,70,'882꽃이 보이는 그들을 가는 꽃 방황하여도, 뿐이다. 트고, 반짝이는 위하여, 봄바람이다. 석가는 이는 별과 인류의 군영과 얼음에 약동하다.','2019-02-10 00:55:23'),(23,50,84,67,87,83,54,'883꽃이 보이는 그들을 가는 꽃 방황하여도, 뿐이다. 트고, 반짝이는 위하여, 봄바람이다. 석가는 이는 별과 인류의 군영과 얼음에 약동하다.','2019-02-10 00:55:23'),(22,43,51,79,90,62,94,'884꽃이 보이는 그들을 가는 꽃 방황하여도, 뿐이다. 트고, 반짝이는 위하여, 봄바람이다. 석가는 이는 별과 인류의 군영과 얼음에 약동하다.','2019-02-10 00:55:23'),(31,21,61,95,89,59,80,'885꽃이 보이는 그들을 가는 꽃 방황하여도, 뿐이다. 트고, 반짝이는 위하여, 봄바람이다. 석가는 이는 별과 인류의 군영과 얼음에 약동하다.','2019-02-10 00:55:23'),(25,32,83,70,51,97,79,'886꽃이 보이는 그들을 가는 꽃 방황하여도, 뿐이다. 트고, 반짝이는 위하여, 봄바람이다. 석가는 이는 별과 인류의 군영과 얼음에 약동하다.','2019-02-10 00:55:23'),(6,42,90,73,97,62,74,'887꽃이 보이는 그들을 가는 꽃 방황하여도, 뿐이다. 트고, 반짝이는 위하여, 봄바람이다. 석가는 이는 별과 인류의 군영과 얼음에 약동하다.','2019-02-10 00:55:23'),(34,44,68,60,99,62,62,'888꽃이 보이는 그들을 가는 꽃 방황하여도, 뿐이다. 트고, 반짝이는 위하여, 봄바람이다. 석가는 이는 별과 인류의 군영과 얼음에 약동하다.','2019-02-10 00:55:23'),(27,47,53,79,83,75,80,'889꽃이 보이는 그들을 가는 꽃 방황하여도, 뿐이다. 트고, 반짝이는 위하여, 봄바람이다. 석가는 이는 별과 인류의 군영과 얼음에 약동하다.','2019-02-10 00:55:23'),(24,27,63,86,88,82,99,'890꽃이 보이는 그들을 가는 꽃 방황하여도, 뿐이다. 트고, 반짝이는 위하여, 봄바람이다. 석가는 이는 별과 인류의 군영과 얼음에 약동하다.','2019-02-10 00:55:23'),(46,33,77,85,95,70,66,'891꽃이 보이는 그들을 가는 꽃 방황하여도, 뿐이다. 트고, 반짝이는 위하여, 봄바람이다. 석가는 이는 별과 인류의 군영과 얼음에 약동하다.','2019-02-10 00:55:23'),(19,46,72,75,57,64,98,'892꽃이 보이는 그들을 가는 꽃 방황하여도, 뿐이다. 트고, 반짝이는 위하여, 봄바람이다. 석가는 이는 별과 인류의 군영과 얼음에 약동하다.','2019-02-10 00:55:23'),(44,29,58,58,65,53,70,'893꽃이 보이는 그들을 가는 꽃 방황하여도, 뿐이다. 트고, 반짝이는 위하여, 봄바람이다. 석가는 이는 별과 인류의 군영과 얼음에 약동하다.','2019-02-10 00:55:23'),(6,14,98,100,55,78,73,'895꽃이 보이는 그들을 가는 꽃 방황하여도, 뿐이다. 트고, 반짝이는 위하여, 봄바람이다. 석가는 이는 별과 인류의 군영과 얼음에 약동하다.','2019-02-10 00:55:23'),(31,35,82,53,71,99,77,'896꽃이 보이는 그들을 가는 꽃 방황하여도, 뿐이다. 트고, 반짝이는 위하여, 봄바람이다. 석가는 이는 별과 인류의 군영과 얼음에 약동하다.','2019-02-10 00:55:23'),(39,13,97,95,82,79,98,'897꽃이 보이는 그들을 가는 꽃 방황하여도, 뿐이다. 트고, 반짝이는 위하여, 봄바람이다. 석가는 이는 별과 인류의 군영과 얼음에 약동하다.','2019-02-10 00:55:23'),(2,15,67,93,61,77,54,'898꽃이 보이는 그들을 가는 꽃 방황하여도, 뿐이다. 트고, 반짝이는 위하여, 봄바람이다. 석가는 이는 별과 인류의 군영과 얼음에 약동하다.','2019-02-10 00:55:23'),(39,29,77,52,79,87,99,'899꽃이 보이는 그들을 가는 꽃 방황하여도, 뿐이다. 트고, 반짝이는 위하여, 봄바람이다. 석가는 이는 별과 인류의 군영과 얼음에 약동하다.','2019-02-10 00:55:23'),(34,22,54,60,85,97,78,'900꽃이 보이는 그들을 가는 꽃 방황하여도, 뿐이다. 트고, 반짝이는 위하여, 봄바람이다. 석가는 이는 별과 인류의 군영과 얼음에 약동하다.','2019-02-10 00:55:23'),(2,22,53,53,54,63,51,'901꽃이 보이는 그들을 가는 꽃 방황하여도, 뿐이다. 트고, 반짝이는 위하여, 봄바람이다. 석가는 이는 별과 인류의 군영과 얼음에 약동하다.','2019-02-10 00:55:23'),(19,39,89,75,59,72,83,'902꽃이 보이는 그들을 가는 꽃 방황하여도, 뿐이다. 트고, 반짝이는 위하여, 봄바람이다. 석가는 이는 별과 인류의 군영과 얼음에 약동하다.','2019-02-10 00:55:23'),(46,32,68,100,93,65,99,'903꽃이 보이는 그들을 가는 꽃 방황하여도, 뿐이다. 트고, 반짝이는 위하여, 봄바람이다. 석가는 이는 별과 인류의 군영과 얼음에 약동하다.','2019-02-10 00:55:23'),(46,32,72,63,52,73,55,'904꽃이 보이는 그들을 가는 꽃 방황하여도, 뿐이다. 트고, 반짝이는 위하여, 봄바람이다. 석가는 이는 별과 인류의 군영과 얼음에 약동하다.','2019-02-10 00:55:23'),(8,22,88,72,96,63,77,'905꽃이 보이는 그들을 가는 꽃 방황하여도, 뿐이다. 트고, 반짝이는 위하여, 봄바람이다. 석가는 이는 별과 인류의 군영과 얼음에 약동하다.','2019-02-10 00:55:23'),(49,10,50,76,78,61,74,'906꽃이 보이는 그들을 가는 꽃 방황하여도, 뿐이다. 트고, 반짝이는 위하여, 봄바람이다. 석가는 이는 별과 인류의 군영과 얼음에 약동하다.','2019-02-10 00:55:23'),(36,5,67,72,60,85,94,'907꽃이 보이는 그들을 가는 꽃 방황하여도, 뿐이다. 트고, 반짝이는 위하여, 봄바람이다. 석가는 이는 별과 인류의 군영과 얼음에 약동하다.','2019-02-10 00:55:23'),(13,31,65,85,78,87,99,'908꽃이 보이는 그들을 가는 꽃 방황하여도, 뿐이다. 트고, 반짝이는 위하여, 봄바람이다. 석가는 이는 별과 인류의 군영과 얼음에 약동하다.','2019-02-10 00:55:23'),(32,14,72,71,87,73,56,'909꽃이 보이는 그들을 가는 꽃 방황하여도, 뿐이다. 트고, 반짝이는 위하여, 봄바람이다. 석가는 이는 별과 인류의 군영과 얼음에 약동하다.','2019-02-10 00:55:23'),(10,28,61,72,75,62,86,'910꽃이 보이는 그들을 가는 꽃 방황하여도, 뿐이다. 트고, 반짝이는 위하여, 봄바람이다. 석가는 이는 별과 인류의 군영과 얼음에 약동하다.','2019-02-10 00:55:23'),(42,1,76,82,78,96,94,'911꽃이 보이는 그들을 가는 꽃 방황하여도, 뿐이다. 트고, 반짝이는 위하여, 봄바람이다. 석가는 이는 별과 인류의 군영과 얼음에 약동하다.','2019-02-10 00:55:23'),(31,24,73,97,64,81,63,'912꽃이 보이는 그들을 가는 꽃 방황하여도, 뿐이다. 트고, 반짝이는 위하여, 봄바람이다. 석가는 이는 별과 인류의 군영과 얼음에 약동하다.','2019-02-10 00:55:23'),(21,16,63,72,69,79,88,'913꽃이 보이는 그들을 가는 꽃 방황하여도, 뿐이다. 트고, 반짝이는 위하여, 봄바람이다. 석가는 이는 별과 인류의 군영과 얼음에 약동하다.','2019-02-10 00:55:23'),(2,44,63,86,89,85,59,'914꽃이 보이는 그들을 가는 꽃 방황하여도, 뿐이다. 트고, 반짝이는 위하여, 봄바람이다. 석가는 이는 별과 인류의 군영과 얼음에 약동하다.','2019-02-10 00:55:23'),(44,38,58,79,71,67,72,'915꽃이 보이는 그들을 가는 꽃 방황하여도, 뿐이다. 트고, 반짝이는 위하여, 봄바람이다. 석가는 이는 별과 인류의 군영과 얼음에 약동하다.','2019-02-10 00:55:23'),(11,36,96,70,66,68,95,'916꽃이 보이는 그들을 가는 꽃 방황하여도, 뿐이다. 트고, 반짝이는 위하여, 봄바람이다. 석가는 이는 별과 인류의 군영과 얼음에 약동하다.','2019-02-10 00:55:23'),(19,10,93,82,83,68,95,'917꽃이 보이는 그들을 가는 꽃 방황하여도, 뿐이다. 트고, 반짝이는 위하여, 봄바람이다. 석가는 이는 별과 인류의 군영과 얼음에 약동하다.','2019-02-10 00:55:23'),(17,49,94,72,78,75,93,'918꽃이 보이는 그들을 가는 꽃 방황하여도, 뿐이다. 트고, 반짝이는 위하여, 봄바람이다. 석가는 이는 별과 인류의 군영과 얼음에 약동하다.','2019-02-10 00:55:23'),(36,50,92,59,70,75,63,'919꽃이 보이는 그들을 가는 꽃 방황하여도, 뿐이다. 트고, 반짝이는 위하여, 봄바람이다. 석가는 이는 별과 인류의 군영과 얼음에 약동하다.','2019-02-10 00:55:23'),(44,27,50,76,76,52,84,'920꽃이 보이는 그들을 가는 꽃 방황하여도, 뿐이다. 트고, 반짝이는 위하여, 봄바람이다. 석가는 이는 별과 인류의 군영과 얼음에 약동하다.','2019-02-10 00:55:23'),(11,4,87,73,52,97,73,'921꽃이 보이는 그들을 가는 꽃 방황하여도, 뿐이다. 트고, 반짝이는 위하여, 봄바람이다. 석가는 이는 별과 인류의 군영과 얼음에 약동하다.','2019-02-10 00:55:23'),(28,19,57,85,99,90,54,'922꽃이 보이는 그들을 가는 꽃 방황하여도, 뿐이다. 트고, 반짝이는 위하여, 봄바람이다. 석가는 이는 별과 인류의 군영과 얼음에 약동하다.','2019-02-10 00:55:23'),(1,39,94,51,75,70,75,'923꽃이 보이는 그들을 가는 꽃 방황하여도, 뿐이다. 트고, 반짝이는 위하여, 봄바람이다. 석가는 이는 별과 인류의 군영과 얼음에 약동하다.','2019-02-10 00:55:23'),(15,49,51,58,89,70,84,'924꽃이 보이는 그들을 가는 꽃 방황하여도, 뿐이다. 트고, 반짝이는 위하여, 봄바람이다. 석가는 이는 별과 인류의 군영과 얼음에 약동하다.','2019-02-10 00:55:23'),(8,35,53,60,95,91,68,'925꽃이 보이는 그들을 가는 꽃 방황하여도, 뿐이다. 트고, 반짝이는 위하여, 봄바람이다. 석가는 이는 별과 인류의 군영과 얼음에 약동하다.','2019-02-10 00:55:23'),(20,42,52,85,65,75,77,'926꽃이 보이는 그들을 가는 꽃 방황하여도, 뿐이다. 트고, 반짝이는 위하여, 봄바람이다. 석가는 이는 별과 인류의 군영과 얼음에 약동하다.','2019-02-10 00:55:23'),(12,27,98,56,91,83,94,'927꽃이 보이는 그들을 가는 꽃 방황하여도, 뿐이다. 트고, 반짝이는 위하여, 봄바람이다. 석가는 이는 별과 인류의 군영과 얼음에 약동하다.','2019-02-10 00:55:23'),(19,12,51,74,67,60,52,'928꽃이 보이는 그들을 가는 꽃 방황하여도, 뿐이다. 트고, 반짝이는 위하여, 봄바람이다. 석가는 이는 별과 인류의 군영과 얼음에 약동하다.','2019-02-10 00:55:23'),(33,6,78,74,86,58,85,'929꽃이 보이는 그들을 가는 꽃 방황하여도, 뿐이다. 트고, 반짝이는 위하여, 봄바람이다. 석가는 이는 별과 인류의 군영과 얼음에 약동하다.','2019-02-10 00:55:23'),(48,33,71,57,74,96,58,'930꽃이 보이는 그들을 가는 꽃 방황하여도, 뿐이다. 트고, 반짝이는 위하여, 봄바람이다. 석가는 이는 별과 인류의 군영과 얼음에 약동하다.','2019-02-10 00:55:23'),(6,1,89,91,86,58,85,'931꽃이 보이는 그들을 가는 꽃 방황하여도, 뿐이다. 트고, 반짝이는 위하여, 봄바람이다. 석가는 이는 별과 인류의 군영과 얼음에 약동하다.','2019-02-10 00:55:23'),(50,41,56,61,88,52,99,'932꽃이 보이는 그들을 가는 꽃 방황하여도, 뿐이다. 트고, 반짝이는 위하여, 봄바람이다. 석가는 이는 별과 인류의 군영과 얼음에 약동하다.','2019-02-10 00:55:23'),(35,29,88,54,56,71,86,'933꽃이 보이는 그들을 가는 꽃 방황하여도, 뿐이다. 트고, 반짝이는 위하여, 봄바람이다. 석가는 이는 별과 인류의 군영과 얼음에 약동하다.','2019-02-10 00:55:23'),(18,29,89,57,72,89,78,'934꽃이 보이는 그들을 가는 꽃 방황하여도, 뿐이다. 트고, 반짝이는 위하여, 봄바람이다. 석가는 이는 별과 인류의 군영과 얼음에 약동하다.','2019-02-10 00:55:23'),(22,24,52,94,59,64,96,'935꽃이 보이는 그들을 가는 꽃 방황하여도, 뿐이다. 트고, 반짝이는 위하여, 봄바람이다. 석가는 이는 별과 인류의 군영과 얼음에 약동하다.','2019-02-10 00:55:23'),(34,31,52,73,56,62,92,'936꽃이 보이는 그들을 가는 꽃 방황하여도, 뿐이다. 트고, 반짝이는 위하여, 봄바람이다. 석가는 이는 별과 인류의 군영과 얼음에 약동하다.','2019-02-10 00:55:23'),(23,40,78,70,66,70,53,'937꽃이 보이는 그들을 가는 꽃 방황하여도, 뿐이다. 트고, 반짝이는 위하여, 봄바람이다. 석가는 이는 별과 인류의 군영과 얼음에 약동하다.','2019-02-10 00:55:23'),(6,17,65,79,100,58,93,'938꽃이 보이는 그들을 가는 꽃 방황하여도, 뿐이다. 트고, 반짝이는 위하여, 봄바람이다. 석가는 이는 별과 인류의 군영과 얼음에 약동하다.','2019-02-10 00:55:23'),(39,16,62,65,91,54,52,'939꽃이 보이는 그들을 가는 꽃 방황하여도, 뿐이다. 트고, 반짝이는 위하여, 봄바람이다. 석가는 이는 별과 인류의 군영과 얼음에 약동하다.','2019-02-10 00:55:23'),(48,31,60,61,73,81,87,'940꽃이 보이는 그들을 가는 꽃 방황하여도, 뿐이다. 트고, 반짝이는 위하여, 봄바람이다. 석가는 이는 별과 인류의 군영과 얼음에 약동하다.','2019-02-10 00:55:23'),(41,43,92,82,84,74,67,'941꽃이 보이는 그들을 가는 꽃 방황하여도, 뿐이다. 트고, 반짝이는 위하여, 봄바람이다. 석가는 이는 별과 인류의 군영과 얼음에 약동하다.','2019-02-10 00:55:23'),(14,16,88,93,99,67,91,'942꽃이 보이는 그들을 가는 꽃 방황하여도, 뿐이다. 트고, 반짝이는 위하여, 봄바람이다. 석가는 이는 별과 인류의 군영과 얼음에 약동하다.','2019-02-10 00:55:23'),(2,37,75,68,64,65,85,'943꽃이 보이는 그들을 가는 꽃 방황하여도, 뿐이다. 트고, 반짝이는 위하여, 봄바람이다. 석가는 이는 별과 인류의 군영과 얼음에 약동하다.','2019-02-10 00:55:23'),(30,42,70,75,66,53,71,'944꽃이 보이는 그들을 가는 꽃 방황하여도, 뿐이다. 트고, 반짝이는 위하여, 봄바람이다. 석가는 이는 별과 인류의 군영과 얼음에 약동하다.','2019-02-10 00:55:23'),(45,8,55,52,98,81,62,'945꽃이 보이는 그들을 가는 꽃 방황하여도, 뿐이다. 트고, 반짝이는 위하여, 봄바람이다. 석가는 이는 별과 인류의 군영과 얼음에 약동하다.','2019-02-10 00:55:23'),(19,7,76,60,75,93,88,'946꽃이 보이는 그들을 가는 꽃 방황하여도, 뿐이다. 트고, 반짝이는 위하여, 봄바람이다. 석가는 이는 별과 인류의 군영과 얼음에 약동하다.','2019-02-10 00:55:23'),(12,44,85,93,56,57,65,'947꽃이 보이는 그들을 가는 꽃 방황하여도, 뿐이다. 트고, 반짝이는 위하여, 봄바람이다. 석가는 이는 별과 인류의 군영과 얼음에 약동하다.','2019-02-10 00:55:23'),(5,29,80,61,69,61,50,'948꽃이 보이는 그들을 가는 꽃 방황하여도, 뿐이다. 트고, 반짝이는 위하여, 봄바람이다. 석가는 이는 별과 인류의 군영과 얼음에 약동하다.','2019-02-10 00:55:23'),(18,35,69,93,56,55,54,'949꽃이 보이는 그들을 가는 꽃 방황하여도, 뿐이다. 트고, 반짝이는 위하여, 봄바람이다. 석가는 이는 별과 인류의 군영과 얼음에 약동하다.','2019-02-10 00:55:23'),(10,32,80,53,80,88,98,'950꽃이 보이는 그들을 가는 꽃 방황하여도, 뿐이다. 트고, 반짝이는 위하여, 봄바람이다. 석가는 이는 별과 인류의 군영과 얼음에 약동하다.','2019-02-10 00:55:23'),(26,37,56,69,80,90,57,'951꽃이 보이는 그들을 가는 꽃 방황하여도, 뿐이다. 트고, 반짝이는 위하여, 봄바람이다. 석가는 이는 별과 인류의 군영과 얼음에 약동하다.','2019-02-10 00:55:23'),(21,30,87,95,61,72,77,'952꽃이 보이는 그들을 가는 꽃 방황하여도, 뿐이다. 트고, 반짝이는 위하여, 봄바람이다. 석가는 이는 별과 인류의 군영과 얼음에 약동하다.','2019-02-10 00:55:23'),(18,10,94,88,60,87,53,'953꽃이 보이는 그들을 가는 꽃 방황하여도, 뿐이다. 트고, 반짝이는 위하여, 봄바람이다. 석가는 이는 별과 인류의 군영과 얼음에 약동하다.','2019-02-10 00:55:23'),(8,28,63,86,90,91,85,'954꽃이 보이는 그들을 가는 꽃 방황하여도, 뿐이다. 트고, 반짝이는 위하여, 봄바람이다. 석가는 이는 별과 인류의 군영과 얼음에 약동하다.','2019-02-10 00:55:23'),(50,47,82,69,50,95,73,'955꽃이 보이는 그들을 가는 꽃 방황하여도, 뿐이다. 트고, 반짝이는 위하여, 봄바람이다. 석가는 이는 별과 인류의 군영과 얼음에 약동하다.','2019-02-10 00:55:23'),(31,33,72,63,51,66,75,'956꽃이 보이는 그들을 가는 꽃 방황하여도, 뿐이다. 트고, 반짝이는 위하여, 봄바람이다. 석가는 이는 별과 인류의 군영과 얼음에 약동하다.','2019-02-10 00:55:23'),(26,5,98,72,68,75,69,'957꽃이 보이는 그들을 가는 꽃 방황하여도, 뿐이다. 트고, 반짝이는 위하여, 봄바람이다. 석가는 이는 별과 인류의 군영과 얼음에 약동하다.','2019-02-10 00:55:23'),(23,7,61,90,65,56,87,'958꽃이 보이는 그들을 가는 꽃 방황하여도, 뿐이다. 트고, 반짝이는 위하여, 봄바람이다. 석가는 이는 별과 인류의 군영과 얼음에 약동하다.','2019-02-10 00:55:23'),(15,11,59,65,50,54,71,'959꽃이 보이는 그들을 가는 꽃 방황하여도, 뿐이다. 트고, 반짝이는 위하여, 봄바람이다. 석가는 이는 별과 인류의 군영과 얼음에 약동하다.','2019-02-10 00:55:23'),(44,5,91,89,73,98,70,'960꽃이 보이는 그들을 가는 꽃 방황하여도, 뿐이다. 트고, 반짝이는 위하여, 봄바람이다. 석가는 이는 별과 인류의 군영과 얼음에 약동하다.','2019-02-10 00:55:23'),(7,23,95,56,98,68,98,'961꽃이 보이는 그들을 가는 꽃 방황하여도, 뿐이다. 트고, 반짝이는 위하여, 봄바람이다. 석가는 이는 별과 인류의 군영과 얼음에 약동하다.','2019-02-10 00:55:23'),(35,30,94,79,66,94,68,'962꽃이 보이는 그들을 가는 꽃 방황하여도, 뿐이다. 트고, 반짝이는 위하여, 봄바람이다. 석가는 이는 별과 인류의 군영과 얼음에 약동하다.','2019-02-10 00:55:23'),(11,48,56,88,72,95,59,'963꽃이 보이는 그들을 가는 꽃 방황하여도, 뿐이다. 트고, 반짝이는 위하여, 봄바람이다. 석가는 이는 별과 인류의 군영과 얼음에 약동하다.','2019-02-10 00:55:23'),(13,36,91,95,50,67,88,'964꽃이 보이는 그들을 가는 꽃 방황하여도, 뿐이다. 트고, 반짝이는 위하여, 봄바람이다. 석가는 이는 별과 인류의 군영과 얼음에 약동하다.','2019-02-10 00:55:23'),(37,20,89,84,54,70,87,'965꽃이 보이는 그들을 가는 꽃 방황하여도, 뿐이다. 트고, 반짝이는 위하여, 봄바람이다. 석가는 이는 별과 인류의 군영과 얼음에 약동하다.','2019-02-10 00:55:23'),(23,4,98,81,60,57,56,'966꽃이 보이는 그들을 가는 꽃 방황하여도, 뿐이다. 트고, 반짝이는 위하여, 봄바람이다. 석가는 이는 별과 인류의 군영과 얼음에 약동하다.','2019-02-10 00:55:23'),(10,31,75,82,84,72,59,'967꽃이 보이는 그들을 가는 꽃 방황하여도, 뿐이다. 트고, 반짝이는 위하여, 봄바람이다. 석가는 이는 별과 인류의 군영과 얼음에 약동하다.','2019-02-10 00:55:23'),(32,31,57,96,57,98,68,'968꽃이 보이는 그들을 가는 꽃 방황하여도, 뿐이다. 트고, 반짝이는 위하여, 봄바람이다. 석가는 이는 별과 인류의 군영과 얼음에 약동하다.','2019-02-10 00:55:23'),(49,39,95,56,50,83,63,'969꽃이 보이는 그들을 가는 꽃 방황하여도, 뿐이다. 트고, 반짝이는 위하여, 봄바람이다. 석가는 이는 별과 인류의 군영과 얼음에 약동하다.','2019-02-10 00:55:23'),(19,4,59,88,59,86,99,'970꽃이 보이는 그들을 가는 꽃 방황하여도, 뿐이다. 트고, 반짝이는 위하여, 봄바람이다. 석가는 이는 별과 인류의 군영과 얼음에 약동하다.','2019-02-10 00:55:23'),(35,27,81,76,85,96,73,'971꽃이 보이는 그들을 가는 꽃 방황하여도, 뿐이다. 트고, 반짝이는 위하여, 봄바람이다. 석가는 이는 별과 인류의 군영과 얼음에 약동하다.','2019-02-10 00:55:23'),(31,35,80,98,97,92,67,'972꽃이 보이는 그들을 가는 꽃 방황하여도, 뿐이다. 트고, 반짝이는 위하여, 봄바람이다. 석가는 이는 별과 인류의 군영과 얼음에 약동하다.','2019-02-10 00:55:23'),(11,2,76,75,97,59,55,'973꽃이 보이는 그들을 가는 꽃 방황하여도, 뿐이다. 트고, 반짝이는 위하여, 봄바람이다. 석가는 이는 별과 인류의 군영과 얼음에 약동하다.','2019-02-10 00:55:23'),(48,25,77,61,78,55,95,'974꽃이 보이는 그들을 가는 꽃 방황하여도, 뿐이다. 트고, 반짝이는 위하여, 봄바람이다. 석가는 이는 별과 인류의 군영과 얼음에 약동하다.','2019-02-10 00:55:23'),(5,40,85,56,76,59,70,'975꽃이 보이는 그들을 가는 꽃 방황하여도, 뿐이다. 트고, 반짝이는 위하여, 봄바람이다. 석가는 이는 별과 인류의 군영과 얼음에 약동하다.','2019-02-10 00:55:23'),(24,7,64,99,52,65,68,'976꽃이 보이는 그들을 가는 꽃 방황하여도, 뿐이다. 트고, 반짝이는 위하여, 봄바람이다. 석가는 이는 별과 인류의 군영과 얼음에 약동하다.','2019-02-10 00:55:23'),(44,17,50,54,68,77,82,'977꽃이 보이는 그들을 가는 꽃 방황하여도, 뿐이다. 트고, 반짝이는 위하여, 봄바람이다. 석가는 이는 별과 인류의 군영과 얼음에 약동하다.','2019-02-10 00:55:23'),(27,38,58,80,72,74,50,'978꽃이 보이는 그들을 가는 꽃 방황하여도, 뿐이다. 트고, 반짝이는 위하여, 봄바람이다. 석가는 이는 별과 인류의 군영과 얼음에 약동하다.','2019-02-10 00:55:23'),(34,15,72,65,61,61,71,'979꽃이 보이는 그들을 가는 꽃 방황하여도, 뿐이다. 트고, 반짝이는 위하여, 봄바람이다. 석가는 이는 별과 인류의 군영과 얼음에 약동하다.','2019-02-10 00:55:23'),(24,5,50,88,90,85,53,'980꽃이 보이는 그들을 가는 꽃 방황하여도, 뿐이다. 트고, 반짝이는 위하여, 봄바람이다. 석가는 이는 별과 인류의 군영과 얼음에 약동하다.','2019-02-10 00:55:23'),(12,50,64,72,67,68,91,'981꽃이 보이는 그들을 가는 꽃 방황하여도, 뿐이다. 트고, 반짝이는 위하여, 봄바람이다. 석가는 이는 별과 인류의 군영과 얼음에 약동하다.','2019-02-10 00:55:23'),(50,27,85,92,56,56,60,'982꽃이 보이는 그들을 가는 꽃 방황하여도, 뿐이다. 트고, 반짝이는 위하여, 봄바람이다. 석가는 이는 별과 인류의 군영과 얼음에 약동하다.','2019-02-10 00:55:23'),(36,47,73,79,74,85,52,'983꽃이 보이는 그들을 가는 꽃 방황하여도, 뿐이다. 트고, 반짝이는 위하여, 봄바람이다. 석가는 이는 별과 인류의 군영과 얼음에 약동하다.','2019-02-10 00:55:23'),(7,24,99,73,68,74,64,'984꽃이 보이는 그들을 가는 꽃 방황하여도, 뿐이다. 트고, 반짝이는 위하여, 봄바람이다. 석가는 이는 별과 인류의 군영과 얼음에 약동하다.','2019-02-10 00:55:23'),(49,50,51,59,94,88,59,'985꽃이 보이는 그들을 가는 꽃 방황하여도, 뿐이다. 트고, 반짝이는 위하여, 봄바람이다. 석가는 이는 별과 인류의 군영과 얼음에 약동하다.','2019-02-10 00:55:23'),(33,36,79,87,98,79,52,'986꽃이 보이는 그들을 가는 꽃 방황하여도, 뿐이다. 트고, 반짝이는 위하여, 봄바람이다. 석가는 이는 별과 인류의 군영과 얼음에 약동하다.','2019-02-10 00:55:23'),(24,13,92,71,81,93,69,'987꽃이 보이는 그들을 가는 꽃 방황하여도, 뿐이다. 트고, 반짝이는 위하여, 봄바람이다. 석가는 이는 별과 인류의 군영과 얼음에 약동하다.','2019-02-10 00:55:23'),(16,23,65,60,55,97,68,'988꽃이 보이는 그들을 가는 꽃 방황하여도, 뿐이다. 트고, 반짝이는 위하여, 봄바람이다. 석가는 이는 별과 인류의 군영과 얼음에 약동하다.','2019-02-10 00:55:23'),(48,37,89,83,99,93,69,'989꽃이 보이는 그들을 가는 꽃 방황하여도, 뿐이다. 트고, 반짝이는 위하여, 봄바람이다. 석가는 이는 별과 인류의 군영과 얼음에 약동하다.','2019-02-10 00:55:23'),(19,36,69,92,51,83,58,'990꽃이 보이는 그들을 가는 꽃 방황하여도, 뿐이다. 트고, 반짝이는 위하여, 봄바람이다. 석가는 이는 별과 인류의 군영과 얼음에 약동하다.','2019-02-10 00:55:23'),(45,46,94,82,81,56,91,'991꽃이 보이는 그들을 가는 꽃 방황하여도, 뿐이다. 트고, 반짝이는 위하여, 봄바람이다. 석가는 이는 별과 인류의 군영과 얼음에 약동하다.','2019-02-10 00:55:23'),(34,48,86,87,77,72,82,'992꽃이 보이는 그들을 가는 꽃 방황하여도, 뿐이다. 트고, 반짝이는 위하여, 봄바람이다. 석가는 이는 별과 인류의 군영과 얼음에 약동하다.','2019-02-10 00:55:23'),(44,20,66,74,72,90,79,'993꽃이 보이는 그들을 가는 꽃 방황하여도, 뿐이다. 트고, 반짝이는 위하여, 봄바람이다. 석가는 이는 별과 인류의 군영과 얼음에 약동하다.','2019-02-10 00:55:23'),(29,6,91,87,60,94,86,'994꽃이 보이는 그들을 가는 꽃 방황하여도, 뿐이다. 트고, 반짝이는 위하여, 봄바람이다. 석가는 이는 별과 인류의 군영과 얼음에 약동하다.','2019-02-10 00:55:23'),(50,41,55,53,52,50,98,'995꽃이 보이는 그들을 가는 꽃 방황하여도, 뿐이다. 트고, 반짝이는 위하여, 봄바람이다. 석가는 이는 별과 인류의 군영과 얼음에 약동하다.','2019-02-10 00:55:23'),(35,30,97,91,66,59,100,'996꽃이 보이는 그들을 가는 꽃 방황하여도, 뿐이다. 트고, 반짝이는 위하여, 봄바람이다. 석가는 이는 별과 인류의 군영과 얼음에 약동하다.','2019-02-10 00:55:23'),(17,35,74,68,67,83,63,'997꽃이 보이는 그들을 가는 꽃 방황하여도, 뿐이다. 트고, 반짝이는 위하여, 봄바람이다. 석가는 이는 별과 인류의 군영과 얼음에 약동하다.','2019-02-10 00:55:23'),(17,45,73,83,93,67,55,'998꽃이 보이는 그들을 가는 꽃 방황하여도, 뿐이다. 트고, 반짝이는 위하여, 봄바람이다. 석가는 이는 별과 인류의 군영과 얼음에 약동하다.','2019-02-10 00:55:23'),(27,16,100,99,97,86,91,'999꽃이 보이는 그들을 가는 꽃 방황하여도, 뿐이다. 트고, 반짝이는 위하여, 봄바람이다. 석가는 이는 별과 인류의 군영과 얼음에 약동하다.','2019-02-10 00:55:23'),(44,49,60,57,53,98,78,'1000꽃이 보이는 그들을 가는 꽃 방황하여도, 뿐이다. 트고, 반짝이는 위하여, 봄바람이다. 석가는 이는 별과 인류의 군영과 얼음에 약동하다.','2019-02-10 00:55:23');
/*!40000 ALTER TABLE `youtuber_review` ENABLE KEYS */;
UNLOCK TABLES;

--
-- Table structure for table `youtuber_sum`
--

DROP TABLE IF EXISTS `youtuber_sum`;
/*!40101 SET @saved_cs_client     = @@character_set_client */;
/*!40101 SET character_set_client = utf8 */;
CREATE TABLE `youtuber_sum` (
  `youtuber_id` int(11) NOT NULL,
  `point1` int(11) DEFAULT NULL,
  `point2` int(11) DEFAULT NULL,
  `point3` int(11) DEFAULT NULL,
  `point4` int(11) DEFAULT NULL,
  `point5` int(11) DEFAULT NULL,
  `tags` varchar(255) DEFAULT NULL,
  KEY `fk_youtuber_point_youtuber1_idx` (`youtuber_id`),
  CONSTRAINT `fk_youtuber_point_youtuber1` FOREIGN KEY (`youtuber_id`) REFERENCES `youtuber` (`id`) ON DELETE NO ACTION ON UPDATE NO ACTION
) ENGINE=InnoDB DEFAULT CHARSET=utf8;
/*!40101 SET character_set_client = @saved_cs_client */;

--
-- Dumping data for table `youtuber_sum`
--

LOCK TABLES `youtuber_sum` WRITE;
/*!40000 ALTER TABLE `youtuber_sum` DISABLE KEYS */;
INSERT INTO `youtuber_sum` VALUES (1,76,69,71,75,75,'창업,음악,창업'),(2,72,72,70,77,74,'체험,음악모음,인터뷰'),(3,71,77,74,75,72,NULL),(4,77,79,66,75,69,'게임,쇼핑몰'),(5,77,74,69,74,69,NULL),(6,69,80,74,72,82,'게임'),(7,73,76,72,74,72,NULL),(8,73,79,75,74,76,'일상,음악'),(9,71,72,73,68,81,'병맛'),(10,73,71,75,75,75,'믹싱,리뷰'),(11,75,75,73,78,74,NULL),(12,79,71,70,73,75,NULL),(13,79,80,71,77,78,'개그'),(14,75,72,79,70,79,'맛집,일상'),(15,73,74,76,74,75,NULL),(16,76,73,84,75,76,'리뷰'),(17,73,77,75,71,73,'마케팅,음악모음'),(18,69,76,69,73,69,NULL),(19,76,74,69,74,73,'음악모음,창업'),(20,68,71,77,73,79,NULL),(21,75,76,70,74,80,NULL),(22,73,72,76,74,73,NULL),(23,77,78,73,71,71,'창업'),(24,66,78,76,77,64,NULL),(25,74,75,74,73,74,NULL),(26,75,71,71,81,70,'음악'),(27,72,74,74,74,73,NULL),(28,76,72,74,72,73,'리뷰,음악모음'),(29,81,68,77,77,71,'맛집'),(30,80,76,77,75,71,'인터뷰'),(31,73,75,72,70,71,NULL),(32,73,79,75,73,72,'인터뷰'),(33,74,75,76,74,74,NULL),(34,76,73,76,73,73,'체험'),(35,80,69,69,79,74,NULL),(36,74,76,74,72,73,'병맛'),(37,75,82,79,78,75,'믹싱,요리,개그'),(38,73,75,76,71,69,'맛집,개그,쇼핑몰'),(39,81,73,72,77,80,'개그'),(40,74,81,73,80,75,NULL),(41,78,76,79,68,72,'맛집'),(42,69,74,79,72,79,NULL),(43,71,79,76,76,82,'맛집'),(44,65,70,70,74,73,'창업'),(45,76,75,74,81,71,NULL),(46,73,76,74,74,77,'일상'),(47,75,74,73,70,74,'마케팅,음악모음,일상,게임'),(48,74,69,76,74,74,NULL),(49,77,72,72,73,68,'마케팅,리뷰'),(50,80,69,73,74,74,'요리,체험');
/*!40000 ALTER TABLE `youtuber_sum` ENABLE KEYS */;
UNLOCK TABLES;

--
-- Table structure for table `youtuber_tag`
--

DROP TABLE IF EXISTS `youtuber_tag`;
/*!40101 SET @saved_cs_client     = @@character_set_client */;
/*!40101 SET character_set_client = utf8 */;
CREATE TABLE `youtuber_tag` (
  `youtuber_id` int(11) NOT NULL,
  `tag` varchar(45) DEFAULT NULL,
  KEY `fk_youtuber_tag_youtuber1_idx` (`youtuber_id`),
  CONSTRAINT `fk_youtuber_tag_youtuber1` FOREIGN KEY (`youtuber_id`) REFERENCES `youtuber` (`id`) ON DELETE NO ACTION ON UPDATE NO ACTION
) ENGINE=InnoDB DEFAULT CHARSET=utf8;
/*!40101 SET character_set_client = @saved_cs_client */;

--
-- Dumping data for table `youtuber_tag`
--

LOCK TABLES `youtuber_tag` WRITE;
/*!40000 ALTER TABLE `youtuber_tag` DISABLE KEYS */;
INSERT INTO `youtuber_tag` VALUES (47,'마케팅'),(49,'마케팅'),(47,'음악모음'),(4,'게임'),(47,'일상'),(49,'리뷰'),(2,'체험'),(50,'요리'),(26,'음악'),(37,'믹싱'),(6,'게임'),(38,'맛집'),(10,'믹싱'),(37,'요리'),(8,'일상'),(8,'음악'),(28,'리뷰'),(2,'음악모음'),(41,'맛집'),(46,'일상'),(47,'게임'),(19,'음악모음'),(38,'개그'),(4,'쇼핑몰'),(17,'마케팅'),(38,'쇼핑몰'),(14,'맛집'),(23,'창업'),(1,'창업'),(14,'일상'),(43,'맛집'),(44,'창업'),(34,'체험'),(1,'음악'),(10,'리뷰'),(19,'창업'),(17,'음악모음'),(2,'인터뷰'),(29,'맛집'),(28,'음악모음'),(16,'리뷰'),(39,'개그'),(50,'체험'),(1,'창업'),(13,'개그'),(32,'인터뷰'),(37,'개그'),(9,'병맛'),(30,'인터뷰'),(36,'병맛');
/*!40000 ALTER TABLE `youtuber_tag` ENABLE KEYS */;
UNLOCK TABLES;

--
-- Dumping events for database 'picktuber'
--

--
-- Dumping routines for database 'picktuber'
--
/*!50003 DROP PROCEDURE IF EXISTS `userdummy` */;
/*!50003 SET @saved_cs_client      = @@character_set_client */ ;
/*!50003 SET @saved_cs_results     = @@character_set_results */ ;
/*!50003 SET @saved_col_connection = @@collation_connection */ ;
/*!50003 SET character_set_client  = utf8 */ ;
/*!50003 SET character_set_results = utf8 */ ;
/*!50003 SET collation_connection  = utf8_general_ci */ ;
/*!50003 SET @saved_sql_mode       = @@sql_mode */ ;
/*!50003 SET sql_mode              = 'STRICT_TRANS_TABLES,NO_ENGINE_SUBSTITUTION' */ ;
DELIMITER ;;
CREATE DEFINER=`root`@`localhost` PROCEDURE `userdummy`()
BEGIN
    DECLARE i INT DEFAULT 1;
        
    WHILE i <= 50 DO
        INSERT INTO user(username,type,token,email,password,create_time)
          VALUES(concat('유저이름',i)
          ,'dummy'
          ,'abcde'
          ,concat('유저메일',i)
          ,'1234'
          ,now());
        SET i = i + 1;
    END WHILE;
END ;;
DELIMITER ;
/*!50003 SET sql_mode              = @saved_sql_mode */ ;
/*!50003 SET character_set_client  = @saved_cs_client */ ;
/*!50003 SET character_set_results = @saved_cs_results */ ;
/*!50003 SET collation_connection  = @saved_col_connection */ ;
/*!50003 DROP PROCEDURE IF EXISTS `youtuberdummy` */;
/*!50003 SET @saved_cs_client      = @@character_set_client */ ;
/*!50003 SET @saved_cs_results     = @@character_set_results */ ;
/*!50003 SET @saved_col_connection = @@collation_connection */ ;
/*!50003 SET character_set_client  = utf8 */ ;
/*!50003 SET character_set_results = utf8 */ ;
/*!50003 SET collation_connection  = utf8_general_ci */ ;
/*!50003 SET @saved_sql_mode       = @@sql_mode */ ;
/*!50003 SET sql_mode              = 'STRICT_TRANS_TABLES,NO_ENGINE_SUBSTITUTION' */ ;
DELIMITER ;;
CREATE DEFINER=`root`@`localhost` PROCEDURE `youtuberdummy`()
BEGIN
    DECLARE i INT DEFAULT 1;
        
    WHILE i <= 50 DO
        INSERT INTO youtuber(name,detail,url)
          VALUES(concat('유투버 이름',i)
          ,concat(concat('유투버 설명',i),'동해물과 백두산이 마르고 닳도록 하는님이 보우하사 우리날라만세 로렘입숨 입니다. 유투브 설명이 들어가는 곳입니다.')
          ,"http://www.naver.com"
          );
        SET i = i + 1;
    END WHILE;
END ;;
DELIMITER ;
/*!50003 SET sql_mode              = @saved_sql_mode */ ;
/*!50003 SET character_set_client  = @saved_cs_client */ ;
/*!50003 SET character_set_results = @saved_cs_results */ ;
/*!50003 SET collation_connection  = @saved_col_connection */ ;
/*!50003 DROP PROCEDURE IF EXISTS `youtuber_info_dummy` */;
/*!50003 SET @saved_cs_client      = @@character_set_client */ ;
/*!50003 SET @saved_cs_results     = @@character_set_results */ ;
/*!50003 SET @saved_col_connection = @@collation_connection */ ;
/*!50003 SET character_set_client  = utf8 */ ;
/*!50003 SET character_set_results = utf8 */ ;
/*!50003 SET collation_connection  = utf8_general_ci */ ;
/*!50003 SET @saved_sql_mode       = @@sql_mode */ ;
/*!50003 SET sql_mode              = 'STRICT_TRANS_TABLES,NO_ENGINE_SUBSTITUTION' */ ;
DELIMITER ;;
CREATE DEFINER=`root`@`localhost` PROCEDURE `youtuber_info_dummy`()
BEGIN
    DECLARE i INT DEFAULT 1;
        
    WHILE i <= 200 DO
        INSERT INTO youtuber_info(youtuber_id, info, url)
          VALUES(
              FLOOR(RAND() * 50)+1,
              concat(i,'정보 입니다~~ 로렘 입숨!!'),
              "http://www.anver.com"
            );
        SET i = i + 1;
    END WHILE;
END ;;
DELIMITER ;
/*!50003 SET sql_mode              = @saved_sql_mode */ ;
/*!50003 SET character_set_client  = @saved_cs_client */ ;
/*!50003 SET character_set_results = @saved_cs_results */ ;
/*!50003 SET collation_connection  = @saved_col_connection */ ;
/*!50003 DROP PROCEDURE IF EXISTS `youtuber_review_dummy` */;
/*!50003 SET @saved_cs_client      = @@character_set_client */ ;
/*!50003 SET @saved_cs_results     = @@character_set_results */ ;
/*!50003 SET @saved_col_connection = @@collation_connection */ ;
/*!50003 SET character_set_client  = utf8 */ ;
/*!50003 SET character_set_results = utf8 */ ;
/*!50003 SET collation_connection  = utf8_general_ci */ ;
/*!50003 SET @saved_sql_mode       = @@sql_mode */ ;
/*!50003 SET sql_mode              = 'STRICT_TRANS_TABLES,NO_ENGINE_SUBSTITUTION' */ ;
DELIMITER ;;
CREATE DEFINER=`root`@`localhost` PROCEDURE `youtuber_review_dummy`()
BEGIN
    DECLARE i INT DEFAULT 1;
        
    WHILE i <= 1000 DO
        INSERT INTO youtuber_review(youtuber_id, user_id, point1, point2, point3, point4, point5,detail,review_time)
          VALUES(
           FLOOR(RAND() * 50)+1
          ,FLOOR(RAND() * 50)+1
          ,FLOOR(RAND() * 51)+50
          ,FLOOR(RAND() * 51)+50
          ,FLOOR(RAND() * 51)+50
          ,FLOOR(RAND() * 51)+50
          ,FLOOR(RAND() * 51)+50
          ,concat(i,'꽃이 보이는 그들을 가는 꽃 방황하여도, 뿐이다. 트고, 반짝이는 위하여, 봄바람이다. 석가는 이는 별과 인류의 군영과 얼음에 약동하다.')
          ,now()
          );
        SET i = i + 1;
    END WHILE;
END ;;
DELIMITER ;
/*!50003 SET sql_mode              = @saved_sql_mode */ ;
/*!50003 SET character_set_client  = @saved_cs_client */ ;
/*!50003 SET character_set_results = @saved_cs_results */ ;
/*!50003 SET collation_connection  = @saved_col_connection */ ;
/*!50003 DROP PROCEDURE IF EXISTS `youtuber_sum_dummy` */;
/*!50003 SET @saved_cs_client      = @@character_set_client */ ;
/*!50003 SET @saved_cs_results     = @@character_set_results */ ;
/*!50003 SET @saved_col_connection = @@collation_connection */ ;
/*!50003 SET character_set_client  = utf8 */ ;
/*!50003 SET character_set_results = utf8 */ ;
/*!50003 SET collation_connection  = utf8_general_ci */ ;
/*!50003 SET @saved_sql_mode       = @@sql_mode */ ;
/*!50003 SET sql_mode              = 'STRICT_TRANS_TABLES,NO_ENGINE_SUBSTITUTION' */ ;
DELIMITER ;;
CREATE DEFINER=`root`@`localhost` PROCEDURE `youtuber_sum_dummy`()
BEGIN

insert into youtuber_sum
select id, point1, point2, point3,point4,point5,tags from ( select youtuber_id as id, 
Floor(AVG(point1)) as point1,
Floor(AVG(point2)) as point2,
Floor(AVG(point3)) as point3,
Floor(AVG(point4)) as point4,
Floor(AVG(point5)) as point5 from youtuber_review GROUP BY youtuber_id) as A
left join (
SELECT youtuber_id, GROUP_CONCAT(tag SEPARATOR ',') as tags FROM youtuber_tag GROUP BY youtuber_id 
) as B
on A.id=B.youtuber_id;

END ;;
DELIMITER ;
/*!50003 SET sql_mode              = @saved_sql_mode */ ;
/*!50003 SET character_set_client  = @saved_cs_client */ ;
/*!50003 SET character_set_results = @saved_cs_results */ ;
/*!50003 SET collation_connection  = @saved_col_connection */ ;
/*!50003 DROP PROCEDURE IF EXISTS `youtuber_tag_dummy` */;
/*!50003 SET @saved_cs_client      = @@character_set_client */ ;
/*!50003 SET @saved_cs_results     = @@character_set_results */ ;
/*!50003 SET @saved_col_connection = @@collation_connection */ ;
/*!50003 SET character_set_client  = utf8 */ ;
/*!50003 SET character_set_results = utf8 */ ;
/*!50003 SET collation_connection  = utf8_general_ci */ ;
/*!50003 SET @saved_sql_mode       = @@sql_mode */ ;
/*!50003 SET sql_mode              = 'STRICT_TRANS_TABLES,NO_ENGINE_SUBSTITUTION' */ ;
DELIMITER ;;
CREATE DEFINER=`root`@`localhost` PROCEDURE `youtuber_tag_dummy`()
BEGIN
    DECLARE i INT DEFAULT 1;
        
    WHILE i <= 50 DO
        INSERT INTO youtuber_tag(
            youtuber_id, tag)
          VALUES(
            FLOOR(RAND() * 50)+1,
            ELT(FLOOR(RAND()*16)+1, 
            '게임', 
            '요리', 
            '리뷰', 
            '음악', 
            '창업', 
            '여행', 
            '병맛', 
            '개그', 
            '일상', 
            '체험', 
            '맛집', 
            '인터뷰', 
            '음악모음', 
            '믹싱', 
            '쇼핑몰', 
            '마케팅')
          );
        SET i = i + 1;
    END WHILE;
END ;;
DELIMITER ;
/*!50003 SET sql_mode              = @saved_sql_mode */ ;
/*!50003 SET character_set_client  = @saved_cs_client */ ;
/*!50003 SET character_set_results = @saved_cs_results */ ;
/*!50003 SET collation_connection  = @saved_col_connection */ ;

--
-- Final view structure for view `view_board_talk_comment`
--

/*!50001 DROP VIEW IF EXISTS `view_board_talk_comment`*/;
/*!50001 SET @saved_cs_client          = @@character_set_client */;
/*!50001 SET @saved_cs_results         = @@character_set_results */;
/*!50001 SET @saved_col_connection     = @@collation_connection */;
/*!50001 SET character_set_client      = utf8 */;
/*!50001 SET character_set_results     = utf8 */;
/*!50001 SET collation_connection      = utf8_general_ci */;
/*!50001 CREATE ALGORITHM=UNDEFINED */
/*!50013 DEFINER=`root`@`localhost` SQL SECURITY DEFINER */
/*!50001 VIEW `view_board_talk_comment` AS select `board_talk_comment`.`board_talk_id` AS `board_id`,`user`.`username` AS `author`,`board_talk_comment`.`comment` AS `comment`,`board_talk_comment`.`write_time` AS `write_time` from (`board_talk_comment` join `user` on((`board_talk_comment`.`user_id` = `user`.`id`))) */;
/*!50001 SET character_set_client      = @saved_cs_client */;
/*!50001 SET character_set_results     = @saved_cs_results */;
/*!50001 SET collation_connection      = @saved_col_connection */;

--
-- Final view structure for view `view_board_talk_content`
--

/*!50001 DROP VIEW IF EXISTS `view_board_talk_content`*/;
/*!50001 SET @saved_cs_client          = @@character_set_client */;
/*!50001 SET @saved_cs_results         = @@character_set_results */;
/*!50001 SET @saved_col_connection     = @@collation_connection */;
/*!50001 SET character_set_client      = utf8 */;
/*!50001 SET character_set_results     = utf8 */;
/*!50001 SET collation_connection      = utf8_general_ci */;
/*!50001 CREATE ALGORITHM=UNDEFINED */
/*!50013 DEFINER=`root`@`localhost` SQL SECURITY DEFINER */
/*!50001 VIEW `view_board_talk_content` AS select `board_talk`.`id` AS `id`,`board_talk`.`subject` AS `subject`,`user`.`username` AS `author`,`board_talk`.`recommend` AS `recommend`,`board_talk`.`hit` AS `hit`,`board_talk`.`write_time` AS `write_time`,`board_talk`.`content` AS `content` from (`board_talk` join `user` on((`board_talk`.`user_id` = `user`.`id`))) */;
/*!50001 SET character_set_client      = @saved_cs_client */;
/*!50001 SET character_set_results     = @saved_cs_results */;
/*!50001 SET collation_connection      = @saved_col_connection */;

--
-- Final view structure for view `view_board_talk_list`
--

/*!50001 DROP VIEW IF EXISTS `view_board_talk_list`*/;
/*!50001 SET @saved_cs_client          = @@character_set_client */;
/*!50001 SET @saved_cs_results         = @@character_set_results */;
/*!50001 SET @saved_col_connection     = @@collation_connection */;
/*!50001 SET character_set_client      = utf8 */;
/*!50001 SET character_set_results     = utf8 */;
/*!50001 SET collation_connection      = utf8_general_ci */;
/*!50001 CREATE ALGORITHM=UNDEFINED */
/*!50013 DEFINER=`root`@`localhost` SQL SECURITY DEFINER */
/*!50001 VIEW `view_board_talk_list` AS select `picktuber`.`board_talk`.`id` AS `id`,`picktuber`.`board_talk`.`recommend` AS `recommend`,`picktuber`.`board_talk`.`subject` AS `subject`,`c`.`comment_count` AS `comment_count`,`picktuber`.`board_talk`.`hit` AS `hit`,`picktuber`.`user`.`username` AS `username`,`picktuber`.`board_talk`.`write_time` AS `write_time` from ((`picktuber`.`board_talk` left join `picktuber`.`user` on((`picktuber`.`board_talk`.`user_id` = `picktuber`.`user`.`id`))) left join (select `picktuber`.`board_talk_comment`.`board_talk_id` AS `board_talk_id`,count(`picktuber`.`board_talk_comment`.`board_talk_id`) AS `comment_count` from `picktuber`.`board_talk_comment` group by `picktuber`.`board_talk_comment`.`board_talk_id`) `c` on((`picktuber`.`board_talk`.`id` = `c`.`board_talk_id`))) order by `picktuber`.`board_talk`.`id` desc */;
/*!50001 SET character_set_client      = @saved_cs_client */;
/*!50001 SET character_set_results     = @saved_cs_results */;
/*!50001 SET collation_connection      = @saved_col_connection */;

--
-- Final view structure for view `view_latest_review`
--

/*!50001 DROP VIEW IF EXISTS `view_latest_review`*/;
/*!50001 SET @saved_cs_client          = @@character_set_client */;
/*!50001 SET @saved_cs_results         = @@character_set_results */;
/*!50001 SET @saved_col_connection     = @@collation_connection */;
/*!50001 SET character_set_client      = utf8 */;
/*!50001 SET character_set_results     = utf8 */;
/*!50001 SET collation_connection      = utf8_general_ci */;
/*!50001 CREATE ALGORITHM=UNDEFINED */
/*!50013 DEFINER=`root`@`localhost` SQL SECURITY DEFINER */
/*!50001 VIEW `view_latest_review` AS select `youtuber`.`id` AS `youtuber_id`,`user`.`id` AS `user_id`,`youtuber`.`name` AS `youtuber_name`,`user`.`username` AS `user_name`,`youtuber_review`.`point1` AS `point1`,`youtuber_review`.`point2` AS `point2`,`youtuber_review`.`point3` AS `point3`,`youtuber_review`.`point4` AS `point4`,`youtuber_review`.`point5` AS `point5`,`youtuber_review`.`detail` AS `detail`,`youtuber`.`url` AS `url` from ((`youtuber_review` join `youtuber` on((`youtuber`.`id` = `youtuber_review`.`youtuber_id`))) join `user` on((`user`.`id` = `youtuber_review`.`user_id`))) order by `youtuber_review`.`review_time` */;
/*!50001 SET character_set_client      = @saved_cs_client */;
/*!50001 SET character_set_results     = @saved_cs_results */;
/*!50001 SET collation_connection      = @saved_col_connection */;

--
-- Final view structure for view `view_top_tag`
--

/*!50001 DROP VIEW IF EXISTS `view_top_tag`*/;
/*!50001 SET @saved_cs_client          = @@character_set_client */;
/*!50001 SET @saved_cs_results         = @@character_set_results */;
/*!50001 SET @saved_col_connection     = @@collation_connection */;
/*!50001 SET character_set_client      = utf8 */;
/*!50001 SET character_set_results     = utf8 */;
/*!50001 SET collation_connection      = utf8_general_ci */;
/*!50001 CREATE ALGORITHM=UNDEFINED */
/*!50013 DEFINER=`root`@`localhost` SQL SECURITY DEFINER */
/*!50001 VIEW `view_top_tag` AS select `youtuber_tag`.`tag` AS `tag`,`youtuber_tag`.`youtuber_id` AS `youtuber_id`,count(`youtuber_tag`.`tag`) AS `tagcount` from `youtuber_tag` group by `youtuber_tag`.`tag` order by `tagcount` desc limit 10 */;
/*!50001 SET character_set_client      = @saved_cs_client */;
/*!50001 SET character_set_results     = @saved_cs_results */;
/*!50001 SET collation_connection      = @saved_col_connection */;

--
-- Final view structure for view `view_youtuber_list`
--

/*!50001 DROP VIEW IF EXISTS `view_youtuber_list`*/;
/*!50001 SET @saved_cs_client          = @@character_set_client */;
/*!50001 SET @saved_cs_results         = @@character_set_results */;
/*!50001 SET @saved_col_connection     = @@collation_connection */;
/*!50001 SET character_set_client      = utf8 */;
/*!50001 SET character_set_results     = utf8 */;
/*!50001 SET collation_connection      = utf8_general_ci */;
/*!50001 CREATE ALGORITHM=UNDEFINED */
/*!50013 DEFINER=`root`@`localhost` SQL SECURITY DEFINER */
/*!50001 VIEW `view_youtuber_list` AS select `youtuber_sum`.`youtuber_id` AS `youtuber_id`,`youtuber_sum`.`point1` AS `point1`,`youtuber_sum`.`point2` AS `point2`,`youtuber_sum`.`point3` AS `point3`,`youtuber_sum`.`point4` AS `point4`,`youtuber_sum`.`point5` AS `point5`,`youtuber_sum`.`tags` AS `tags`,`youtuber`.`id` AS `id`,`youtuber`.`name` AS `name`,`youtuber`.`detail` AS `detail`,`youtuber`.`url` AS `url` from (`youtuber_sum` join `youtuber` on((`youtuber_sum`.`youtuber_id` = `youtuber`.`id`))) */;
/*!50001 SET character_set_client      = @saved_cs_client */;
/*!50001 SET character_set_results     = @saved_cs_results */;
/*!50001 SET collation_connection      = @saved_col_connection */;

--
-- Final view structure for view `view_youtuber_list_withtag`
--

/*!50001 DROP VIEW IF EXISTS `view_youtuber_list_withtag`*/;
/*!50001 SET @saved_cs_client          = @@character_set_client */;
/*!50001 SET @saved_cs_results         = @@character_set_results */;
/*!50001 SET @saved_col_connection     = @@collation_connection */;
/*!50001 SET character_set_client      = utf8 */;
/*!50001 SET character_set_results     = utf8 */;
/*!50001 SET collation_connection      = utf8_general_ci */;
/*!50001 CREATE ALGORITHM=UNDEFINED */
/*!50013 DEFINER=`root`@`localhost` SQL SECURITY DEFINER */
/*!50001 VIEW `view_youtuber_list_withtag` AS select `youtuber`.`id` AS `id`,`youtuber_sum`.`point1` AS `point1`,`youtuber_sum`.`point2` AS `point2`,`youtuber_sum`.`point3` AS `point3`,`youtuber_sum`.`point4` AS `point4`,`youtuber_sum`.`point5` AS `point5`,`youtuber_sum`.`tags` AS `tags`,`youtuber`.`name` AS `name`,`youtuber`.`detail` AS `detail`,`youtuber_tag`.`tag` AS `tag` from ((`youtuber_sum` join `youtuber` on((`youtuber_sum`.`youtuber_id` = `youtuber`.`id`))) join `youtuber_tag` on((`youtuber`.`id` = `youtuber_tag`.`youtuber_id`))) */;
/*!50001 SET character_set_client      = @saved_cs_client */;
/*!50001 SET character_set_results     = @saved_cs_results */;
/*!50001 SET collation_connection      = @saved_col_connection */;
/*!40103 SET TIME_ZONE=@OLD_TIME_ZONE */;

/*!40101 SET SQL_MODE=@OLD_SQL_MODE */;
/*!40014 SET FOREIGN_KEY_CHECKS=@OLD_FOREIGN_KEY_CHECKS */;
/*!40014 SET UNIQUE_CHECKS=@OLD_UNIQUE_CHECKS */;
/*!40101 SET CHARACTER_SET_CLIENT=@OLD_CHARACTER_SET_CLIENT */;
/*!40101 SET CHARACTER_SET_RESULTS=@OLD_CHARACTER_SET_RESULTS */;
/*!40101 SET COLLATION_CONNECTION=@OLD_COLLATION_CONNECTION */;
/*!40111 SET SQL_NOTES=@OLD_SQL_NOTES */;

-- Dump completed on 2019-02-10 23:11:47
