CREATE DATABASE  IF NOT EXISTS `picktuber` /*!40100 DEFAULT CHARACTER SET utf8 */;
USE `picktuber`;
-- MySQL dump 10.13  Distrib 5.7.25, for Win64 (x86_64)
--
-- Host: localhost    Database: picktuber
-- ------------------------------------------------------
-- Server version	5.7.25-log

/*!40101 SET @OLD_CHARACTER_SET_CLIENT=@@CHARACTER_SET_CLIENT */;
/*!40101 SET @OLD_CHARACTER_SET_RESULTS=@@CHARACTER_SET_RESULTS */;
/*!40101 SET @OLD_COLLATION_CONNECTION=@@COLLATION_CONNECTION */;
/*!40101 SET NAMES utf8 */;
/*!40103 SET @OLD_TIME_ZONE=@@TIME_ZONE */;
/*!40103 SET TIME_ZONE='+00:00' */;
/*!40014 SET @OLD_UNIQUE_CHECKS=@@UNIQUE_CHECKS, UNIQUE_CHECKS=0 */;
/*!40014 SET @OLD_FOREIGN_KEY_CHECKS=@@FOREIGN_KEY_CHECKS, FOREIGN_KEY_CHECKS=0 */;
/*!40101 SET @OLD_SQL_MODE=@@SQL_MODE, SQL_MODE='NO_AUTO_VALUE_ON_ZERO' */;
/*!40111 SET @OLD_SQL_NOTES=@@SQL_NOTES, SQL_NOTES=0 */;

--
-- Table structure for table `board_talk`
--

DROP TABLE IF EXISTS `board_talk`;
/*!40101 SET @saved_cs_client     = @@character_set_client */;
/*!40101 SET character_set_client = utf8 */;
CREATE TABLE `board_talk` (
  `id` int(11) NOT NULL AUTO_INCREMENT,
  `user_id` int(11) NOT NULL,
  `subject` varchar(100) DEFAULT NULL,
  `content` text,
  `write_time` timestamp NULL DEFAULT NULL,
  `hit` int(11) DEFAULT NULL,
  `recommend` int(11) DEFAULT NULL,
  PRIMARY KEY (`id`),
  KEY `fk_board_talk_user1_idx` (`user_id`),
  CONSTRAINT `fk_board_talk_user1` FOREIGN KEY (`user_id`) REFERENCES `user` (`id`) ON DELETE NO ACTION ON UPDATE NO ACTION
) ENGINE=InnoDB AUTO_INCREMENT=101 DEFAULT CHARSET=utf8;
/*!40101 SET character_set_client = @saved_cs_client */;

--
-- Dumping data for table `board_talk`
--

LOCK TABLES `board_talk` WRITE;
/*!40000 ALTER TABLE `board_talk` DISABLE KEYS */;
INSERT INTO `board_talk` VALUES (1,32,'diam','Lorem ipsum','2019-03-02 15:11:38',243,135),(2,20,'nascetur ridiculus mus. Aenean eget magna. Suspendisse tristique neque venenatis','Lorem ipsum dolor sit amet, consectetuer adipiscing','2018-08-09 21:52:29',367,99),(3,31,'interdum. Nunc sollicitudin commodo ipsum. Suspendisse non leo.','Lorem ipsum dolor sit amet,','2018-10-25 11:05:51',53,154),(4,48,'vitae odio sagittis','Lorem ipsum dolor sit amet, consectetuer adipiscing elit. Curabitur sed','2018-09-13 17:28:30',11,186),(5,22,'amet metus. Aliquam erat volutpat. Nulla facilisis. Suspendisse commodo','Lorem ipsum dolor','2018-02-20 10:18:28',678,84),(6,46,'libero','Lorem ipsum dolor sit amet, consectetuer adipiscing','2018-09-16 17:43:07',961,169),(7,26,'enim nisl elementum purus, accumsan interdum libero dui nec','Lorem ipsum dolor sit amet, consectetuer adipiscing elit. Curabitur sed','2018-07-01 13:19:20',279,68),(8,16,'tincidunt pede ac urna. Ut tincidunt vehicula','Lorem','2020-01-05 00:39:24',81,29),(9,32,'nisi a','Lorem ipsum dolor sit amet, consectetuer adipiscing elit. Curabitur','2018-11-17 18:56:04',795,175),(10,23,'dolor quam, elementum','Lorem ipsum dolor','2019-12-15 10:53:11',626,96),(11,26,'quis, tristique ac, eleifend vitae, erat. Vivamus nisi.','Lorem ipsum dolor sit amet,','2018-04-10 14:26:45',993,29),(12,43,'et magnis dis parturient montes,','Lorem ipsum dolor','2019-07-24 02:18:28',103,74),(13,27,'consectetuer, cursus et, magna. Praesent interdum ligula eu enim. Etiam','Lorem','2019-06-17 20:41:47',703,43),(14,42,'Praesent interdum ligula eu enim. Etiam imperdiet dictum','Lorem ipsum dolor sit amet,','2019-12-23 05:45:50',442,137),(15,10,'est,','Lorem ipsum','2018-03-06 09:28:09',696,125),(16,1,'Class','Lorem ipsum dolor','2019-06-04 02:09:34',198,155),(17,34,'amet, faucibus ut, nulla. Cras eu','Lorem ipsum dolor sit amet, consectetuer adipiscing elit. Curabitur','2018-06-09 11:48:44',889,139),(18,15,'ipsum nunc id enim. Curabitur massa. Vestibulum','Lorem ipsum','2020-02-02 19:30:55',953,183),(19,46,'montes, nascetur ridiculus mus. Proin','Lorem','2018-01-12 03:18:39',477,180),(20,23,'arcu. Morbi','Lorem ipsum','2018-02-28 13:53:27',182,54),(21,41,'pretium neque. Morbi quis urna. Nunc quis arcu','Lorem ipsum dolor sit amet, consectetuer adipiscing elit.','2019-09-25 13:23:06',88,179),(22,3,'facilisis. Suspendisse commodo','Lorem ipsum dolor sit amet,','2018-12-04 11:14:01',547,149),(23,44,'feugiat non, lobortis quis, pede. Suspendisse dui.','Lorem','2018-11-09 11:42:20',57,200),(24,30,'lectus. Cum sociis natoque penatibus et','Lorem ipsum dolor','2019-08-03 23:38:31',306,50),(25,5,'pellentesque. Sed dictum.','Lorem ipsum dolor sit amet, consectetuer','2019-12-02 03:28:03',379,166),(26,11,'magna. Ut','Lorem ipsum dolor','2018-08-19 23:38:51',20,16),(27,29,'orci. Ut','Lorem ipsum dolor sit','2018-01-28 01:09:34',59,34),(28,24,'est. Nunc ullamcorper, velit in aliquet','Lorem ipsum dolor','2018-04-27 13:19:58',409,167),(29,40,'a feugiat tellus lorem eu metus. In lorem.','Lorem ipsum dolor sit amet, consectetuer adipiscing elit.','2018-02-19 19:55:36',317,189),(30,6,'sapien. Nunc pulvinar arcu et pede. Nunc sed orci lobortis','Lorem ipsum dolor','2020-02-05 06:51:31',414,84),(31,48,'eu turpis. Nulla aliquet.','Lorem ipsum dolor sit amet, consectetuer','2018-07-16 09:26:07',710,25),(32,44,'molestie in, tempus eu, ligula. Aenean euismod mauris','Lorem ipsum dolor sit amet, consectetuer adipiscing elit. Curabitur','2019-07-04 18:10:32',672,13),(33,37,'nunc. Quisque','Lorem ipsum','2019-07-09 00:52:45',608,162),(34,33,'tincidunt pede ac','Lorem ipsum dolor sit amet, consectetuer adipiscing elit. Curabitur sed','2019-12-20 03:31:48',498,35),(35,40,'Suspendisse sagittis. Nullam vitae diam. Proin dolor. Nulla','Lorem ipsum dolor sit amet, consectetuer adipiscing elit. Curabitur sed','2018-11-21 21:42:14',674,131),(36,31,'velit eget laoreet posuere, enim nisl elementum purus, accumsan interdum','Lorem ipsum dolor sit amet, consectetuer','2019-10-13 05:44:50',747,36),(37,9,'eu,','Lorem ipsum dolor sit amet, consectetuer adipiscing elit. Curabitur','2019-02-24 04:38:42',993,163),(38,9,'at lacus. Quisque purus sapien, gravida','Lorem ipsum dolor','2018-01-12 07:35:25',361,186),(39,44,'libero et tristique pellentesque, tellus sem mollis dui, in','Lorem ipsum dolor sit amet, consectetuer adipiscing','2018-06-26 19:32:51',738,96),(40,41,'mus. Donec dignissim magna a tortor. Nunc commodo auctor velit.','Lorem ipsum dolor sit amet, consectetuer adipiscing elit.','2019-11-19 23:52:21',374,85),(41,34,'eros. Proin ultrices. Duis volutpat','Lorem','2018-01-20 04:07:03',994,145),(42,39,'enim consequat purus. Maecenas libero est, congue a,','Lorem ipsum dolor sit amet, consectetuer adipiscing elit. Curabitur sed','2019-12-19 21:09:17',302,59),(43,37,'orci lobortis augue scelerisque','Lorem ipsum dolor sit amet, consectetuer adipiscing elit. Curabitur sed','2018-02-12 15:05:39',982,101),(44,49,'ultrices posuere cubilia Curae; Phasellus ornare. Fusce mollis. Duis sit','Lorem ipsum dolor sit amet, consectetuer adipiscing elit.','2019-04-24 16:42:22',409,164),(45,40,'risus varius orci, in consequat enim','Lorem ipsum dolor sit amet, consectetuer adipiscing elit. Curabitur sed','2019-03-10 22:13:11',491,124),(46,7,'Mauris quis turpis vitae purus gravida sagittis. Duis gravida. Praesent','Lorem ipsum dolor sit amet, consectetuer adipiscing elit. Curabitur','2019-02-15 20:19:00',652,125),(47,34,'Phasellus ornare. Fusce mollis. Duis sit amet diam eu dolor','Lorem ipsum dolor sit amet,','2018-08-09 20:13:52',951,175),(48,37,'mauris a nunc.','Lorem ipsum dolor sit amet, consectetuer adipiscing elit. Curabitur','2019-07-04 15:25:14',964,11),(49,35,'ligula. Aenean gravida nunc sed pede. Cum sociis natoque','Lorem ipsum dolor sit amet, consectetuer adipiscing elit. Curabitur sed','2018-12-02 08:12:52',747,88),(50,36,'pulvinar arcu et pede. Nunc sed orci lobortis augue scelerisque','Lorem ipsum dolor','2018-06-08 13:31:05',631,193),(51,20,'mattis','Lorem ipsum dolor sit amet, consectetuer adipiscing','2018-06-10 05:06:18',447,93),(52,40,'mus. Proin vel arcu eu odio tristique pharetra. Quisque','Lorem ipsum dolor sit amet, consectetuer','2019-02-06 07:37:25',509,97),(53,7,'lectus rutrum urna, nec luctus felis purus ac','Lorem ipsum dolor sit amet, consectetuer adipiscing','2019-02-16 01:52:44',397,141),(54,2,'eget, ipsum. Donec sollicitudin adipiscing ligula. Aenean gravida','Lorem ipsum dolor sit amet, consectetuer','2018-08-28 23:41:20',744,60),(55,18,'ornare, facilisis eget, ipsum. Donec sollicitudin adipiscing ligula. Aenean gravida','Lorem ipsum dolor sit amet, consectetuer adipiscing','2018-10-30 20:43:56',145,75),(56,25,'id magna et','Lorem ipsum dolor sit amet, consectetuer adipiscing elit. Curabitur','2018-03-15 06:33:11',388,85),(57,30,'augue malesuada malesuada. Integer id magna et ipsum cursus vestibulum.','Lorem ipsum dolor sit amet,','2019-03-23 03:52:05',847,171),(58,23,'lobortis ultrices. Vivamus rhoncus. Donec est. Nunc ullamcorper,','Lorem ipsum dolor sit amet, consectetuer adipiscing elit.','2018-06-12 00:10:45',397,146),(59,41,'Cras convallis convallis dolor. Quisque tincidunt pede ac','Lorem ipsum dolor sit amet, consectetuer adipiscing elit.','2018-12-31 23:07:40',603,78),(60,27,'orci luctus et','Lorem ipsum dolor sit amet,','2019-11-28 12:18:29',320,175),(61,6,'a odio semper cursus.','Lorem ipsum dolor sit amet, consectetuer adipiscing','2018-05-25 08:34:34',312,62),(62,7,'diam nunc, ullamcorper eu, euismod ac, fermentum','Lorem','2019-01-10 17:30:23',107,62),(63,6,'Aenean','Lorem ipsum dolor sit','2018-11-08 13:53:02',85,149),(64,30,'ridiculus mus. Aenean eget magna.','Lorem ipsum','2019-03-15 03:27:17',523,147),(65,22,'ligula. Nullam feugiat placerat','Lorem ipsum dolor sit amet, consectetuer adipiscing','2019-07-05 21:14:44',825,47),(66,49,'mi fringilla mi lacinia','Lorem ipsum dolor sit amet, consectetuer adipiscing elit. Curabitur sed','2018-12-31 02:30:03',893,95),(67,31,'penatibus et magnis dis parturient','Lorem ipsum dolor sit amet, consectetuer adipiscing elit. Curabitur sed','2018-10-25 11:53:14',316,131),(68,26,'Quisque ornare tortor at risus.','Lorem ipsum dolor sit amet, consectetuer adipiscing elit.','2019-08-24 09:08:13',737,76),(69,15,'posuere, enim nisl elementum purus, accumsan interdum libero','Lorem ipsum dolor sit amet, consectetuer adipiscing elit. Curabitur','2018-10-26 19:40:18',333,106),(70,38,'dictum ultricies','Lorem ipsum dolor sit','2018-05-08 11:58:47',894,42),(71,33,'eu tellus. Phasellus elit pede,','Lorem ipsum dolor sit amet,','2019-06-16 08:26:35',464,158),(72,35,'Mauris eu turpis. Nulla aliquet. Proin velit. Sed malesuada','Lorem ipsum dolor sit','2019-06-04 10:32:53',802,80),(73,49,'Nunc sed orci lobortis augue','Lorem ipsum dolor sit amet, consectetuer adipiscing elit. Curabitur','2018-06-08 07:20:30',46,106),(74,12,'pharetra sed, hendrerit a, arcu. Sed et','Lorem ipsum dolor sit amet, consectetuer adipiscing elit. Curabitur sed','2018-01-24 19:57:05',46,40),(75,21,'vulputate ullamcorper','Lorem ipsum dolor sit amet, consectetuer adipiscing elit.','2019-02-25 00:25:05',218,51),(76,37,'mauris ut mi. Duis risus odio, auctor vitae, aliquet nec,','Lorem ipsum dolor sit amet, consectetuer adipiscing elit. Curabitur sed','2018-09-06 13:50:35',856,181),(77,31,'non, egestas a, dui. Cras pellentesque. Sed dictum. Proin eget','Lorem ipsum','2018-10-15 12:50:00',896,124),(78,50,'at risus. Nunc ac sem','Lorem ipsum','2019-06-14 11:04:57',878,119),(79,48,'consequat dolor vitae dolor. Donec fringilla. Donec feugiat','Lorem ipsum dolor sit amet, consectetuer adipiscing elit.','2019-12-03 03:05:01',860,27),(80,40,'suscipit','Lorem ipsum dolor sit amet, consectetuer adipiscing elit. Curabitur sed','2019-11-03 06:03:35',200,31),(81,44,'diam dictum sapien.','Lorem ipsum dolor sit amet, consectetuer','2018-08-05 02:42:48',179,59),(82,17,'nisl sem,','Lorem ipsum dolor sit amet, consectetuer','2019-03-14 11:56:34',184,124),(83,6,'Sed nec metus','Lorem ipsum dolor sit','2018-06-19 15:37:46',915,65),(84,16,'dolor. Fusce feugiat.','Lorem ipsum dolor sit amet,','2019-07-10 00:39:05',427,74),(85,18,'at, nisi. Cum sociis natoque penatibus et magnis dis','Lorem ipsum dolor','2018-11-28 11:51:26',794,151),(86,32,'neque.','Lorem ipsum dolor','2018-05-03 13:34:20',886,195),(87,40,'semper et, lacinia vitae, sodales at,','Lorem ipsum dolor sit amet,','2019-01-04 20:07:56',747,56),(88,9,'a, scelerisque sed,','Lorem ipsum dolor sit amet, consectetuer adipiscing','2019-08-01 19:10:36',718,120),(89,15,'metus facilisis lorem','Lorem ipsum dolor sit amet, consectetuer adipiscing','2019-01-13 10:07:28',864,12),(90,26,'orci, adipiscing non, luctus sit','Lorem ipsum dolor sit amet, consectetuer adipiscing elit. Curabitur sed','2018-04-22 01:37:07',281,155),(91,1,'erat volutpat. Nulla facilisis. Suspendisse commodo tincidunt','Lorem','2018-03-24 04:20:38',297,170),(92,26,'rutrum non, hendrerit id, ante. Nunc mauris sapien, cursus','Lorem ipsum dolor sit amet,','2018-06-14 17:49:35',301,175),(93,13,'molestie tellus. Aenean egestas hendrerit neque. In ornare sagittis','Lorem ipsum dolor sit','2019-01-20 06:07:54',34,142),(94,27,'eget lacus. Mauris non dui nec urna suscipit nonummy. Fusce','Lorem ipsum dolor sit amet, consectetuer adipiscing elit.','2019-05-26 18:20:32',786,110),(95,40,'dis parturient montes,','Lorem ipsum dolor','2018-10-14 12:09:36',782,146),(96,42,'volutpat. Nulla','Lorem ipsum dolor sit amet, consectetuer adipiscing elit. Curabitur','2018-03-24 18:00:20',979,51),(97,41,'gravida','Lorem','2018-06-01 08:18:35',152,110),(98,14,'nisl. Nulla eu neque pellentesque','Lorem ipsum dolor sit amet, consectetuer','2018-11-15 15:19:26',54,157),(99,46,'quam, elementum at, egestas a, scelerisque sed,','Lorem ipsum','2018-07-29 05:10:07',270,164),(100,22,'neque sed dictum eleifend, nunc risus','Lorem ipsum dolor sit','2018-05-25 05:03:12',629,162);
/*!40000 ALTER TABLE `board_talk` ENABLE KEYS */;
UNLOCK TABLES;

--
-- Table structure for table `board_talk_comment`
--

DROP TABLE IF EXISTS `board_talk_comment`;
/*!40101 SET @saved_cs_client     = @@character_set_client */;
/*!40101 SET character_set_client = utf8 */;
CREATE TABLE `board_talk_comment` (
  `board_talk_id` int(11) NOT NULL,
  `comment` text,
  `recommend` int(11) DEFAULT NULL,
  `user_id` int(11) NOT NULL,
  `write_time` timestamp NULL DEFAULT NULL,
  KEY `fk_board_talk_comment_board_talk1_idx` (`board_talk_id`),
  KEY `fk_board_talk_comment_user1_idx` (`user_id`),
  CONSTRAINT `fk_board_talk_comment_board_talk1` FOREIGN KEY (`board_talk_id`) REFERENCES `board_talk` (`id`) ON DELETE NO ACTION ON UPDATE NO ACTION,
  CONSTRAINT `fk_board_talk_comment_user1` FOREIGN KEY (`user_id`) REFERENCES `user` (`id`) ON DELETE NO ACTION ON UPDATE NO ACTION
) ENGINE=InnoDB DEFAULT CHARSET=utf8;
/*!40101 SET character_set_client = @saved_cs_client */;

--
-- Dumping data for table `board_talk_comment`
--

LOCK TABLES `board_talk_comment` WRITE;
/*!40000 ALTER TABLE `board_talk_comment` DISABLE KEYS */;
INSERT INTO `board_talk_comment` VALUES (68,'ipsum. Suspendisse non leo. Vivamus nibh dolor, nonummy ac,',27,10,'2019-01-14 07:14:38'),(46,'vehicula et, rutrum eu,',46,10,'2018-04-26 05:00:39'),(25,'varius. Nam',46,29,'2018-10-25 19:10:59'),(33,'nibh sit amet orci.',46,24,'2018-07-05 10:53:21'),(7,'Integer urna. Vivamus molestie dapibus ligula. Aliquam erat',33,22,'2018-07-17 17:15:51'),(73,'per conubia nostra, per inceptos hymenaeos. Mauris ut quam vel',15,10,'2018-05-13 04:12:30'),(68,'erat vel pede blandit congue. In scelerisque',32,40,'2018-03-24 15:06:26'),(55,'sem molestie sodales. Mauris blandit enim consequat purus. Maecenas',33,29,'2018-04-03 19:06:00'),(66,'pharetra',34,23,'2018-12-29 07:08:04'),(13,'et risus. Quisque libero lacus,',24,41,'2018-08-18 13:05:38'),(41,'id nunc interdum feugiat. Sed nec metus',40,19,'2018-11-02 23:13:14'),(15,'risus',12,6,'2018-07-23 02:36:20'),(34,'gravida nunc sed pede. Cum sociis',39,43,'2018-12-13 04:02:44'),(75,'felis purus ac tellus. Suspendisse sed',6,33,'2018-08-23 03:13:21'),(2,'dictum mi, ac mattis velit',34,38,'2018-11-24 14:38:23'),(86,'lacus. Quisque purus sapien, gravida non,',9,36,'2018-12-27 15:59:17'),(22,'Nullam lobortis quam a felis ullamcorper viverra.',10,46,'2018-06-13 14:02:25'),(17,'Maecenas ornare egestas ligula. Nullam feugiat',7,47,'2018-11-09 09:49:53'),(56,'quis diam',43,4,'2018-07-29 03:31:50'),(27,'tristique neque venenatis lacus. Etiam',38,12,'2019-01-02 13:37:26'),(5,'semper auctor. Mauris vel turpis. Aliquam adipiscing',35,32,'2018-09-17 11:50:30'),(58,'nec',42,37,'2018-06-08 03:36:19'),(36,'interdum ligula eu enim. Etiam imperdiet',13,25,'2018-07-19 05:32:44'),(9,'dignissim pharetra. Nam ac nulla.',40,38,'2018-07-03 01:24:57'),(67,'bibendum. Donec felis orci, adipiscing non,',42,16,'2018-06-18 20:10:48'),(2,'magna, malesuada vel, convallis in, cursus et, eros. Proin ultrices.',47,47,'2018-08-21 23:51:18'),(26,'consectetuer adipiscing elit. Curabitur',27,2,'2019-01-05 18:53:58'),(8,'in faucibus orci luctus',14,25,'2018-11-22 11:32:35'),(64,'quam dignissim',20,36,'2018-08-02 13:24:18'),(5,'vulputate velit',31,32,'2019-01-18 23:45:49'),(7,'penatibus',21,6,'2018-12-02 16:52:30'),(84,'ornare tortor at',3,35,'2018-04-24 11:36:28'),(63,'nec luctus felis purus ac tellus.',35,38,'2018-03-23 08:42:30'),(54,'ipsum leo elementum sem, vitae aliquam',39,47,'2018-12-20 04:45:31'),(99,'quis arcu',34,43,'2018-06-11 15:25:43'),(17,'blandit congue. In scelerisque scelerisque dui. Suspendisse ac metus',21,15,'2018-09-27 02:51:07'),(36,'a, malesuada id, erat. Etiam vestibulum',24,13,'2018-11-24 18:37:40'),(8,'dui. Fusce diam nunc, ullamcorper eu, euismod ac, fermentum',18,9,'2018-11-05 20:53:24'),(21,'imperdiet, erat',9,3,'2018-09-02 10:34:06'),(90,'eu augue porttitor',22,38,'2019-01-10 02:40:34'),(61,'sollicitudin orci sem eget massa. Suspendisse eleifend. Cras',37,19,'2018-10-16 10:05:46'),(9,'nisi sem semper erat, in consectetuer ipsum nunc',44,37,'2018-07-29 14:29:42'),(56,'Proin non massa',28,41,'2018-03-08 12:00:33'),(38,'In mi pede, nonummy ut, molestie in, tempus eu,',24,1,'2018-08-23 06:20:23'),(49,'ullamcorper, nisl arcu iaculis enim, sit amet ornare lectus justo',32,20,'2018-02-24 01:38:48'),(90,'eget, volutpat ornare, facilisis eget, ipsum. Donec sollicitudin adipiscing ligula.',14,4,'2018-05-20 21:35:04'),(1,'Curae; Phasellus ornare. Fusce mollis. Duis sit',6,47,'2019-01-20 09:16:17'),(62,'dictum.',46,49,'2018-12-27 08:31:44'),(44,'sem ut',43,11,'2018-11-17 11:01:58'),(27,'Nulla interdum.',37,35,'2018-10-05 06:37:02'),(8,'convallis',6,48,'2018-08-04 19:28:44'),(25,'Donec egestas. Duis ac arcu. Nunc mauris. Morbi',18,33,'2018-07-08 14:44:47'),(25,'inceptos hymenaeos. Mauris ut',27,33,'2018-12-03 07:48:30'),(8,'eu, ligula.',36,48,'2018-05-14 09:53:21'),(99,'Quisque purus sapien, gravida non, sollicitudin a, malesuada id,',10,8,'2018-03-31 16:06:11'),(54,'vulputate, nisi',43,4,'2018-09-30 15:26:53'),(3,'mus. Aenean eget magna. Suspendisse tristique neque venenatis lacus. Etiam',38,11,'2018-05-07 18:34:57'),(47,'ac metus vitae velit egestas lacinia. Sed congue, elit sed',50,37,'2018-10-02 00:45:43'),(25,'lectus pede et risus. Quisque libero lacus, varius',22,2,'2018-03-06 03:34:20'),(72,'purus ac tellus. Suspendisse sed dolor. Fusce mi',23,39,'2018-08-18 09:33:00'),(47,'scelerisque neque',16,26,'2018-10-15 23:14:37'),(65,'Duis at lacus. Quisque purus sapien, gravida',1,48,'2018-08-07 19:17:08'),(53,'orci',42,44,'2018-08-15 00:34:31'),(85,'Suspendisse tristique neque venenatis lacus.',43,13,'2019-01-07 17:07:37'),(66,'primis in faucibus orci luctus et ultrices posuere cubilia Curae;',50,46,'2018-07-19 15:21:31'),(100,'cursus a, enim. Suspendisse aliquet, sem ut cursus',26,30,'2018-04-28 05:32:54'),(11,'Pellentesque habitant morbi tristique senectus et netus et',34,5,'2018-05-28 23:30:51'),(15,'interdum',10,38,'2018-07-06 17:13:12'),(50,'non leo. Vivamus nibh dolor, nonummy ac, feugiat non,',14,49,'2018-06-07 00:53:18'),(86,'ac sem ut dolor',35,1,'2018-10-22 23:09:41'),(5,'facilisis lorem tristique aliquet. Phasellus fermentum convallis ligula. Donec',41,7,'2018-05-18 10:48:43'),(85,'volutpat nunc sit amet metus.',22,26,'2018-03-21 13:13:44'),(92,'ut nisi a odio semper cursus. Integer mollis. Integer',10,15,'2018-05-04 01:31:31'),(75,'vehicula',16,22,'2018-06-09 14:51:50'),(32,'tellus lorem eu metus. In lorem. Donec',14,24,'2018-06-10 11:38:01'),(60,'Integer vulputate, risus a ultricies adipiscing,',21,14,'2018-12-01 01:54:24'),(15,'lacus vestibulum lorem, sit amet ultricies sem magna nec quam.',9,15,'2018-09-13 17:44:51'),(83,'eu, euismod ac, fermentum vel, mauris. Integer',3,29,'2018-09-17 06:20:16'),(25,'magna a neque. Nullam ut',44,22,'2018-10-30 06:11:36'),(38,'dignissim pharetra.',46,28,'2018-06-08 23:49:19'),(79,'nunc sit amet metus. Aliquam erat volutpat. Nulla',38,3,'2019-01-13 10:55:31'),(24,'eleifend nec, malesuada ut,',47,38,'2018-04-13 23:45:19'),(94,'id enim. Curabitur massa. Vestibulum accumsan neque et',30,35,'2018-08-28 08:22:11'),(11,'aliquam iaculis,',43,11,'2018-12-20 12:24:59'),(66,'iaculis odio. Nam',49,49,'2018-07-01 13:00:43'),(31,'nibh lacinia orci, consectetuer euismod est arcu',25,11,'2018-12-03 17:19:52'),(83,'in, hendrerit consectetuer, cursus et, magna. Praesent interdum',34,45,'2018-12-22 12:44:25'),(9,'eleifend',42,12,'2018-11-22 22:57:36'),(98,'Fusce',48,25,'2018-07-07 01:54:07'),(4,'est. Mauris eu turpis. Nulla aliquet. Proin',31,5,'2018-10-06 13:53:09'),(88,'et magnis dis parturient montes, nascetur ridiculus mus.',22,43,'2019-02-01 10:17:02'),(10,'euismod enim. Etiam gravida molestie arcu. Sed eu',34,22,'2019-01-18 11:08:33'),(7,'vestibulum nec, euismod in,',37,47,'2018-07-11 23:07:50'),(29,'sed dictum eleifend, nunc risus varius orci, in consequat enim',37,20,'2018-03-01 03:54:20'),(62,'dui. Suspendisse ac metus vitae velit egestas',31,27,'2018-09-07 14:16:28'),(66,'imperdiet, erat nonummy ultricies ornare, elit elit fermentum risus, at',34,16,'2018-12-20 04:31:56'),(30,'a, magna.',18,25,'2018-07-28 17:51:53'),(40,'Aliquam tincidunt, nunc ac mattis ornare, lectus',12,33,'2018-06-30 17:35:50'),(62,'Proin dolor. Nulla semper tellus',23,29,'2018-02-24 20:50:30'),(30,'non, lobortis quis, pede. Suspendisse dui. Fusce',42,19,'2018-05-30 11:44:38'),(96,'Donec dignissim magna a tortor. Nunc commodo auctor velit.',27,44,'2018-04-15 14:07:43'),(19,'vehicula et, rutrum eu,',47,6,'2018-09-16 11:46:28'),(6,'vel turpis. Aliquam',1,13,'2018-04-17 12:36:06'),(84,'leo. Morbi neque tellus, imperdiet',16,27,'2018-07-18 12:50:13'),(98,'non,',21,27,'2018-05-30 06:07:13'),(49,'dictum eleifend, nunc risus varius orci, in',20,47,'2018-03-13 06:42:38'),(23,'dictum magna. Ut tincidunt orci quis',23,35,'2018-05-17 06:56:35'),(43,'Phasellus vitae mauris',32,16,'2018-08-07 01:14:34'),(16,'Duis at lacus. Quisque purus',17,13,'2019-01-11 19:18:32'),(55,'Vivamus molestie dapibus ligula. Aliquam erat volutpat.',10,27,'2018-12-13 08:32:50'),(8,'sapien molestie orci tincidunt',1,6,'2018-06-17 07:38:36'),(80,'commodo ipsum. Suspendisse non leo. Vivamus nibh dolor, nonummy',5,32,'2018-10-14 16:32:51'),(34,'amet luctus vulputate, nisi sem semper erat,',25,32,'2019-01-11 15:40:42'),(30,'torquent per conubia nostra, per inceptos hymenaeos. Mauris',22,32,'2018-09-19 13:51:06'),(16,'laoreet posuere, enim nisl elementum',11,41,'2018-05-21 07:47:49'),(58,'semper pretium neque. Morbi quis urna. Nunc quis',18,2,'2019-01-07 10:27:47'),(91,'ullamcorper eu, euismod ac, fermentum vel,',39,7,'2018-10-08 22:08:46'),(16,'conubia nostra, per inceptos',43,18,'2018-05-11 03:59:21'),(6,'non, feugiat nec,',4,4,'2019-01-20 19:55:41'),(76,'vitae dolor. Donec fringilla. Donec feugiat metus sit amet',27,10,'2019-01-06 14:09:57'),(47,'lorem, vehicula et, rutrum eu, ultrices sit',38,19,'2018-09-07 10:03:02'),(36,'magna. Sed eu eros. Nam consequat dolor vitae',20,17,'2018-12-22 10:58:15'),(88,'non nisi. Aenean eget metus. In nec',8,49,'2018-12-29 15:41:07'),(44,'ac orci. Ut semper pretium',20,25,'2018-03-16 10:01:12'),(57,'Maecenas iaculis aliquet diam. Sed diam lorem, auctor',5,30,'2018-05-09 08:04:22'),(27,'lacinia. Sed congue,',18,20,'2018-04-01 20:13:44'),(8,'magna sed dui. Fusce aliquam,',27,26,'2018-12-29 04:34:30'),(63,'lobortis augue scelerisque mollis. Phasellus libero mauris, aliquam eu,',11,47,'2018-10-31 18:16:05'),(93,'consectetuer mauris id sapien. Cras',38,24,'2018-05-09 19:32:11'),(41,'Aliquam auctor, velit eget',2,17,'2018-07-09 03:57:07'),(68,'lacus. Nulla tincidunt, neque vitae semper egestas, urna justo',17,44,'2018-10-12 14:30:12'),(72,'eu, ultrices sit amet, risus.',42,6,'2018-12-23 19:04:04'),(92,'lobortis quam a felis ullamcorper viverra. Maecenas iaculis aliquet',32,13,'2018-05-20 04:56:02'),(50,'eget laoreet posuere, enim nisl elementum purus, accumsan',22,32,'2018-10-08 00:12:36'),(54,'ultrices posuere cubilia Curae; Phasellus ornare. Fusce mollis. Duis',29,45,'2018-03-23 03:46:33'),(46,'nibh. Quisque nonummy',41,25,'2018-07-06 10:31:27'),(96,'lectus rutrum urna, nec luctus',48,46,'2018-10-15 11:24:25'),(13,'ornare, lectus ante dictum mi, ac',3,9,'2018-11-29 23:09:20'),(58,'malesuada fames ac turpis egestas. Aliquam fringilla cursus',8,31,'2018-02-28 06:13:19'),(54,'luctus lobortis. Class aptent taciti sociosqu ad litora torquent',46,39,'2018-06-10 09:47:21'),(5,'euismod et, commodo at, libero. Morbi accumsan laoreet ipsum.',19,40,'2019-01-08 16:23:58'),(30,'ante, iaculis nec,',31,11,'2018-05-18 18:12:09'),(24,'magna, malesuada',40,49,'2019-01-15 05:25:00'),(1,'sit amet ultricies sem magna nec quam. Curabitur vel',46,20,'2018-09-11 19:51:37'),(99,'ultricies',13,23,'2019-01-10 10:42:24'),(7,'pellentesque a, facilisis non, bibendum',47,21,'2018-11-03 21:00:11'),(96,'tellus',2,48,'2018-05-11 12:41:48'),(72,'ipsum cursus vestibulum. Mauris magna. Duis dignissim tempor arcu. Vestibulum',13,16,'2018-03-05 03:25:05'),(84,'Sed id risus quis diam',30,50,'2018-06-18 02:32:04'),(60,'vitae mauris sit',14,18,'2018-06-06 07:14:43'),(57,'facilisis, magna tellus faucibus',17,43,'2018-12-29 06:16:00'),(82,'nibh enim, gravida sit',18,19,'2019-01-25 23:39:45'),(59,'a sollicitudin',35,8,'2018-11-30 12:48:52'),(82,'non, vestibulum nec, euismod in, dolor. Fusce feugiat.',47,9,'2018-03-02 23:41:46'),(36,'arcu et pede. Nunc sed orci lobortis',18,25,'2018-06-14 08:13:29'),(58,'at, egestas a, scelerisque',8,31,'2019-01-01 12:26:13'),(63,'Etiam imperdiet dictum magna. Ut tincidunt orci',14,36,'2018-12-30 11:06:03'),(9,'diam nunc,',7,38,'2018-10-14 20:07:03'),(60,'Nam interdum enim non',1,26,'2018-09-07 22:42:25'),(6,'velit',18,6,'2018-05-14 14:55:19'),(82,'lobortis, nisi nibh lacinia orci,',38,47,'2018-04-10 05:11:39'),(71,'Vestibulum',17,26,'2018-06-21 17:15:49'),(77,'nec orci. Donec nibh.',28,35,'2018-11-13 13:03:36'),(95,'interdum',42,7,'2019-01-29 11:15:05'),(36,'Vestibulum ante ipsum',24,25,'2018-09-26 12:07:16'),(82,'turpis egestas. Fusce aliquet magna a neque. Nullam',10,26,'2019-01-29 13:29:39'),(64,'amet risus. Donec egestas.',35,4,'2018-05-29 01:30:26'),(51,'Vivamus non lorem vitae odio sagittis semper. Nam',14,11,'2019-02-05 15:28:02'),(91,'auctor. Mauris vel turpis. Aliquam adipiscing lobortis risus. In mi',6,18,'2018-12-06 01:49:00'),(24,'erat. Vivamus nisi. Mauris',17,40,'2018-08-22 22:23:30'),(25,'parturient montes, nascetur ridiculus mus. Donec',10,13,'2018-04-15 00:20:12'),(96,'Fusce mollis. Duis sit',28,25,'2018-03-09 12:56:01'),(3,'aliquam, enim nec tempus scelerisque, lorem ipsum',36,37,'2018-03-01 09:31:15'),(85,'Etiam laoreet, libero',24,6,'2018-05-26 19:24:56'),(46,'Cras dictum ultricies ligula. Nullam enim. Sed nulla ante,',38,31,'2018-02-24 11:46:01'),(47,'Etiam',29,39,'2018-09-13 17:50:57'),(28,'lectus. Nullam suscipit, est ac facilisis',5,2,'2019-01-06 22:12:16'),(86,'imperdiet, erat nonummy ultricies',25,34,'2018-02-22 17:36:06'),(45,'sit amet ante. Vivamus',30,12,'2018-07-20 19:44:01'),(70,'lacus. Ut nec',20,7,'2018-12-05 08:15:08'),(71,'interdum ligula eu enim. Etiam',44,39,'2018-11-23 08:43:21'),(59,'at',43,40,'2018-10-29 09:55:08'),(5,'ut mi. Duis risus odio, auctor vitae, aliquet nec, imperdiet',48,22,'2018-09-10 18:30:20'),(90,'varius et, euismod et, commodo at, libero. Morbi accumsan laoreet',5,42,'2018-07-29 04:07:41'),(39,'per conubia nostra, per inceptos hymenaeos.',1,13,'2018-08-08 06:44:17'),(51,'vitae, sodales at, velit. Pellentesque ultricies dignissim lacus. Aliquam',9,5,'2018-10-09 09:27:39'),(63,'ut cursus luctus, ipsum leo elementum',6,27,'2018-07-15 18:47:04'),(70,'Curabitur massa.',11,2,'2018-03-17 15:30:04'),(47,'pede. Suspendisse dui. Fusce',10,35,'2018-05-30 22:31:48'),(81,'mollis',22,22,'2018-03-08 23:26:02'),(44,'litora torquent',35,20,'2019-01-28 08:56:39'),(100,'at, iaculis quis,',12,43,'2018-10-19 02:52:47'),(52,'id',20,48,'2018-09-01 20:50:56'),(83,'magna,',1,42,'2018-10-31 07:03:22'),(1,'vitae, sodales at, velit. Pellentesque ultricies',25,23,'2018-04-28 23:04:04'),(22,'mi. Duis risus odio, auctor vitae,',9,18,'2018-07-04 10:16:03'),(14,'vitae, orci. Phasellus dapibus',6,26,'2018-08-24 01:03:47'),(48,'hendrerit id, ante. Nunc',26,20,'2019-01-21 19:57:24'),(71,'ac, eleifend vitae, erat. Vivamus nisi. Mauris nulla. Integer',36,42,'2018-03-20 17:02:11'),(62,'consectetuer, cursus et, magna. Praesent',12,48,'2018-05-21 20:44:31');
/*!40000 ALTER TABLE `board_talk_comment` ENABLE KEYS */;
UNLOCK TABLES;

--
-- Table structure for table `user`
--

DROP TABLE IF EXISTS `user`;
/*!40101 SET @saved_cs_client     = @@character_set_client */;
/*!40101 SET character_set_client = utf8 */;
CREATE TABLE `user` (
  `id` int(11) NOT NULL AUTO_INCREMENT,
  `username` varchar(16) NOT NULL,
  `email` varchar(255) DEFAULT NULL,
  `password` varchar(32) NOT NULL,
  `create_time` timestamp NULL DEFAULT CURRENT_TIMESTAMP,
  PRIMARY KEY (`id`)
) ENGINE=InnoDB AUTO_INCREMENT=51 DEFAULT CHARSET=utf8;
/*!40101 SET character_set_client = @saved_cs_client */;

--
-- Dumping data for table `user`
--

LOCK TABLES `user` WRITE;
/*!40000 ALTER TABLE `user` DISABLE KEYS */;
INSERT INTO `user` VALUES (1,'유저이름1','유저메일1','1234','2019-02-06 11:49:37'),(2,'유저이름2','유저메일2','1234','2019-02-06 11:49:37'),(3,'유저이름3','유저메일3','1234','2019-02-06 11:49:37'),(4,'유저이름4','유저메일4','1234','2019-02-06 11:49:37'),(5,'유저이름5','유저메일5','1234','2019-02-06 11:49:37'),(6,'유저이름6','유저메일6','1234','2019-02-06 11:49:37'),(7,'유저이름7','유저메일7','1234','2019-02-06 11:49:37'),(8,'유저이름8','유저메일8','1234','2019-02-06 11:49:37'),(9,'유저이름9','유저메일9','1234','2019-02-06 11:49:37'),(10,'유저이름10','유저메일10','1234','2019-02-06 11:49:37'),(11,'유저이름11','유저메일11','1234','2019-02-06 11:49:37'),(12,'유저이름12','유저메일12','1234','2019-02-06 11:49:37'),(13,'유저이름13','유저메일13','1234','2019-02-06 11:49:37'),(14,'유저이름14','유저메일14','1234','2019-02-06 11:49:37'),(15,'유저이름15','유저메일15','1234','2019-02-06 11:49:37'),(16,'유저이름16','유저메일16','1234','2019-02-06 11:49:37'),(17,'유저이름17','유저메일17','1234','2019-02-06 11:49:37'),(18,'유저이름18','유저메일18','1234','2019-02-06 11:49:37'),(19,'유저이름19','유저메일19','1234','2019-02-06 11:49:37'),(20,'유저이름20','유저메일20','1234','2019-02-06 11:49:37'),(21,'유저이름21','유저메일21','1234','2019-02-06 11:49:37'),(22,'유저이름22','유저메일22','1234','2019-02-06 11:49:37'),(23,'유저이름23','유저메일23','1234','2019-02-06 11:49:37'),(24,'유저이름24','유저메일24','1234','2019-02-06 11:49:37'),(25,'유저이름25','유저메일25','1234','2019-02-06 11:49:37'),(26,'유저이름26','유저메일26','1234','2019-02-06 11:49:37'),(27,'유저이름27','유저메일27','1234','2019-02-06 11:49:37'),(28,'유저이름28','유저메일28','1234','2019-02-06 11:49:37'),(29,'유저이름29','유저메일29','1234','2019-02-06 11:49:37'),(30,'유저이름30','유저메일30','1234','2019-02-06 11:49:37'),(31,'유저이름31','유저메일31','1234','2019-02-06 11:49:37'),(32,'유저이름32','유저메일32','1234','2019-02-06 11:49:37'),(33,'유저이름33','유저메일33','1234','2019-02-06 11:49:37'),(34,'유저이름34','유저메일34','1234','2019-02-06 11:49:37'),(35,'유저이름35','유저메일35','1234','2019-02-06 11:49:37'),(36,'유저이름36','유저메일36','1234','2019-02-06 11:49:37'),(37,'유저이름37','유저메일37','1234','2019-02-06 11:49:37'),(38,'유저이름38','유저메일38','1234','2019-02-06 11:49:37'),(39,'유저이름39','유저메일39','1234','2019-02-06 11:49:37'),(40,'유저이름40','유저메일40','1234','2019-02-06 11:49:37'),(41,'유저이름41','유저메일41','1234','2019-02-06 11:49:37'),(42,'유저이름42','유저메일42','1234','2019-02-06 11:49:37'),(43,'유저이름43','유저메일43','1234','2019-02-06 11:49:37'),(44,'유저이름44','유저메일44','1234','2019-02-06 11:49:37'),(45,'유저이름45','유저메일45','1234','2019-02-06 11:49:37'),(46,'유저이름46','유저메일46','1234','2019-02-06 11:49:37'),(47,'유저이름47','유저메일47','1234','2019-02-06 11:49:37'),(48,'유저이름48','유저메일48','1234','2019-02-06 11:49:37'),(49,'유저이름49','유저메일49','1234','2019-02-06 11:49:37'),(50,'유저이름50','유저메일50','1234','2019-02-06 11:49:37');
/*!40000 ALTER TABLE `user` ENABLE KEYS */;
UNLOCK TABLES;

--
-- Temporary table structure for view `view_board_talk_comment`
--

DROP TABLE IF EXISTS `view_board_talk_comment`;
/*!50001 DROP VIEW IF EXISTS `view_board_talk_comment`*/;
SET @saved_cs_client     = @@character_set_client;
SET character_set_client = utf8;
/*!50001 CREATE VIEW `view_board_talk_comment` AS SELECT 
 1 AS `board_id`,
 1 AS `author`,
 1 AS `comment`,
 1 AS `write_time`*/;
SET character_set_client = @saved_cs_client;

--
-- Temporary table structure for view `view_board_talk_content`
--

DROP TABLE IF EXISTS `view_board_talk_content`;
/*!50001 DROP VIEW IF EXISTS `view_board_talk_content`*/;
SET @saved_cs_client     = @@character_set_client;
SET character_set_client = utf8;
/*!50001 CREATE VIEW `view_board_talk_content` AS SELECT 
 1 AS `id`,
 1 AS `subject`,
 1 AS `author`,
 1 AS `recommend`,
 1 AS `hit`,
 1 AS `write_time`,
 1 AS `content`*/;
SET character_set_client = @saved_cs_client;

--
-- Temporary table structure for view `view_board_talk_list`
--

DROP TABLE IF EXISTS `view_board_talk_list`;
/*!50001 DROP VIEW IF EXISTS `view_board_talk_list`*/;
SET @saved_cs_client     = @@character_set_client;
SET character_set_client = utf8;
/*!50001 CREATE VIEW `view_board_talk_list` AS SELECT 
 1 AS `id`,
 1 AS `recommend`,
 1 AS `subject`,
 1 AS `comment_count`,
 1 AS `hit`,
 1 AS `username`,
 1 AS `write_time`*/;
SET character_set_client = @saved_cs_client;

--
-- Temporary table structure for view `view_latest_review`
--

DROP TABLE IF EXISTS `view_latest_review`;
/*!50001 DROP VIEW IF EXISTS `view_latest_review`*/;
SET @saved_cs_client     = @@character_set_client;
SET character_set_client = utf8;
/*!50001 CREATE VIEW `view_latest_review` AS SELECT 
 1 AS `youtuber_id`,
 1 AS `user_id`,
 1 AS `youtuber_name`,
 1 AS `user_name`,
 1 AS `point1`,
 1 AS `point2`,
 1 AS `point3`,
 1 AS `point4`,
 1 AS `point5`,
 1 AS `detail`*/;
SET character_set_client = @saved_cs_client;

--
-- Temporary table structure for view `view_top_tag`
--

DROP TABLE IF EXISTS `view_top_tag`;
/*!50001 DROP VIEW IF EXISTS `view_top_tag`*/;
SET @saved_cs_client     = @@character_set_client;
SET character_set_client = utf8;
/*!50001 CREATE VIEW `view_top_tag` AS SELECT 
 1 AS `tag`,
 1 AS `youtuber_id`,
 1 AS `tagcount`*/;
SET character_set_client = @saved_cs_client;

--
-- Temporary table structure for view `view_youtuber_list`
--

DROP TABLE IF EXISTS `view_youtuber_list`;
/*!50001 DROP VIEW IF EXISTS `view_youtuber_list`*/;
SET @saved_cs_client     = @@character_set_client;
SET character_set_client = utf8;
/*!50001 CREATE VIEW `view_youtuber_list` AS SELECT 
 1 AS `youtuber_id`,
 1 AS `point1`,
 1 AS `point2`,
 1 AS `point3`,
 1 AS `point4`,
 1 AS `point5`,
 1 AS `tags`,
 1 AS `id`,
 1 AS `name`,
 1 AS `detail`*/;
SET character_set_client = @saved_cs_client;

--
-- Temporary table structure for view `view_youtuber_list_withtag`
--

DROP TABLE IF EXISTS `view_youtuber_list_withtag`;
/*!50001 DROP VIEW IF EXISTS `view_youtuber_list_withtag`*/;
SET @saved_cs_client     = @@character_set_client;
SET character_set_client = utf8;
/*!50001 CREATE VIEW `view_youtuber_list_withtag` AS SELECT 
 1 AS `id`,
 1 AS `point1`,
 1 AS `point2`,
 1 AS `point3`,
 1 AS `point4`,
 1 AS `point5`,
 1 AS `tags`,
 1 AS `name`,
 1 AS `detail`,
 1 AS `tag`*/;
SET character_set_client = @saved_cs_client;

--
-- Table structure for table `youtuber`
--

DROP TABLE IF EXISTS `youtuber`;
/*!40101 SET @saved_cs_client     = @@character_set_client */;
/*!40101 SET character_set_client = utf8 */;
CREATE TABLE `youtuber` (
  `id` int(11) NOT NULL AUTO_INCREMENT,
  `name` varchar(45) DEFAULT NULL,
  `detail` text,
  PRIMARY KEY (`id`)
) ENGINE=InnoDB AUTO_INCREMENT=51 DEFAULT CHARSET=utf8;
/*!40101 SET character_set_client = @saved_cs_client */;

--
-- Dumping data for table `youtuber`
--

LOCK TABLES `youtuber` WRITE;
/*!40000 ALTER TABLE `youtuber` DISABLE KEYS */;
INSERT INTO `youtuber` VALUES (1,'유투버 이름1','유투버 설명1동해물과 백두산이 마르고 닳도록 하는님이 보우하사 우리날라만세 로렘입숨 입니다. 유투브 설명이 들어가는 곳입니다.'),(2,'유투버 이름2','유투버 설명2동해물과 백두산이 마르고 닳도록 하는님이 보우하사 우리날라만세 로렘입숨 입니다. 유투브 설명이 들어가는 곳입니다.'),(3,'유투버 이름3','유투버 설명3동해물과 백두산이 마르고 닳도록 하는님이 보우하사 우리날라만세 로렘입숨 입니다. 유투브 설명이 들어가는 곳입니다.'),(4,'유투버 이름4','유투버 설명4동해물과 백두산이 마르고 닳도록 하는님이 보우하사 우리날라만세 로렘입숨 입니다. 유투브 설명이 들어가는 곳입니다.'),(5,'유투버 이름5','유투버 설명5동해물과 백두산이 마르고 닳도록 하는님이 보우하사 우리날라만세 로렘입숨 입니다. 유투브 설명이 들어가는 곳입니다.'),(6,'유투버 이름6','유투버 설명6동해물과 백두산이 마르고 닳도록 하는님이 보우하사 우리날라만세 로렘입숨 입니다. 유투브 설명이 들어가는 곳입니다.'),(7,'유투버 이름7','유투버 설명7동해물과 백두산이 마르고 닳도록 하는님이 보우하사 우리날라만세 로렘입숨 입니다. 유투브 설명이 들어가는 곳입니다.'),(8,'유투버 이름8','유투버 설명8동해물과 백두산이 마르고 닳도록 하는님이 보우하사 우리날라만세 로렘입숨 입니다. 유투브 설명이 들어가는 곳입니다.'),(9,'유투버 이름9','유투버 설명9동해물과 백두산이 마르고 닳도록 하는님이 보우하사 우리날라만세 로렘입숨 입니다. 유투브 설명이 들어가는 곳입니다.'),(10,'유투버 이름10','유투버 설명10동해물과 백두산이 마르고 닳도록 하는님이 보우하사 우리날라만세 로렘입숨 입니다. 유투브 설명이 들어가는 곳입니다.'),(11,'유투버 이름11','유투버 설명11동해물과 백두산이 마르고 닳도록 하는님이 보우하사 우리날라만세 로렘입숨 입니다. 유투브 설명이 들어가는 곳입니다.'),(12,'유투버 이름12','유투버 설명12동해물과 백두산이 마르고 닳도록 하는님이 보우하사 우리날라만세 로렘입숨 입니다. 유투브 설명이 들어가는 곳입니다.'),(13,'유투버 이름13','유투버 설명13동해물과 백두산이 마르고 닳도록 하는님이 보우하사 우리날라만세 로렘입숨 입니다. 유투브 설명이 들어가는 곳입니다.'),(14,'유투버 이름14','유투버 설명14동해물과 백두산이 마르고 닳도록 하는님이 보우하사 우리날라만세 로렘입숨 입니다. 유투브 설명이 들어가는 곳입니다.'),(15,'유투버 이름15','유투버 설명15동해물과 백두산이 마르고 닳도록 하는님이 보우하사 우리날라만세 로렘입숨 입니다. 유투브 설명이 들어가는 곳입니다.'),(16,'유투버 이름16','유투버 설명16동해물과 백두산이 마르고 닳도록 하는님이 보우하사 우리날라만세 로렘입숨 입니다. 유투브 설명이 들어가는 곳입니다.'),(17,'유투버 이름17','유투버 설명17동해물과 백두산이 마르고 닳도록 하는님이 보우하사 우리날라만세 로렘입숨 입니다. 유투브 설명이 들어가는 곳입니다.'),(18,'유투버 이름18','유투버 설명18동해물과 백두산이 마르고 닳도록 하는님이 보우하사 우리날라만세 로렘입숨 입니다. 유투브 설명이 들어가는 곳입니다.'),(19,'유투버 이름19','유투버 설명19동해물과 백두산이 마르고 닳도록 하는님이 보우하사 우리날라만세 로렘입숨 입니다. 유투브 설명이 들어가는 곳입니다.'),(20,'유투버 이름20','유투버 설명20동해물과 백두산이 마르고 닳도록 하는님이 보우하사 우리날라만세 로렘입숨 입니다. 유투브 설명이 들어가는 곳입니다.'),(21,'유투버 이름21','유투버 설명21동해물과 백두산이 마르고 닳도록 하는님이 보우하사 우리날라만세 로렘입숨 입니다. 유투브 설명이 들어가는 곳입니다.'),(22,'유투버 이름22','유투버 설명22동해물과 백두산이 마르고 닳도록 하는님이 보우하사 우리날라만세 로렘입숨 입니다. 유투브 설명이 들어가는 곳입니다.'),(23,'유투버 이름23','유투버 설명23동해물과 백두산이 마르고 닳도록 하는님이 보우하사 우리날라만세 로렘입숨 입니다. 유투브 설명이 들어가는 곳입니다.'),(24,'유투버 이름24','유투버 설명24동해물과 백두산이 마르고 닳도록 하는님이 보우하사 우리날라만세 로렘입숨 입니다. 유투브 설명이 들어가는 곳입니다.'),(25,'유투버 이름25','유투버 설명25동해물과 백두산이 마르고 닳도록 하는님이 보우하사 우리날라만세 로렘입숨 입니다. 유투브 설명이 들어가는 곳입니다.'),(26,'유투버 이름26','유투버 설명26동해물과 백두산이 마르고 닳도록 하는님이 보우하사 우리날라만세 로렘입숨 입니다. 유투브 설명이 들어가는 곳입니다.'),(27,'유투버 이름27','유투버 설명27동해물과 백두산이 마르고 닳도록 하는님이 보우하사 우리날라만세 로렘입숨 입니다. 유투브 설명이 들어가는 곳입니다.'),(28,'유투버 이름28','유투버 설명28동해물과 백두산이 마르고 닳도록 하는님이 보우하사 우리날라만세 로렘입숨 입니다. 유투브 설명이 들어가는 곳입니다.'),(29,'유투버 이름29','유투버 설명29동해물과 백두산이 마르고 닳도록 하는님이 보우하사 우리날라만세 로렘입숨 입니다. 유투브 설명이 들어가는 곳입니다.'),(30,'유투버 이름30','유투버 설명30동해물과 백두산이 마르고 닳도록 하는님이 보우하사 우리날라만세 로렘입숨 입니다. 유투브 설명이 들어가는 곳입니다.'),(31,'유투버 이름31','유투버 설명31동해물과 백두산이 마르고 닳도록 하는님이 보우하사 우리날라만세 로렘입숨 입니다. 유투브 설명이 들어가는 곳입니다.'),(32,'유투버 이름32','유투버 설명32동해물과 백두산이 마르고 닳도록 하는님이 보우하사 우리날라만세 로렘입숨 입니다. 유투브 설명이 들어가는 곳입니다.'),(33,'유투버 이름33','유투버 설명33동해물과 백두산이 마르고 닳도록 하는님이 보우하사 우리날라만세 로렘입숨 입니다. 유투브 설명이 들어가는 곳입니다.'),(34,'유투버 이름34','유투버 설명34동해물과 백두산이 마르고 닳도록 하는님이 보우하사 우리날라만세 로렘입숨 입니다. 유투브 설명이 들어가는 곳입니다.'),(35,'유투버 이름35','유투버 설명35동해물과 백두산이 마르고 닳도록 하는님이 보우하사 우리날라만세 로렘입숨 입니다. 유투브 설명이 들어가는 곳입니다.'),(36,'유투버 이름36','유투버 설명36동해물과 백두산이 마르고 닳도록 하는님이 보우하사 우리날라만세 로렘입숨 입니다. 유투브 설명이 들어가는 곳입니다.'),(37,'유투버 이름37','유투버 설명37동해물과 백두산이 마르고 닳도록 하는님이 보우하사 우리날라만세 로렘입숨 입니다. 유투브 설명이 들어가는 곳입니다.'),(38,'유투버 이름38','유투버 설명38동해물과 백두산이 마르고 닳도록 하는님이 보우하사 우리날라만세 로렘입숨 입니다. 유투브 설명이 들어가는 곳입니다.'),(39,'유투버 이름39','유투버 설명39동해물과 백두산이 마르고 닳도록 하는님이 보우하사 우리날라만세 로렘입숨 입니다. 유투브 설명이 들어가는 곳입니다.'),(40,'유투버 이름40','유투버 설명40동해물과 백두산이 마르고 닳도록 하는님이 보우하사 우리날라만세 로렘입숨 입니다. 유투브 설명이 들어가는 곳입니다.'),(41,'유투버 이름41','유투버 설명41동해물과 백두산이 마르고 닳도록 하는님이 보우하사 우리날라만세 로렘입숨 입니다. 유투브 설명이 들어가는 곳입니다.'),(42,'유투버 이름42','유투버 설명42동해물과 백두산이 마르고 닳도록 하는님이 보우하사 우리날라만세 로렘입숨 입니다. 유투브 설명이 들어가는 곳입니다.'),(43,'유투버 이름43','유투버 설명43동해물과 백두산이 마르고 닳도록 하는님이 보우하사 우리날라만세 로렘입숨 입니다. 유투브 설명이 들어가는 곳입니다.'),(44,'유투버 이름44','유투버 설명44동해물과 백두산이 마르고 닳도록 하는님이 보우하사 우리날라만세 로렘입숨 입니다. 유투브 설명이 들어가는 곳입니다.'),(45,'유투버 이름45','유투버 설명45동해물과 백두산이 마르고 닳도록 하는님이 보우하사 우리날라만세 로렘입숨 입니다. 유투브 설명이 들어가는 곳입니다.'),(46,'유투버 이름46','유투버 설명46동해물과 백두산이 마르고 닳도록 하는님이 보우하사 우리날라만세 로렘입숨 입니다. 유투브 설명이 들어가는 곳입니다.'),(47,'유투버 이름47','유투버 설명47동해물과 백두산이 마르고 닳도록 하는님이 보우하사 우리날라만세 로렘입숨 입니다. 유투브 설명이 들어가는 곳입니다.'),(48,'유투버 이름48','유투버 설명48동해물과 백두산이 마르고 닳도록 하는님이 보우하사 우리날라만세 로렘입숨 입니다. 유투브 설명이 들어가는 곳입니다.'),(49,'유투버 이름49','유투버 설명49동해물과 백두산이 마르고 닳도록 하는님이 보우하사 우리날라만세 로렘입숨 입니다. 유투브 설명이 들어가는 곳입니다.'),(50,'유투버 이름50','유투버 설명50동해물과 백두산이 마르고 닳도록 하는님이 보우하사 우리날라만세 로렘입숨 입니다. 유투브 설명이 들어가는 곳입니다.');
/*!40000 ALTER TABLE `youtuber` ENABLE KEYS */;
UNLOCK TABLES;

--
-- Table structure for table `youtuber_info`
--

DROP TABLE IF EXISTS `youtuber_info`;
/*!40101 SET @saved_cs_client     = @@character_set_client */;
/*!40101 SET character_set_client = utf8 */;
CREATE TABLE `youtuber_info` (
  `youtuber_id` int(11) NOT NULL,
  `info` varchar(150) DEFAULT NULL,
  `url` varchar(255) DEFAULT NULL,
  KEY `fk_info_youtuber_idx` (`youtuber_id`),
  CONSTRAINT `fk_info_youtuber` FOREIGN KEY (`youtuber_id`) REFERENCES `youtuber` (`id`) ON DELETE NO ACTION ON UPDATE NO ACTION
) ENGINE=InnoDB DEFAULT CHARSET=utf8;
/*!40101 SET character_set_client = @saved_cs_client */;

--
-- Dumping data for table `youtuber_info`
--

LOCK TABLES `youtuber_info` WRITE;
/*!40000 ALTER TABLE `youtuber_info` DISABLE KEYS */;
INSERT INTO `youtuber_info` VALUES (30,'1정보 입니다~~ 로렘 입숨!!','http://www.anver.com'),(39,'2정보 입니다~~ 로렘 입숨!!','http://www.anver.com'),(5,'3정보 입니다~~ 로렘 입숨!!','http://www.anver.com'),(7,'4정보 입니다~~ 로렘 입숨!!','http://www.anver.com'),(19,'5정보 입니다~~ 로렘 입숨!!','http://www.anver.com'),(22,'6정보 입니다~~ 로렘 입숨!!','http://www.anver.com'),(4,'7정보 입니다~~ 로렘 입숨!!','http://www.anver.com'),(4,'8정보 입니다~~ 로렘 입숨!!','http://www.anver.com'),(8,'9정보 입니다~~ 로렘 입숨!!','http://www.anver.com'),(25,'10정보 입니다~~ 로렘 입숨!!','http://www.anver.com'),(1,'11정보 입니다~~ 로렘 입숨!!','http://www.anver.com'),(31,'12정보 입니다~~ 로렘 입숨!!','http://www.anver.com'),(49,'13정보 입니다~~ 로렘 입숨!!','http://www.anver.com'),(4,'14정보 입니다~~ 로렘 입숨!!','http://www.anver.com'),(22,'15정보 입니다~~ 로렘 입숨!!','http://www.anver.com'),(46,'16정보 입니다~~ 로렘 입숨!!','http://www.anver.com'),(14,'17정보 입니다~~ 로렘 입숨!!','http://www.anver.com'),(31,'18정보 입니다~~ 로렘 입숨!!','http://www.anver.com'),(11,'19정보 입니다~~ 로렘 입숨!!','http://www.anver.com'),(14,'20정보 입니다~~ 로렘 입숨!!','http://www.anver.com'),(38,'21정보 입니다~~ 로렘 입숨!!','http://www.anver.com'),(44,'22정보 입니다~~ 로렘 입숨!!','http://www.anver.com'),(7,'23정보 입니다~~ 로렘 입숨!!','http://www.anver.com'),(4,'24정보 입니다~~ 로렘 입숨!!','http://www.anver.com'),(46,'25정보 입니다~~ 로렘 입숨!!','http://www.anver.com'),(17,'26정보 입니다~~ 로렘 입숨!!','http://www.anver.com'),(49,'27정보 입니다~~ 로렘 입숨!!','http://www.anver.com'),(42,'28정보 입니다~~ 로렘 입숨!!','http://www.anver.com'),(13,'29정보 입니다~~ 로렘 입숨!!','http://www.anver.com'),(39,'30정보 입니다~~ 로렘 입숨!!','http://www.anver.com'),(3,'31정보 입니다~~ 로렘 입숨!!','http://www.anver.com'),(49,'32정보 입니다~~ 로렘 입숨!!','http://www.anver.com'),(35,'33정보 입니다~~ 로렘 입숨!!','http://www.anver.com'),(26,'34정보 입니다~~ 로렘 입숨!!','http://www.anver.com'),(27,'35정보 입니다~~ 로렘 입숨!!','http://www.anver.com'),(5,'36정보 입니다~~ 로렘 입숨!!','http://www.anver.com'),(44,'37정보 입니다~~ 로렘 입숨!!','http://www.anver.com'),(6,'38정보 입니다~~ 로렘 입숨!!','http://www.anver.com'),(46,'39정보 입니다~~ 로렘 입숨!!','http://www.anver.com'),(12,'40정보 입니다~~ 로렘 입숨!!','http://www.anver.com'),(23,'41정보 입니다~~ 로렘 입숨!!','http://www.anver.com'),(27,'42정보 입니다~~ 로렘 입숨!!','http://www.anver.com'),(15,'43정보 입니다~~ 로렘 입숨!!','http://www.anver.com'),(43,'44정보 입니다~~ 로렘 입숨!!','http://www.anver.com'),(22,'45정보 입니다~~ 로렘 입숨!!','http://www.anver.com'),(28,'46정보 입니다~~ 로렘 입숨!!','http://www.anver.com'),(26,'47정보 입니다~~ 로렘 입숨!!','http://www.anver.com'),(45,'48정보 입니다~~ 로렘 입숨!!','http://www.anver.com'),(46,'49정보 입니다~~ 로렘 입숨!!','http://www.anver.com'),(45,'50정보 입니다~~ 로렘 입숨!!','http://www.anver.com'),(37,'51정보 입니다~~ 로렘 입숨!!','http://www.anver.com'),(50,'52정보 입니다~~ 로렘 입숨!!','http://www.anver.com'),(39,'53정보 입니다~~ 로렘 입숨!!','http://www.anver.com'),(42,'54정보 입니다~~ 로렘 입숨!!','http://www.anver.com'),(42,'55정보 입니다~~ 로렘 입숨!!','http://www.anver.com'),(34,'56정보 입니다~~ 로렘 입숨!!','http://www.anver.com'),(44,'57정보 입니다~~ 로렘 입숨!!','http://www.anver.com'),(19,'58정보 입니다~~ 로렘 입숨!!','http://www.anver.com'),(11,'59정보 입니다~~ 로렘 입숨!!','http://www.anver.com'),(48,'60정보 입니다~~ 로렘 입숨!!','http://www.anver.com'),(8,'61정보 입니다~~ 로렘 입숨!!','http://www.anver.com'),(45,'62정보 입니다~~ 로렘 입숨!!','http://www.anver.com'),(1,'63정보 입니다~~ 로렘 입숨!!','http://www.anver.com'),(21,'64정보 입니다~~ 로렘 입숨!!','http://www.anver.com'),(50,'65정보 입니다~~ 로렘 입숨!!','http://www.anver.com'),(36,'66정보 입니다~~ 로렘 입숨!!','http://www.anver.com'),(31,'67정보 입니다~~ 로렘 입숨!!','http://www.anver.com'),(44,'68정보 입니다~~ 로렘 입숨!!','http://www.anver.com'),(30,'69정보 입니다~~ 로렘 입숨!!','http://www.anver.com'),(14,'70정보 입니다~~ 로렘 입숨!!','http://www.anver.com'),(30,'71정보 입니다~~ 로렘 입숨!!','http://www.anver.com'),(10,'72정보 입니다~~ 로렘 입숨!!','http://www.anver.com'),(7,'73정보 입니다~~ 로렘 입숨!!','http://www.anver.com'),(4,'74정보 입니다~~ 로렘 입숨!!','http://www.anver.com'),(47,'75정보 입니다~~ 로렘 입숨!!','http://www.anver.com'),(26,'76정보 입니다~~ 로렘 입숨!!','http://www.anver.com'),(38,'77정보 입니다~~ 로렘 입숨!!','http://www.anver.com'),(10,'78정보 입니다~~ 로렘 입숨!!','http://www.anver.com'),(36,'79정보 입니다~~ 로렘 입숨!!','http://www.anver.com'),(48,'80정보 입니다~~ 로렘 입숨!!','http://www.anver.com'),(34,'81정보 입니다~~ 로렘 입숨!!','http://www.anver.com'),(26,'82정보 입니다~~ 로렘 입숨!!','http://www.anver.com'),(28,'83정보 입니다~~ 로렘 입숨!!','http://www.anver.com'),(10,'84정보 입니다~~ 로렘 입숨!!','http://www.anver.com'),(18,'85정보 입니다~~ 로렘 입숨!!','http://www.anver.com'),(7,'86정보 입니다~~ 로렘 입숨!!','http://www.anver.com'),(30,'87정보 입니다~~ 로렘 입숨!!','http://www.anver.com'),(28,'88정보 입니다~~ 로렘 입숨!!','http://www.anver.com'),(49,'89정보 입니다~~ 로렘 입숨!!','http://www.anver.com'),(13,'90정보 입니다~~ 로렘 입숨!!','http://www.anver.com'),(16,'91정보 입니다~~ 로렘 입숨!!','http://www.anver.com'),(39,'92정보 입니다~~ 로렘 입숨!!','http://www.anver.com'),(49,'93정보 입니다~~ 로렘 입숨!!','http://www.anver.com'),(25,'94정보 입니다~~ 로렘 입숨!!','http://www.anver.com'),(27,'95정보 입니다~~ 로렘 입숨!!','http://www.anver.com'),(12,'96정보 입니다~~ 로렘 입숨!!','http://www.anver.com'),(28,'97정보 입니다~~ 로렘 입숨!!','http://www.anver.com'),(2,'98정보 입니다~~ 로렘 입숨!!','http://www.anver.com'),(28,'99정보 입니다~~ 로렘 입숨!!','http://www.anver.com'),(31,'100정보 입니다~~ 로렘 입숨!!','http://www.anver.com'),(22,'101정보 입니다~~ 로렘 입숨!!','http://www.anver.com'),(17,'102정보 입니다~~ 로렘 입숨!!','http://www.anver.com'),(19,'103정보 입니다~~ 로렘 입숨!!','http://www.anver.com'),(43,'104정보 입니다~~ 로렘 입숨!!','http://www.anver.com'),(5,'105정보 입니다~~ 로렘 입숨!!','http://www.anver.com'),(49,'106정보 입니다~~ 로렘 입숨!!','http://www.anver.com'),(26,'107정보 입니다~~ 로렘 입숨!!','http://www.anver.com'),(36,'108정보 입니다~~ 로렘 입숨!!','http://www.anver.com'),(49,'109정보 입니다~~ 로렘 입숨!!','http://www.anver.com'),(37,'110정보 입니다~~ 로렘 입숨!!','http://www.anver.com'),(39,'111정보 입니다~~ 로렘 입숨!!','http://www.anver.com'),(33,'112정보 입니다~~ 로렘 입숨!!','http://www.anver.com'),(46,'113정보 입니다~~ 로렘 입숨!!','http://www.anver.com'),(32,'114정보 입니다~~ 로렘 입숨!!','http://www.anver.com'),(23,'115정보 입니다~~ 로렘 입숨!!','http://www.anver.com'),(16,'116정보 입니다~~ 로렘 입숨!!','http://www.anver.com'),(11,'117정보 입니다~~ 로렘 입숨!!','http://www.anver.com'),(6,'118정보 입니다~~ 로렘 입숨!!','http://www.anver.com'),(48,'119정보 입니다~~ 로렘 입숨!!','http://www.anver.com'),(20,'120정보 입니다~~ 로렘 입숨!!','http://www.anver.com'),(5,'121정보 입니다~~ 로렘 입숨!!','http://www.anver.com'),(16,'122정보 입니다~~ 로렘 입숨!!','http://www.anver.com'),(15,'123정보 입니다~~ 로렘 입숨!!','http://www.anver.com'),(25,'124정보 입니다~~ 로렘 입숨!!','http://www.anver.com'),(29,'125정보 입니다~~ 로렘 입숨!!','http://www.anver.com'),(19,'126정보 입니다~~ 로렘 입숨!!','http://www.anver.com'),(6,'127정보 입니다~~ 로렘 입숨!!','http://www.anver.com'),(25,'128정보 입니다~~ 로렘 입숨!!','http://www.anver.com'),(6,'129정보 입니다~~ 로렘 입숨!!','http://www.anver.com'),(5,'130정보 입니다~~ 로렘 입숨!!','http://www.anver.com'),(7,'131정보 입니다~~ 로렘 입숨!!','http://www.anver.com'),(19,'132정보 입니다~~ 로렘 입숨!!','http://www.anver.com'),(22,'133정보 입니다~~ 로렘 입숨!!','http://www.anver.com'),(3,'134정보 입니다~~ 로렘 입숨!!','http://www.anver.com'),(49,'135정보 입니다~~ 로렘 입숨!!','http://www.anver.com'),(37,'136정보 입니다~~ 로렘 입숨!!','http://www.anver.com'),(35,'137정보 입니다~~ 로렘 입숨!!','http://www.anver.com'),(14,'138정보 입니다~~ 로렘 입숨!!','http://www.anver.com'),(16,'139정보 입니다~~ 로렘 입숨!!','http://www.anver.com'),(37,'140정보 입니다~~ 로렘 입숨!!','http://www.anver.com'),(38,'141정보 입니다~~ 로렘 입숨!!','http://www.anver.com'),(26,'142정보 입니다~~ 로렘 입숨!!','http://www.anver.com'),(17,'143정보 입니다~~ 로렘 입숨!!','http://www.anver.com'),(6,'144정보 입니다~~ 로렘 입숨!!','http://www.anver.com'),(26,'145정보 입니다~~ 로렘 입숨!!','http://www.anver.com'),(15,'146정보 입니다~~ 로렘 입숨!!','http://www.anver.com'),(46,'147정보 입니다~~ 로렘 입숨!!','http://www.anver.com'),(33,'148정보 입니다~~ 로렘 입숨!!','http://www.anver.com'),(26,'149정보 입니다~~ 로렘 입숨!!','http://www.anver.com'),(33,'150정보 입니다~~ 로렘 입숨!!','http://www.anver.com'),(35,'151정보 입니다~~ 로렘 입숨!!','http://www.anver.com'),(24,'152정보 입니다~~ 로렘 입숨!!','http://www.anver.com'),(16,'153정보 입니다~~ 로렘 입숨!!','http://www.anver.com'),(7,'154정보 입니다~~ 로렘 입숨!!','http://www.anver.com'),(36,'155정보 입니다~~ 로렘 입숨!!','http://www.anver.com'),(11,'156정보 입니다~~ 로렘 입숨!!','http://www.anver.com'),(43,'157정보 입니다~~ 로렘 입숨!!','http://www.anver.com'),(33,'158정보 입니다~~ 로렘 입숨!!','http://www.anver.com'),(35,'159정보 입니다~~ 로렘 입숨!!','http://www.anver.com'),(24,'160정보 입니다~~ 로렘 입숨!!','http://www.anver.com'),(15,'161정보 입니다~~ 로렘 입숨!!','http://www.anver.com'),(2,'162정보 입니다~~ 로렘 입숨!!','http://www.anver.com'),(14,'163정보 입니다~~ 로렘 입숨!!','http://www.anver.com'),(13,'164정보 입니다~~ 로렘 입숨!!','http://www.anver.com'),(24,'165정보 입니다~~ 로렘 입숨!!','http://www.anver.com'),(31,'166정보 입니다~~ 로렘 입숨!!','http://www.anver.com'),(32,'167정보 입니다~~ 로렘 입숨!!','http://www.anver.com'),(15,'168정보 입니다~~ 로렘 입숨!!','http://www.anver.com'),(28,'169정보 입니다~~ 로렘 입숨!!','http://www.anver.com'),(45,'170정보 입니다~~ 로렘 입숨!!','http://www.anver.com'),(39,'171정보 입니다~~ 로렘 입숨!!','http://www.anver.com'),(13,'172정보 입니다~~ 로렘 입숨!!','http://www.anver.com'),(45,'173정보 입니다~~ 로렘 입숨!!','http://www.anver.com'),(36,'174정보 입니다~~ 로렘 입숨!!','http://www.anver.com'),(44,'175정보 입니다~~ 로렘 입숨!!','http://www.anver.com'),(11,'176정보 입니다~~ 로렘 입숨!!','http://www.anver.com'),(23,'177정보 입니다~~ 로렘 입숨!!','http://www.anver.com'),(32,'178정보 입니다~~ 로렘 입숨!!','http://www.anver.com'),(38,'179정보 입니다~~ 로렘 입숨!!','http://www.anver.com'),(46,'180정보 입니다~~ 로렘 입숨!!','http://www.anver.com'),(16,'181정보 입니다~~ 로렘 입숨!!','http://www.anver.com'),(39,'182정보 입니다~~ 로렘 입숨!!','http://www.anver.com'),(46,'183정보 입니다~~ 로렘 입숨!!','http://www.anver.com'),(14,'184정보 입니다~~ 로렘 입숨!!','http://www.anver.com'),(30,'185정보 입니다~~ 로렘 입숨!!','http://www.anver.com'),(10,'186정보 입니다~~ 로렘 입숨!!','http://www.anver.com'),(7,'187정보 입니다~~ 로렘 입숨!!','http://www.anver.com'),(5,'188정보 입니다~~ 로렘 입숨!!','http://www.anver.com'),(5,'189정보 입니다~~ 로렘 입숨!!','http://www.anver.com'),(8,'190정보 입니다~~ 로렘 입숨!!','http://www.anver.com'),(26,'191정보 입니다~~ 로렘 입숨!!','http://www.anver.com'),(4,'192정보 입니다~~ 로렘 입숨!!','http://www.anver.com'),(42,'193정보 입니다~~ 로렘 입숨!!','http://www.anver.com'),(48,'194정보 입니다~~ 로렘 입숨!!','http://www.anver.com'),(15,'195정보 입니다~~ 로렘 입숨!!','http://www.anver.com'),(28,'196정보 입니다~~ 로렘 입숨!!','http://www.anver.com'),(44,'197정보 입니다~~ 로렘 입숨!!','http://www.anver.com'),(37,'198정보 입니다~~ 로렘 입숨!!','http://www.anver.com'),(1,'199정보 입니다~~ 로렘 입숨!!','http://www.anver.com'),(46,'200정보 입니다~~ 로렘 입숨!!','http://www.anver.com');
/*!40000 ALTER TABLE `youtuber_info` ENABLE KEYS */;
UNLOCK TABLES;

--
-- Table structure for table `youtuber_review`
--

DROP TABLE IF EXISTS `youtuber_review`;
/*!40101 SET @saved_cs_client     = @@character_set_client */;
/*!40101 SET character_set_client = utf8 */;
CREATE TABLE `youtuber_review` (
  `youtuber_id` int(11) NOT NULL,
  `user_id` int(11) NOT NULL,
  `point1` int(11) DEFAULT NULL,
  `point2` int(11) DEFAULT NULL,
  `point3` int(11) DEFAULT NULL,
  `point4` int(11) DEFAULT NULL,
  `point5` int(11) DEFAULT NULL,
  `detail` varchar(200) DEFAULT NULL,
  `review_time` timestamp NULL DEFAULT NULL,
  KEY `fk_youtuber_review_youtuber1_idx` (`youtuber_id`),
  KEY `fk_youtuber_review_user1_idx` (`user_id`),
  CONSTRAINT `fk_youtuber_review_user1` FOREIGN KEY (`user_id`) REFERENCES `user` (`id`) ON DELETE NO ACTION ON UPDATE NO ACTION,
  CONSTRAINT `fk_youtuber_review_youtuber1` FOREIGN KEY (`youtuber_id`) REFERENCES `youtuber` (`id`) ON DELETE NO ACTION ON UPDATE NO ACTION
) ENGINE=InnoDB DEFAULT CHARSET=utf8;
/*!40101 SET character_set_client = @saved_cs_client */;

--
-- Dumping data for table `youtuber_review`
--

LOCK TABLES `youtuber_review` WRITE;
/*!40000 ALTER TABLE `youtuber_review` DISABLE KEYS */;
INSERT INTO `youtuber_review` VALUES (46,21,65,64,74,81,81,'1꽃이 보이는 그들을 가는 꽃 방황하여도, 뿐이다. 트고, 반짝이는 위하여, 봄바람이다. 석가는 이는 별과 인류의 군영과 얼음에 약동하다.','2019-02-06 11:49:37'),(14,25,82,84,74,71,82,'2꽃이 보이는 그들을 가는 꽃 방황하여도, 뿐이다. 트고, 반짝이는 위하여, 봄바람이다. 석가는 이는 별과 인류의 군영과 얼음에 약동하다.','2019-02-06 11:49:37'),(46,32,71,62,99,56,86,'3꽃이 보이는 그들을 가는 꽃 방황하여도, 뿐이다. 트고, 반짝이는 위하여, 봄바람이다. 석가는 이는 별과 인류의 군영과 얼음에 약동하다.','2019-02-06 11:49:37'),(8,33,89,97,68,50,96,'4꽃이 보이는 그들을 가는 꽃 방황하여도, 뿐이다. 트고, 반짝이는 위하여, 봄바람이다. 석가는 이는 별과 인류의 군영과 얼음에 약동하다.','2019-02-06 11:49:37'),(29,7,98,68,96,76,94,'5꽃이 보이는 그들을 가는 꽃 방황하여도, 뿐이다. 트고, 반짝이는 위하여, 봄바람이다. 석가는 이는 별과 인류의 군영과 얼음에 약동하다.','2019-02-06 11:49:37'),(41,19,74,65,54,75,60,'6꽃이 보이는 그들을 가는 꽃 방황하여도, 뿐이다. 트고, 반짝이는 위하여, 봄바람이다. 석가는 이는 별과 인류의 군영과 얼음에 약동하다.','2019-02-06 11:49:37'),(29,12,73,80,79,57,99,'7꽃이 보이는 그들을 가는 꽃 방황하여도, 뿐이다. 트고, 반짝이는 위하여, 봄바람이다. 석가는 이는 별과 인류의 군영과 얼음에 약동하다.','2019-02-06 11:49:37'),(20,5,62,99,54,76,69,'8꽃이 보이는 그들을 가는 꽃 방황하여도, 뿐이다. 트고, 반짝이는 위하여, 봄바람이다. 석가는 이는 별과 인류의 군영과 얼음에 약동하다.','2019-02-06 11:49:37'),(16,23,63,98,51,62,56,'9꽃이 보이는 그들을 가는 꽃 방황하여도, 뿐이다. 트고, 반짝이는 위하여, 봄바람이다. 석가는 이는 별과 인류의 군영과 얼음에 약동하다.','2019-02-06 11:49:37'),(45,5,88,75,62,88,51,'10꽃이 보이는 그들을 가는 꽃 방황하여도, 뿐이다. 트고, 반짝이는 위하여, 봄바람이다. 석가는 이는 별과 인류의 군영과 얼음에 약동하다.','2019-02-06 11:49:37'),(46,24,81,84,74,70,79,'11꽃이 보이는 그들을 가는 꽃 방황하여도, 뿐이다. 트고, 반짝이는 위하여, 봄바람이다. 석가는 이는 별과 인류의 군영과 얼음에 약동하다.','2019-02-06 11:49:37'),(35,36,74,62,89,55,64,'12꽃이 보이는 그들을 가는 꽃 방황하여도, 뿐이다. 트고, 반짝이는 위하여, 봄바람이다. 석가는 이는 별과 인류의 군영과 얼음에 약동하다.','2019-02-06 11:49:37'),(5,28,76,97,55,87,68,'13꽃이 보이는 그들을 가는 꽃 방황하여도, 뿐이다. 트고, 반짝이는 위하여, 봄바람이다. 석가는 이는 별과 인류의 군영과 얼음에 약동하다.','2019-02-06 11:49:37'),(29,40,61,89,59,80,71,'14꽃이 보이는 그들을 가는 꽃 방황하여도, 뿐이다. 트고, 반짝이는 위하여, 봄바람이다. 석가는 이는 별과 인류의 군영과 얼음에 약동하다.','2019-02-06 11:49:37'),(17,18,90,94,50,73,61,'15꽃이 보이는 그들을 가는 꽃 방황하여도, 뿐이다. 트고, 반짝이는 위하여, 봄바람이다. 석가는 이는 별과 인류의 군영과 얼음에 약동하다.','2019-02-06 11:49:37'),(41,16,58,95,96,97,95,'16꽃이 보이는 그들을 가는 꽃 방황하여도, 뿐이다. 트고, 반짝이는 위하여, 봄바람이다. 석가는 이는 별과 인류의 군영과 얼음에 약동하다.','2019-02-06 11:49:37'),(36,44,61,75,94,90,69,'17꽃이 보이는 그들을 가는 꽃 방황하여도, 뿐이다. 트고, 반짝이는 위하여, 봄바람이다. 석가는 이는 별과 인류의 군영과 얼음에 약동하다.','2019-02-06 11:49:37'),(21,7,70,79,84,86,74,'19꽃이 보이는 그들을 가는 꽃 방황하여도, 뿐이다. 트고, 반짝이는 위하여, 봄바람이다. 석가는 이는 별과 인류의 군영과 얼음에 약동하다.','2019-02-06 11:49:37'),(15,50,52,67,77,84,88,'20꽃이 보이는 그들을 가는 꽃 방황하여도, 뿐이다. 트고, 반짝이는 위하여, 봄바람이다. 석가는 이는 별과 인류의 군영과 얼음에 약동하다.','2019-02-06 11:49:37'),(40,33,95,75,91,79,73,'21꽃이 보이는 그들을 가는 꽃 방황하여도, 뿐이다. 트고, 반짝이는 위하여, 봄바람이다. 석가는 이는 별과 인류의 군영과 얼음에 약동하다.','2019-02-06 11:49:37'),(28,18,55,76,61,79,62,'22꽃이 보이는 그들을 가는 꽃 방황하여도, 뿐이다. 트고, 반짝이는 위하여, 봄바람이다. 석가는 이는 별과 인류의 군영과 얼음에 약동하다.','2019-02-06 11:49:37'),(24,33,91,56,61,85,92,'23꽃이 보이는 그들을 가는 꽃 방황하여도, 뿐이다. 트고, 반짝이는 위하여, 봄바람이다. 석가는 이는 별과 인류의 군영과 얼음에 약동하다.','2019-02-06 11:49:37'),(3,40,87,68,81,99,100,'24꽃이 보이는 그들을 가는 꽃 방황하여도, 뿐이다. 트고, 반짝이는 위하여, 봄바람이다. 석가는 이는 별과 인류의 군영과 얼음에 약동하다.','2019-02-06 11:49:37'),(2,8,87,57,80,77,95,'25꽃이 보이는 그들을 가는 꽃 방황하여도, 뿐이다. 트고, 반짝이는 위하여, 봄바람이다. 석가는 이는 별과 인류의 군영과 얼음에 약동하다.','2019-02-06 11:49:37'),(42,24,92,90,75,54,96,'26꽃이 보이는 그들을 가는 꽃 방황하여도, 뿐이다. 트고, 반짝이는 위하여, 봄바람이다. 석가는 이는 별과 인류의 군영과 얼음에 약동하다.','2019-02-06 11:49:37'),(16,41,56,58,76,51,82,'27꽃이 보이는 그들을 가는 꽃 방황하여도, 뿐이다. 트고, 반짝이는 위하여, 봄바람이다. 석가는 이는 별과 인류의 군영과 얼음에 약동하다.','2019-02-06 11:49:37'),(4,24,56,62,93,74,94,'28꽃이 보이는 그들을 가는 꽃 방황하여도, 뿐이다. 트고, 반짝이는 위하여, 봄바람이다. 석가는 이는 별과 인류의 군영과 얼음에 약동하다.','2019-02-06 11:49:37'),(47,2,66,76,81,78,95,'29꽃이 보이는 그들을 가는 꽃 방황하여도, 뿐이다. 트고, 반짝이는 위하여, 봄바람이다. 석가는 이는 별과 인류의 군영과 얼음에 약동하다.','2019-02-06 11:49:37'),(42,23,87,69,83,55,82,'30꽃이 보이는 그들을 가는 꽃 방황하여도, 뿐이다. 트고, 반짝이는 위하여, 봄바람이다. 석가는 이는 별과 인류의 군영과 얼음에 약동하다.','2019-02-06 11:49:37'),(40,5,55,60,87,53,55,'31꽃이 보이는 그들을 가는 꽃 방황하여도, 뿐이다. 트고, 반짝이는 위하여, 봄바람이다. 석가는 이는 별과 인류의 군영과 얼음에 약동하다.','2019-02-06 11:49:37'),(16,12,63,79,55,91,86,'32꽃이 보이는 그들을 가는 꽃 방황하여도, 뿐이다. 트고, 반짝이는 위하여, 봄바람이다. 석가는 이는 별과 인류의 군영과 얼음에 약동하다.','2019-02-06 11:49:37'),(9,35,97,81,64,80,57,'33꽃이 보이는 그들을 가는 꽃 방황하여도, 뿐이다. 트고, 반짝이는 위하여, 봄바람이다. 석가는 이는 별과 인류의 군영과 얼음에 약동하다.','2019-02-06 11:49:37'),(45,3,79,89,53,52,50,'34꽃이 보이는 그들을 가는 꽃 방황하여도, 뿐이다. 트고, 반짝이는 위하여, 봄바람이다. 석가는 이는 별과 인류의 군영과 얼음에 약동하다.','2019-02-06 11:49:37'),(48,34,74,73,92,90,73,'35꽃이 보이는 그들을 가는 꽃 방황하여도, 뿐이다. 트고, 반짝이는 위하여, 봄바람이다. 석가는 이는 별과 인류의 군영과 얼음에 약동하다.','2019-02-06 11:49:37'),(46,9,57,62,89,55,62,'36꽃이 보이는 그들을 가는 꽃 방황하여도, 뿐이다. 트고, 반짝이는 위하여, 봄바람이다. 석가는 이는 별과 인류의 군영과 얼음에 약동하다.','2019-02-06 11:49:37'),(46,39,57,72,88,71,95,'37꽃이 보이는 그들을 가는 꽃 방황하여도, 뿐이다. 트고, 반짝이는 위하여, 봄바람이다. 석가는 이는 별과 인류의 군영과 얼음에 약동하다.','2019-02-06 11:49:37'),(10,15,94,72,83,96,82,'38꽃이 보이는 그들을 가는 꽃 방황하여도, 뿐이다. 트고, 반짝이는 위하여, 봄바람이다. 석가는 이는 별과 인류의 군영과 얼음에 약동하다.','2019-02-06 11:49:37'),(23,17,65,78,94,83,84,'39꽃이 보이는 그들을 가는 꽃 방황하여도, 뿐이다. 트고, 반짝이는 위하여, 봄바람이다. 석가는 이는 별과 인류의 군영과 얼음에 약동하다.','2019-02-06 11:49:37'),(23,9,75,51,81,51,63,'40꽃이 보이는 그들을 가는 꽃 방황하여도, 뿐이다. 트고, 반짝이는 위하여, 봄바람이다. 석가는 이는 별과 인류의 군영과 얼음에 약동하다.','2019-02-06 11:49:37'),(12,20,63,58,51,82,55,'41꽃이 보이는 그들을 가는 꽃 방황하여도, 뿐이다. 트고, 반짝이는 위하여, 봄바람이다. 석가는 이는 별과 인류의 군영과 얼음에 약동하다.','2019-02-06 11:49:37'),(32,41,59,76,50,75,74,'42꽃이 보이는 그들을 가는 꽃 방황하여도, 뿐이다. 트고, 반짝이는 위하여, 봄바람이다. 석가는 이는 별과 인류의 군영과 얼음에 약동하다.','2019-02-06 11:49:37'),(45,49,60,56,99,77,88,'43꽃이 보이는 그들을 가는 꽃 방황하여도, 뿐이다. 트고, 반짝이는 위하여, 봄바람이다. 석가는 이는 별과 인류의 군영과 얼음에 약동하다.','2019-02-06 11:49:37'),(7,19,75,68,66,78,91,'44꽃이 보이는 그들을 가는 꽃 방황하여도, 뿐이다. 트고, 반짝이는 위하여, 봄바람이다. 석가는 이는 별과 인류의 군영과 얼음에 약동하다.','2019-02-06 11:49:37'),(18,17,82,57,90,79,77,'45꽃이 보이는 그들을 가는 꽃 방황하여도, 뿐이다. 트고, 반짝이는 위하여, 봄바람이다. 석가는 이는 별과 인류의 군영과 얼음에 약동하다.','2019-02-06 11:49:37'),(47,4,75,66,57,85,54,'46꽃이 보이는 그들을 가는 꽃 방황하여도, 뿐이다. 트고, 반짝이는 위하여, 봄바람이다. 석가는 이는 별과 인류의 군영과 얼음에 약동하다.','2019-02-06 11:49:37'),(18,24,66,58,95,99,59,'47꽃이 보이는 그들을 가는 꽃 방황하여도, 뿐이다. 트고, 반짝이는 위하여, 봄바람이다. 석가는 이는 별과 인류의 군영과 얼음에 약동하다.','2019-02-06 11:49:37'),(50,21,54,59,85,96,73,'48꽃이 보이는 그들을 가는 꽃 방황하여도, 뿐이다. 트고, 반짝이는 위하여, 봄바람이다. 석가는 이는 별과 인류의 군영과 얼음에 약동하다.','2019-02-06 11:49:37'),(27,16,99,95,78,55,92,'49꽃이 보이는 그들을 가는 꽃 방황하여도, 뿐이다. 트고, 반짝이는 위하여, 봄바람이다. 석가는 이는 별과 인류의 군영과 얼음에 약동하다.','2019-02-06 11:49:37'),(45,47,100,58,93,88,62,'50꽃이 보이는 그들을 가는 꽃 방황하여도, 뿐이다. 트고, 반짝이는 위하여, 봄바람이다. 석가는 이는 별과 인류의 군영과 얼음에 약동하다.','2019-02-06 11:49:37'),(49,3,70,94,54,95,57,'51꽃이 보이는 그들을 가는 꽃 방황하여도, 뿐이다. 트고, 반짝이는 위하여, 봄바람이다. 석가는 이는 별과 인류의 군영과 얼음에 약동하다.','2019-02-06 11:49:37'),(3,42,50,75,77,59,66,'52꽃이 보이는 그들을 가는 꽃 방황하여도, 뿐이다. 트고, 반짝이는 위하여, 봄바람이다. 석가는 이는 별과 인류의 군영과 얼음에 약동하다.','2019-02-06 11:49:37'),(2,11,96,96,95,84,87,'53꽃이 보이는 그들을 가는 꽃 방황하여도, 뿐이다. 트고, 반짝이는 위하여, 봄바람이다. 석가는 이는 별과 인류의 군영과 얼음에 약동하다.','2019-02-06 11:49:37'),(32,48,92,68,65,70,55,'54꽃이 보이는 그들을 가는 꽃 방황하여도, 뿐이다. 트고, 반짝이는 위하여, 봄바람이다. 석가는 이는 별과 인류의 군영과 얼음에 약동하다.','2019-02-06 11:49:37'),(16,11,58,60,76,99,65,'55꽃이 보이는 그들을 가는 꽃 방황하여도, 뿐이다. 트고, 반짝이는 위하여, 봄바람이다. 석가는 이는 별과 인류의 군영과 얼음에 약동하다.','2019-02-06 11:49:37'),(29,49,56,88,70,87,75,'56꽃이 보이는 그들을 가는 꽃 방황하여도, 뿐이다. 트고, 반짝이는 위하여, 봄바람이다. 석가는 이는 별과 인류의 군영과 얼음에 약동하다.','2019-02-06 11:49:37'),(13,37,98,78,99,58,94,'57꽃이 보이는 그들을 가는 꽃 방황하여도, 뿐이다. 트고, 반짝이는 위하여, 봄바람이다. 석가는 이는 별과 인류의 군영과 얼음에 약동하다.','2019-02-06 11:49:37'),(45,42,75,100,71,57,72,'58꽃이 보이는 그들을 가는 꽃 방황하여도, 뿐이다. 트고, 반짝이는 위하여, 봄바람이다. 석가는 이는 별과 인류의 군영과 얼음에 약동하다.','2019-02-06 11:49:37'),(39,30,79,57,100,74,71,'59꽃이 보이는 그들을 가는 꽃 방황하여도, 뿐이다. 트고, 반짝이는 위하여, 봄바람이다. 석가는 이는 별과 인류의 군영과 얼음에 약동하다.','2019-02-06 11:49:37'),(35,11,97,52,71,100,83,'60꽃이 보이는 그들을 가는 꽃 방황하여도, 뿐이다. 트고, 반짝이는 위하여, 봄바람이다. 석가는 이는 별과 인류의 군영과 얼음에 약동하다.','2019-02-06 11:49:37'),(16,32,59,53,90,85,58,'61꽃이 보이는 그들을 가는 꽃 방황하여도, 뿐이다. 트고, 반짝이는 위하여, 봄바람이다. 석가는 이는 별과 인류의 군영과 얼음에 약동하다.','2019-02-06 11:49:37'),(38,13,99,56,86,58,84,'62꽃이 보이는 그들을 가는 꽃 방황하여도, 뿐이다. 트고, 반짝이는 위하여, 봄바람이다. 석가는 이는 별과 인류의 군영과 얼음에 약동하다.','2019-02-06 11:49:37'),(46,28,50,71,54,59,81,'63꽃이 보이는 그들을 가는 꽃 방황하여도, 뿐이다. 트고, 반짝이는 위하여, 봄바람이다. 석가는 이는 별과 인류의 군영과 얼음에 약동하다.','2019-02-06 11:49:37'),(27,39,64,56,90,80,80,'64꽃이 보이는 그들을 가는 꽃 방황하여도, 뿐이다. 트고, 반짝이는 위하여, 봄바람이다. 석가는 이는 별과 인류의 군영과 얼음에 약동하다.','2019-02-06 11:49:37'),(32,35,77,82,78,97,98,'66꽃이 보이는 그들을 가는 꽃 방황하여도, 뿐이다. 트고, 반짝이는 위하여, 봄바람이다. 석가는 이는 별과 인류의 군영과 얼음에 약동하다.','2019-02-06 11:49:37'),(26,49,67,91,100,77,88,'68꽃이 보이는 그들을 가는 꽃 방황하여도, 뿐이다. 트고, 반짝이는 위하여, 봄바람이다. 석가는 이는 별과 인류의 군영과 얼음에 약동하다.','2019-02-06 11:49:37'),(7,19,75,69,70,92,51,'69꽃이 보이는 그들을 가는 꽃 방황하여도, 뿐이다. 트고, 반짝이는 위하여, 봄바람이다. 석가는 이는 별과 인류의 군영과 얼음에 약동하다.','2019-02-06 11:49:37'),(30,43,74,92,87,59,87,'70꽃이 보이는 그들을 가는 꽃 방황하여도, 뿐이다. 트고, 반짝이는 위하여, 봄바람이다. 석가는 이는 별과 인류의 군영과 얼음에 약동하다.','2019-02-06 11:49:37'),(4,9,83,87,87,74,58,'71꽃이 보이는 그들을 가는 꽃 방황하여도, 뿐이다. 트고, 반짝이는 위하여, 봄바람이다. 석가는 이는 별과 인류의 군영과 얼음에 약동하다.','2019-02-06 11:49:37'),(20,23,54,56,65,59,50,'72꽃이 보이는 그들을 가는 꽃 방황하여도, 뿐이다. 트고, 반짝이는 위하여, 봄바람이다. 석가는 이는 별과 인류의 군영과 얼음에 약동하다.','2019-02-06 11:49:37'),(35,45,68,59,90,71,85,'74꽃이 보이는 그들을 가는 꽃 방황하여도, 뿐이다. 트고, 반짝이는 위하여, 봄바람이다. 석가는 이는 별과 인류의 군영과 얼음에 약동하다.','2019-02-06 11:49:37'),(12,3,80,92,67,61,57,'75꽃이 보이는 그들을 가는 꽃 방황하여도, 뿐이다. 트고, 반짝이는 위하여, 봄바람이다. 석가는 이는 별과 인류의 군영과 얼음에 약동하다.','2019-02-06 11:49:37'),(50,26,82,80,55,88,74,'76꽃이 보이는 그들을 가는 꽃 방황하여도, 뿐이다. 트고, 반짝이는 위하여, 봄바람이다. 석가는 이는 별과 인류의 군영과 얼음에 약동하다.','2019-02-06 11:49:37'),(4,48,78,97,100,59,96,'77꽃이 보이는 그들을 가는 꽃 방황하여도, 뿐이다. 트고, 반짝이는 위하여, 봄바람이다. 석가는 이는 별과 인류의 군영과 얼음에 약동하다.','2019-02-06 11:49:37'),(1,17,79,96,93,74,95,'78꽃이 보이는 그들을 가는 꽃 방황하여도, 뿐이다. 트고, 반짝이는 위하여, 봄바람이다. 석가는 이는 별과 인류의 군영과 얼음에 약동하다.','2019-02-06 11:49:37'),(49,9,98,60,61,75,90,'79꽃이 보이는 그들을 가는 꽃 방황하여도, 뿐이다. 트고, 반짝이는 위하여, 봄바람이다. 석가는 이는 별과 인류의 군영과 얼음에 약동하다.','2019-02-06 11:49:37'),(23,47,64,80,56,94,99,'80꽃이 보이는 그들을 가는 꽃 방황하여도, 뿐이다. 트고, 반짝이는 위하여, 봄바람이다. 석가는 이는 별과 인류의 군영과 얼음에 약동하다.','2019-02-06 11:49:37'),(11,7,51,90,94,97,54,'81꽃이 보이는 그들을 가는 꽃 방황하여도, 뿐이다. 트고, 반짝이는 위하여, 봄바람이다. 석가는 이는 별과 인류의 군영과 얼음에 약동하다.','2019-02-06 11:49:37'),(31,39,52,97,76,89,67,'82꽃이 보이는 그들을 가는 꽃 방황하여도, 뿐이다. 트고, 반짝이는 위하여, 봄바람이다. 석가는 이는 별과 인류의 군영과 얼음에 약동하다.','2019-02-06 11:49:37'),(21,50,88,91,90,78,69,'83꽃이 보이는 그들을 가는 꽃 방황하여도, 뿐이다. 트고, 반짝이는 위하여, 봄바람이다. 석가는 이는 별과 인류의 군영과 얼음에 약동하다.','2019-02-06 11:49:37'),(13,6,89,78,75,92,80,'84꽃이 보이는 그들을 가는 꽃 방황하여도, 뿐이다. 트고, 반짝이는 위하여, 봄바람이다. 석가는 이는 별과 인류의 군영과 얼음에 약동하다.','2019-02-06 11:49:37'),(27,45,91,72,88,70,90,'85꽃이 보이는 그들을 가는 꽃 방황하여도, 뿐이다. 트고, 반짝이는 위하여, 봄바람이다. 석가는 이는 별과 인류의 군영과 얼음에 약동하다.','2019-02-06 11:49:37'),(37,16,66,85,76,75,99,'86꽃이 보이는 그들을 가는 꽃 방황하여도, 뿐이다. 트고, 반짝이는 위하여, 봄바람이다. 석가는 이는 별과 인류의 군영과 얼음에 약동하다.','2019-02-06 11:49:37'),(19,46,72,75,60,73,87,'87꽃이 보이는 그들을 가는 꽃 방황하여도, 뿐이다. 트고, 반짝이는 위하여, 봄바람이다. 석가는 이는 별과 인류의 군영과 얼음에 약동하다.','2019-02-06 11:49:37'),(14,7,92,89,70,85,62,'88꽃이 보이는 그들을 가는 꽃 방황하여도, 뿐이다. 트고, 반짝이는 위하여, 봄바람이다. 석가는 이는 별과 인류의 군영과 얼음에 약동하다.','2019-02-06 11:49:37'),(6,44,99,64,76,86,100,'89꽃이 보이는 그들을 가는 꽃 방황하여도, 뿐이다. 트고, 반짝이는 위하여, 봄바람이다. 석가는 이는 별과 인류의 군영과 얼음에 약동하다.','2019-02-06 11:49:37'),(41,7,60,83,83,66,80,'90꽃이 보이는 그들을 가는 꽃 방황하여도, 뿐이다. 트고, 반짝이는 위하여, 봄바람이다. 석가는 이는 별과 인류의 군영과 얼음에 약동하다.','2019-02-06 11:49:37'),(3,25,64,97,93,70,75,'91꽃이 보이는 그들을 가는 꽃 방황하여도, 뿐이다. 트고, 반짝이는 위하여, 봄바람이다. 석가는 이는 별과 인류의 군영과 얼음에 약동하다.','2019-02-06 11:49:37'),(15,46,84,82,58,99,65,'92꽃이 보이는 그들을 가는 꽃 방황하여도, 뿐이다. 트고, 반짝이는 위하여, 봄바람이다. 석가는 이는 별과 인류의 군영과 얼음에 약동하다.','2019-02-06 11:49:37'),(30,3,77,74,89,72,94,'93꽃이 보이는 그들을 가는 꽃 방황하여도, 뿐이다. 트고, 반짝이는 위하여, 봄바람이다. 석가는 이는 별과 인류의 군영과 얼음에 약동하다.','2019-02-06 11:49:37'),(1,24,66,61,55,95,54,'94꽃이 보이는 그들을 가는 꽃 방황하여도, 뿐이다. 트고, 반짝이는 위하여, 봄바람이다. 석가는 이는 별과 인류의 군영과 얼음에 약동하다.','2019-02-06 11:49:37'),(42,45,98,53,73,55,59,'95꽃이 보이는 그들을 가는 꽃 방황하여도, 뿐이다. 트고, 반짝이는 위하여, 봄바람이다. 석가는 이는 별과 인류의 군영과 얼음에 약동하다.','2019-02-06 11:49:37'),(31,23,73,98,67,94,65,'96꽃이 보이는 그들을 가는 꽃 방황하여도, 뿐이다. 트고, 반짝이는 위하여, 봄바람이다. 석가는 이는 별과 인류의 군영과 얼음에 약동하다.','2019-02-06 11:49:37'),(48,40,54,56,67,65,75,'97꽃이 보이는 그들을 가는 꽃 방황하여도, 뿐이다. 트고, 반짝이는 위하여, 봄바람이다. 석가는 이는 별과 인류의 군영과 얼음에 약동하다.','2019-02-06 11:49:37'),(30,24,79,74,83,94,68,'98꽃이 보이는 그들을 가는 꽃 방황하여도, 뿐이다. 트고, 반짝이는 위하여, 봄바람이다. 석가는 이는 별과 인류의 군영과 얼음에 약동하다.','2019-02-06 11:49:37'),(13,5,88,73,51,91,97,'99꽃이 보이는 그들을 가는 꽃 방황하여도, 뿐이다. 트고, 반짝이는 위하여, 봄바람이다. 석가는 이는 별과 인류의 군영과 얼음에 약동하다.','2019-02-06 11:49:37'),(14,28,95,94,83,84,70,'100꽃이 보이는 그들을 가는 꽃 방황하여도, 뿐이다. 트고, 반짝이는 위하여, 봄바람이다. 석가는 이는 별과 인류의 군영과 얼음에 약동하다.','2019-02-06 11:49:37'),(49,35,76,74,95,100,63,'101꽃이 보이는 그들을 가는 꽃 방황하여도, 뿐이다. 트고, 반짝이는 위하여, 봄바람이다. 석가는 이는 별과 인류의 군영과 얼음에 약동하다.','2019-02-06 11:49:37'),(20,10,86,100,93,63,90,'102꽃이 보이는 그들을 가는 꽃 방황하여도, 뿐이다. 트고, 반짝이는 위하여, 봄바람이다. 석가는 이는 별과 인류의 군영과 얼음에 약동하다.','2019-02-06 11:49:37'),(9,24,92,86,56,76,58,'103꽃이 보이는 그들을 가는 꽃 방황하여도, 뿐이다. 트고, 반짝이는 위하여, 봄바람이다. 석가는 이는 별과 인류의 군영과 얼음에 약동하다.','2019-02-06 11:49:37'),(13,41,62,90,63,97,94,'104꽃이 보이는 그들을 가는 꽃 방황하여도, 뿐이다. 트고, 반짝이는 위하여, 봄바람이다. 석가는 이는 별과 인류의 군영과 얼음에 약동하다.','2019-02-06 11:49:37'),(29,11,68,57,82,87,88,'105꽃이 보이는 그들을 가는 꽃 방황하여도, 뿐이다. 트고, 반짝이는 위하여, 봄바람이다. 석가는 이는 별과 인류의 군영과 얼음에 약동하다.','2019-02-06 11:49:37'),(32,42,65,52,64,66,86,'106꽃이 보이는 그들을 가는 꽃 방황하여도, 뿐이다. 트고, 반짝이는 위하여, 봄바람이다. 석가는 이는 별과 인류의 군영과 얼음에 약동하다.','2019-02-06 11:49:37'),(31,45,81,70,59,88,58,'107꽃이 보이는 그들을 가는 꽃 방황하여도, 뿐이다. 트고, 반짝이는 위하여, 봄바람이다. 석가는 이는 별과 인류의 군영과 얼음에 약동하다.','2019-02-06 11:49:37'),(31,29,100,61,60,66,51,'108꽃이 보이는 그들을 가는 꽃 방황하여도, 뿐이다. 트고, 반짝이는 위하여, 봄바람이다. 석가는 이는 별과 인류의 군영과 얼음에 약동하다.','2019-02-06 11:49:37'),(7,29,74,84,97,82,68,'109꽃이 보이는 그들을 가는 꽃 방황하여도, 뿐이다. 트고, 반짝이는 위하여, 봄바람이다. 석가는 이는 별과 인류의 군영과 얼음에 약동하다.','2019-02-06 11:49:37'),(47,28,99,58,99,66,85,'110꽃이 보이는 그들을 가는 꽃 방황하여도, 뿐이다. 트고, 반짝이는 위하여, 봄바람이다. 석가는 이는 별과 인류의 군영과 얼음에 약동하다.','2019-02-06 11:49:37'),(28,35,87,80,89,57,67,'111꽃이 보이는 그들을 가는 꽃 방황하여도, 뿐이다. 트고, 반짝이는 위하여, 봄바람이다. 석가는 이는 별과 인류의 군영과 얼음에 약동하다.','2019-02-06 11:49:37'),(16,27,85,97,77,96,98,'112꽃이 보이는 그들을 가는 꽃 방황하여도, 뿐이다. 트고, 반짝이는 위하여, 봄바람이다. 석가는 이는 별과 인류의 군영과 얼음에 약동하다.','2019-02-06 11:49:37'),(2,13,58,52,91,95,100,'113꽃이 보이는 그들을 가는 꽃 방황하여도, 뿐이다. 트고, 반짝이는 위하여, 봄바람이다. 석가는 이는 별과 인류의 군영과 얼음에 약동하다.','2019-02-06 11:49:37'),(14,18,100,96,79,59,59,'114꽃이 보이는 그들을 가는 꽃 방황하여도, 뿐이다. 트고, 반짝이는 위하여, 봄바람이다. 석가는 이는 별과 인류의 군영과 얼음에 약동하다.','2019-02-06 11:49:37'),(17,4,71,94,54,93,99,'115꽃이 보이는 그들을 가는 꽃 방황하여도, 뿐이다. 트고, 반짝이는 위하여, 봄바람이다. 석가는 이는 별과 인류의 군영과 얼음에 약동하다.','2019-02-06 11:49:37'),(15,29,50,63,68,99,87,'116꽃이 보이는 그들을 가는 꽃 방황하여도, 뿐이다. 트고, 반짝이는 위하여, 봄바람이다. 석가는 이는 별과 인류의 군영과 얼음에 약동하다.','2019-02-06 11:49:37'),(42,45,98,57,92,86,56,'117꽃이 보이는 그들을 가는 꽃 방황하여도, 뿐이다. 트고, 반짝이는 위하여, 봄바람이다. 석가는 이는 별과 인류의 군영과 얼음에 약동하다.','2019-02-06 11:49:37'),(25,2,85,70,98,74,81,'118꽃이 보이는 그들을 가는 꽃 방황하여도, 뿐이다. 트고, 반짝이는 위하여, 봄바람이다. 석가는 이는 별과 인류의 군영과 얼음에 약동하다.','2019-02-06 11:49:37'),(31,12,64,87,93,52,84,'119꽃이 보이는 그들을 가는 꽃 방황하여도, 뿐이다. 트고, 반짝이는 위하여, 봄바람이다. 석가는 이는 별과 인류의 군영과 얼음에 약동하다.','2019-02-06 11:49:37'),(14,16,86,84,61,55,92,'120꽃이 보이는 그들을 가는 꽃 방황하여도, 뿐이다. 트고, 반짝이는 위하여, 봄바람이다. 석가는 이는 별과 인류의 군영과 얼음에 약동하다.','2019-02-06 11:49:37'),(45,47,98,98,97,92,66,'121꽃이 보이는 그들을 가는 꽃 방황하여도, 뿐이다. 트고, 반짝이는 위하여, 봄바람이다. 석가는 이는 별과 인류의 군영과 얼음에 약동하다.','2019-02-06 11:49:37'),(7,36,58,86,52,56,75,'122꽃이 보이는 그들을 가는 꽃 방황하여도, 뿐이다. 트고, 반짝이는 위하여, 봄바람이다. 석가는 이는 별과 인류의 군영과 얼음에 약동하다.','2019-02-06 11:49:37'),(6,3,97,75,85,100,92,'123꽃이 보이는 그들을 가는 꽃 방황하여도, 뿐이다. 트고, 반짝이는 위하여, 봄바람이다. 석가는 이는 별과 인류의 군영과 얼음에 약동하다.','2019-02-06 11:49:37'),(11,28,58,56,56,64,51,'124꽃이 보이는 그들을 가는 꽃 방황하여도, 뿐이다. 트고, 반짝이는 위하여, 봄바람이다. 석가는 이는 별과 인류의 군영과 얼음에 약동하다.','2019-02-06 11:49:37'),(15,18,94,67,56,79,74,'125꽃이 보이는 그들을 가는 꽃 방황하여도, 뿐이다. 트고, 반짝이는 위하여, 봄바람이다. 석가는 이는 별과 인류의 군영과 얼음에 약동하다.','2019-02-06 11:49:37'),(34,47,83,75,75,52,86,'126꽃이 보이는 그들을 가는 꽃 방황하여도, 뿐이다. 트고, 반짝이는 위하여, 봄바람이다. 석가는 이는 별과 인류의 군영과 얼음에 약동하다.','2019-02-06 11:49:37'),(21,44,59,65,99,97,89,'127꽃이 보이는 그들을 가는 꽃 방황하여도, 뿐이다. 트고, 반짝이는 위하여, 봄바람이다. 석가는 이는 별과 인류의 군영과 얼음에 약동하다.','2019-02-06 11:49:37'),(4,3,52,55,68,75,69,'128꽃이 보이는 그들을 가는 꽃 방황하여도, 뿐이다. 트고, 반짝이는 위하여, 봄바람이다. 석가는 이는 별과 인류의 군영과 얼음에 약동하다.','2019-02-06 11:49:37'),(20,44,56,52,95,64,88,'129꽃이 보이는 그들을 가는 꽃 방황하여도, 뿐이다. 트고, 반짝이는 위하여, 봄바람이다. 석가는 이는 별과 인류의 군영과 얼음에 약동하다.','2019-02-06 11:49:37'),(48,26,82,84,73,64,51,'130꽃이 보이는 그들을 가는 꽃 방황하여도, 뿐이다. 트고, 반짝이는 위하여, 봄바람이다. 석가는 이는 별과 인류의 군영과 얼음에 약동하다.','2019-02-06 11:49:37'),(17,27,82,80,55,89,75,'131꽃이 보이는 그들을 가는 꽃 방황하여도, 뿐이다. 트고, 반짝이는 위하여, 봄바람이다. 석가는 이는 별과 인류의 군영과 얼음에 약동하다.','2019-02-06 11:49:37'),(11,26,97,56,92,92,80,'132꽃이 보이는 그들을 가는 꽃 방황하여도, 뿐이다. 트고, 반짝이는 위하여, 봄바람이다. 석가는 이는 별과 인류의 군영과 얼음에 약동하다.','2019-02-06 11:49:37'),(28,46,95,87,100,86,83,'133꽃이 보이는 그들을 가는 꽃 방황하여도, 뿐이다. 트고, 반짝이는 위하여, 봄바람이다. 석가는 이는 별과 인류의 군영과 얼음에 약동하다.','2019-02-06 11:49:37'),(6,29,75,90,76,59,67,'134꽃이 보이는 그들을 가는 꽃 방황하여도, 뿐이다. 트고, 반짝이는 위하여, 봄바람이다. 석가는 이는 별과 인류의 군영과 얼음에 약동하다.','2019-02-06 11:49:37'),(8,38,66,68,92,55,51,'135꽃이 보이는 그들을 가는 꽃 방황하여도, 뿐이다. 트고, 반짝이는 위하여, 봄바람이다. 석가는 이는 별과 인류의 군영과 얼음에 약동하다.','2019-02-06 11:49:37'),(40,46,57,50,80,100,56,'136꽃이 보이는 그들을 가는 꽃 방황하여도, 뿐이다. 트고, 반짝이는 위하여, 봄바람이다. 석가는 이는 별과 인류의 군영과 얼음에 약동하다.','2019-02-06 11:49:37'),(35,5,69,79,91,64,99,'137꽃이 보이는 그들을 가는 꽃 방황하여도, 뿐이다. 트고, 반짝이는 위하여, 봄바람이다. 석가는 이는 별과 인류의 군영과 얼음에 약동하다.','2019-02-06 11:49:37'),(2,14,62,68,56,76,61,'138꽃이 보이는 그들을 가는 꽃 방황하여도, 뿐이다. 트고, 반짝이는 위하여, 봄바람이다. 석가는 이는 별과 인류의 군영과 얼음에 약동하다.','2019-02-06 11:49:37'),(30,15,84,76,79,66,94,'139꽃이 보이는 그들을 가는 꽃 방황하여도, 뿐이다. 트고, 반짝이는 위하여, 봄바람이다. 석가는 이는 별과 인류의 군영과 얼음에 약동하다.','2019-02-06 11:49:37'),(21,23,100,81,55,84,55,'140꽃이 보이는 그들을 가는 꽃 방황하여도, 뿐이다. 트고, 반짝이는 위하여, 봄바람이다. 석가는 이는 별과 인류의 군영과 얼음에 약동하다.','2019-02-06 11:49:37'),(23,48,68,100,92,61,81,'141꽃이 보이는 그들을 가는 꽃 방황하여도, 뿐이다. 트고, 반짝이는 위하여, 봄바람이다. 석가는 이는 별과 인류의 군영과 얼음에 약동하다.','2019-02-06 11:49:37'),(22,16,60,58,57,63,96,'142꽃이 보이는 그들을 가는 꽃 방황하여도, 뿐이다. 트고, 반짝이는 위하여, 봄바람이다. 석가는 이는 별과 인류의 군영과 얼음에 약동하다.','2019-02-06 11:49:37'),(38,2,96,75,85,50,98,'143꽃이 보이는 그들을 가는 꽃 방황하여도, 뿐이다. 트고, 반짝이는 위하여, 봄바람이다. 석가는 이는 별과 인류의 군영과 얼음에 약동하다.','2019-02-06 11:49:37'),(35,33,57,88,69,84,59,'144꽃이 보이는 그들을 가는 꽃 방황하여도, 뿐이다. 트고, 반짝이는 위하여, 봄바람이다. 석가는 이는 별과 인류의 군영과 얼음에 약동하다.','2019-02-06 11:49:37'),(46,49,56,87,64,63,71,'145꽃이 보이는 그들을 가는 꽃 방황하여도, 뿐이다. 트고, 반짝이는 위하여, 봄바람이다. 석가는 이는 별과 인류의 군영과 얼음에 약동하다.','2019-02-06 11:49:37'),(18,26,71,82,98,89,52,'146꽃이 보이는 그들을 가는 꽃 방황하여도, 뿐이다. 트고, 반짝이는 위하여, 봄바람이다. 석가는 이는 별과 인류의 군영과 얼음에 약동하다.','2019-02-06 11:49:37'),(48,30,55,90,80,82,71,'147꽃이 보이는 그들을 가는 꽃 방황하여도, 뿐이다. 트고, 반짝이는 위하여, 봄바람이다. 석가는 이는 별과 인류의 군영과 얼음에 약동하다.','2019-02-06 11:49:37'),(9,28,63,84,78,90,66,'148꽃이 보이는 그들을 가는 꽃 방황하여도, 뿐이다. 트고, 반짝이는 위하여, 봄바람이다. 석가는 이는 별과 인류의 군영과 얼음에 약동하다.','2019-02-06 11:49:37'),(10,50,71,53,55,68,74,'149꽃이 보이는 그들을 가는 꽃 방황하여도, 뿐이다. 트고, 반짝이는 위하여, 봄바람이다. 석가는 이는 별과 인류의 군영과 얼음에 약동하다.','2019-02-06 11:49:37'),(15,1,61,54,86,69,86,'150꽃이 보이는 그들을 가는 꽃 방황하여도, 뿐이다. 트고, 반짝이는 위하여, 봄바람이다. 석가는 이는 별과 인류의 군영과 얼음에 약동하다.','2019-02-06 11:49:37'),(22,3,96,69,62,52,75,'151꽃이 보이는 그들을 가는 꽃 방황하여도, 뿐이다. 트고, 반짝이는 위하여, 봄바람이다. 석가는 이는 별과 인류의 군영과 얼음에 약동하다.','2019-02-06 11:49:37'),(18,14,63,77,97,100,57,'152꽃이 보이는 그들을 가는 꽃 방황하여도, 뿐이다. 트고, 반짝이는 위하여, 봄바람이다. 석가는 이는 별과 인류의 군영과 얼음에 약동하다.','2019-02-06 11:49:37'),(40,26,60,73,84,100,97,'153꽃이 보이는 그들을 가는 꽃 방황하여도, 뿐이다. 트고, 반짝이는 위하여, 봄바람이다. 석가는 이는 별과 인류의 군영과 얼음에 약동하다.','2019-02-06 11:49:37'),(15,31,57,97,60,62,82,'155꽃이 보이는 그들을 가는 꽃 방황하여도, 뿐이다. 트고, 반짝이는 위하여, 봄바람이다. 석가는 이는 별과 인류의 군영과 얼음에 약동하다.','2019-02-06 11:49:37'),(20,4,57,76,58,64,97,'156꽃이 보이는 그들을 가는 꽃 방황하여도, 뿐이다. 트고, 반짝이는 위하여, 봄바람이다. 석가는 이는 별과 인류의 군영과 얼음에 약동하다.','2019-02-06 11:49:37'),(42,18,63,61,70,64,61,'157꽃이 보이는 그들을 가는 꽃 방황하여도, 뿐이다. 트고, 반짝이는 위하여, 봄바람이다. 석가는 이는 별과 인류의 군영과 얼음에 약동하다.','2019-02-06 11:49:37'),(15,39,98,72,70,81,98,'158꽃이 보이는 그들을 가는 꽃 방황하여도, 뿐이다. 트고, 반짝이는 위하여, 봄바람이다. 석가는 이는 별과 인류의 군영과 얼음에 약동하다.','2019-02-06 11:49:37'),(43,19,67,81,52,69,90,'159꽃이 보이는 그들을 가는 꽃 방황하여도, 뿐이다. 트고, 반짝이는 위하여, 봄바람이다. 석가는 이는 별과 인류의 군영과 얼음에 약동하다.','2019-02-06 11:49:37'),(39,26,62,85,86,73,61,'160꽃이 보이는 그들을 가는 꽃 방황하여도, 뿐이다. 트고, 반짝이는 위하여, 봄바람이다. 석가는 이는 별과 인류의 군영과 얼음에 약동하다.','2019-02-06 11:49:37'),(36,44,59,67,59,96,99,'161꽃이 보이는 그들을 가는 꽃 방황하여도, 뿐이다. 트고, 반짝이는 위하여, 봄바람이다. 석가는 이는 별과 인류의 군영과 얼음에 약동하다.','2019-02-06 11:49:37'),(8,40,78,71,69,83,57,'162꽃이 보이는 그들을 가는 꽃 방황하여도, 뿐이다. 트고, 반짝이는 위하여, 봄바람이다. 석가는 이는 별과 인류의 군영과 얼음에 약동하다.','2019-02-06 11:49:37'),(37,12,100,63,66,90,52,'163꽃이 보이는 그들을 가는 꽃 방황하여도, 뿐이다. 트고, 반짝이는 위하여, 봄바람이다. 석가는 이는 별과 인류의 군영과 얼음에 약동하다.','2019-02-06 11:49:37'),(41,48,63,77,95,90,66,'164꽃이 보이는 그들을 가는 꽃 방황하여도, 뿐이다. 트고, 반짝이는 위하여, 봄바람이다. 석가는 이는 별과 인류의 군영과 얼음에 약동하다.','2019-02-06 11:49:37'),(10,2,80,95,84,85,74,'165꽃이 보이는 그들을 가는 꽃 방황하여도, 뿐이다. 트고, 반짝이는 위하여, 봄바람이다. 석가는 이는 별과 인류의 군영과 얼음에 약동하다.','2019-02-06 11:49:37'),(17,10,99,65,81,58,50,'166꽃이 보이는 그들을 가는 꽃 방황하여도, 뿐이다. 트고, 반짝이는 위하여, 봄바람이다. 석가는 이는 별과 인류의 군영과 얼음에 약동하다.','2019-02-06 11:49:37'),(26,25,100,72,60,88,55,'167꽃이 보이는 그들을 가는 꽃 방황하여도, 뿐이다. 트고, 반짝이는 위하여, 봄바람이다. 석가는 이는 별과 인류의 군영과 얼음에 약동하다.','2019-02-06 11:49:37'),(15,5,81,90,58,72,86,'168꽃이 보이는 그들을 가는 꽃 방황하여도, 뿐이다. 트고, 반짝이는 위하여, 봄바람이다. 석가는 이는 별과 인류의 군영과 얼음에 약동하다.','2019-02-06 11:49:37'),(11,47,50,63,64,83,72,'169꽃이 보이는 그들을 가는 꽃 방황하여도, 뿐이다. 트고, 반짝이는 위하여, 봄바람이다. 석가는 이는 별과 인류의 군영과 얼음에 약동하다.','2019-02-06 11:49:37'),(10,34,88,89,81,88,96,'170꽃이 보이는 그들을 가는 꽃 방황하여도, 뿐이다. 트고, 반짝이는 위하여, 봄바람이다. 석가는 이는 별과 인류의 군영과 얼음에 약동하다.','2019-02-06 11:49:37'),(17,47,81,65,83,67,90,'171꽃이 보이는 그들을 가는 꽃 방황하여도, 뿐이다. 트고, 반짝이는 위하여, 봄바람이다. 석가는 이는 별과 인류의 군영과 얼음에 약동하다.','2019-02-06 11:49:37'),(49,22,60,91,69,74,64,'172꽃이 보이는 그들을 가는 꽃 방황하여도, 뿐이다. 트고, 반짝이는 위하여, 봄바람이다. 석가는 이는 별과 인류의 군영과 얼음에 약동하다.','2019-02-06 11:49:37'),(50,3,67,75,74,95,53,'173꽃이 보이는 그들을 가는 꽃 방황하여도, 뿐이다. 트고, 반짝이는 위하여, 봄바람이다. 석가는 이는 별과 인류의 군영과 얼음에 약동하다.','2019-02-06 11:49:37'),(32,48,93,69,68,86,73,'174꽃이 보이는 그들을 가는 꽃 방황하여도, 뿐이다. 트고, 반짝이는 위하여, 봄바람이다. 석가는 이는 별과 인류의 군영과 얼음에 약동하다.','2019-02-06 11:49:37'),(8,20,73,59,74,96,55,'175꽃이 보이는 그들을 가는 꽃 방황하여도, 뿐이다. 트고, 반짝이는 위하여, 봄바람이다. 석가는 이는 별과 인류의 군영과 얼음에 약동하다.','2019-02-06 11:49:37'),(38,25,59,72,85,55,73,'176꽃이 보이는 그들을 가는 꽃 방황하여도, 뿐이다. 트고, 반짝이는 위하여, 봄바람이다. 석가는 이는 별과 인류의 군영과 얼음에 약동하다.','2019-02-06 11:49:37'),(50,28,91,69,72,55,61,'177꽃이 보이는 그들을 가는 꽃 방황하여도, 뿐이다. 트고, 반짝이는 위하여, 봄바람이다. 석가는 이는 별과 인류의 군영과 얼음에 약동하다.','2019-02-06 11:49:37'),(38,6,65,58,96,54,87,'178꽃이 보이는 그들을 가는 꽃 방황하여도, 뿐이다. 트고, 반짝이는 위하여, 봄바람이다. 석가는 이는 별과 인류의 군영과 얼음에 약동하다.','2019-02-06 11:49:37'),(18,28,84,87,85,64,63,'179꽃이 보이는 그들을 가는 꽃 방황하여도, 뿐이다. 트고, 반짝이는 위하여, 봄바람이다. 석가는 이는 별과 인류의 군영과 얼음에 약동하다.','2019-02-06 11:49:37'),(28,45,93,77,58,59,74,'180꽃이 보이는 그들을 가는 꽃 방황하여도, 뿐이다. 트고, 반짝이는 위하여, 봄바람이다. 석가는 이는 별과 인류의 군영과 얼음에 약동하다.','2019-02-06 11:49:37'),(42,34,93,62,86,91,95,'181꽃이 보이는 그들을 가는 꽃 방황하여도, 뿐이다. 트고, 반짝이는 위하여, 봄바람이다. 석가는 이는 별과 인류의 군영과 얼음에 약동하다.','2019-02-06 11:49:37'),(4,35,62,57,99,73,67,'182꽃이 보이는 그들을 가는 꽃 방황하여도, 뿐이다. 트고, 반짝이는 위하여, 봄바람이다. 석가는 이는 별과 인류의 군영과 얼음에 약동하다.','2019-02-06 11:49:37'),(19,40,95,51,76,76,51,'183꽃이 보이는 그들을 가는 꽃 방황하여도, 뿐이다. 트고, 반짝이는 위하여, 봄바람이다. 석가는 이는 별과 인류의 군영과 얼음에 약동하다.','2019-02-06 11:49:37'),(31,49,50,56,81,86,85,'184꽃이 보이는 그들을 가는 꽃 방황하여도, 뿐이다. 트고, 반짝이는 위하여, 봄바람이다. 석가는 이는 별과 인류의 군영과 얼음에 약동하다.','2019-02-06 11:49:37'),(17,29,92,76,52,87,75,'185꽃이 보이는 그들을 가는 꽃 방황하여도, 뿐이다. 트고, 반짝이는 위하여, 봄바람이다. 석가는 이는 별과 인류의 군영과 얼음에 약동하다.','2019-02-06 11:49:37'),(16,4,71,97,66,92,60,'186꽃이 보이는 그들을 가는 꽃 방황하여도, 뿐이다. 트고, 반짝이는 위하여, 봄바람이다. 석가는 이는 별과 인류의 군영과 얼음에 약동하다.','2019-02-06 11:49:37'),(27,3,80,96,88,52,98,'187꽃이 보이는 그들을 가는 꽃 방황하여도, 뿐이다. 트고, 반짝이는 위하여, 봄바람이다. 석가는 이는 별과 인류의 군영과 얼음에 약동하다.','2019-02-06 11:49:37'),(33,17,88,88,75,62,85,'188꽃이 보이는 그들을 가는 꽃 방황하여도, 뿐이다. 트고, 반짝이는 위하여, 봄바람이다. 석가는 이는 별과 인류의 군영과 얼음에 약동하다.','2019-02-06 11:49:37'),(39,36,65,70,52,51,52,'189꽃이 보이는 그들을 가는 꽃 방황하여도, 뿐이다. 트고, 반짝이는 위하여, 봄바람이다. 석가는 이는 별과 인류의 군영과 얼음에 약동하다.','2019-02-06 11:49:37'),(9,33,90,99,76,82,81,'190꽃이 보이는 그들을 가는 꽃 방황하여도, 뿐이다. 트고, 반짝이는 위하여, 봄바람이다. 석가는 이는 별과 인류의 군영과 얼음에 약동하다.','2019-02-06 11:49:37'),(8,48,66,85,79,87,100,'191꽃이 보이는 그들을 가는 꽃 방황하여도, 뿐이다. 트고, 반짝이는 위하여, 봄바람이다. 석가는 이는 별과 인류의 군영과 얼음에 약동하다.','2019-02-06 11:49:37'),(39,42,94,95,90,65,58,'192꽃이 보이는 그들을 가는 꽃 방황하여도, 뿐이다. 트고, 반짝이는 위하여, 봄바람이다. 석가는 이는 별과 인류의 군영과 얼음에 약동하다.','2019-02-06 11:49:37'),(45,48,55,84,53,66,69,'193꽃이 보이는 그들을 가는 꽃 방황하여도, 뿐이다. 트고, 반짝이는 위하여, 봄바람이다. 석가는 이는 별과 인류의 군영과 얼음에 약동하다.','2019-02-06 11:49:37'),(49,33,68,94,62,81,68,'194꽃이 보이는 그들을 가는 꽃 방황하여도, 뿐이다. 트고, 반짝이는 위하여, 봄바람이다. 석가는 이는 별과 인류의 군영과 얼음에 약동하다.','2019-02-06 11:49:37'),(47,29,54,86,65,68,96,'195꽃이 보이는 그들을 가는 꽃 방황하여도, 뿐이다. 트고, 반짝이는 위하여, 봄바람이다. 석가는 이는 별과 인류의 군영과 얼음에 약동하다.','2019-02-06 11:49:37'),(23,26,59,70,72,100,81,'196꽃이 보이는 그들을 가는 꽃 방황하여도, 뿐이다. 트고, 반짝이는 위하여, 봄바람이다. 석가는 이는 별과 인류의 군영과 얼음에 약동하다.','2019-02-06 11:49:37'),(9,48,62,70,63,57,95,'197꽃이 보이는 그들을 가는 꽃 방황하여도, 뿐이다. 트고, 반짝이는 위하여, 봄바람이다. 석가는 이는 별과 인류의 군영과 얼음에 약동하다.','2019-02-06 11:49:37'),(4,33,53,67,79,90,62,'198꽃이 보이는 그들을 가는 꽃 방황하여도, 뿐이다. 트고, 반짝이는 위하여, 봄바람이다. 석가는 이는 별과 인류의 군영과 얼음에 약동하다.','2019-02-06 11:49:37'),(41,20,73,58,71,83,99,'199꽃이 보이는 그들을 가는 꽃 방황하여도, 뿐이다. 트고, 반짝이는 위하여, 봄바람이다. 석가는 이는 별과 인류의 군영과 얼음에 약동하다.','2019-02-06 11:49:37'),(46,30,64,82,68,95,68,'200꽃이 보이는 그들을 가는 꽃 방황하여도, 뿐이다. 트고, 반짝이는 위하여, 봄바람이다. 석가는 이는 별과 인류의 군영과 얼음에 약동하다.','2019-02-06 11:49:37'),(8,35,100,94,70,71,93,'201꽃이 보이는 그들을 가는 꽃 방황하여도, 뿐이다. 트고, 반짝이는 위하여, 봄바람이다. 석가는 이는 별과 인류의 군영과 얼음에 약동하다.','2019-02-06 11:49:37'),(3,35,63,64,79,53,79,'202꽃이 보이는 그들을 가는 꽃 방황하여도, 뿐이다. 트고, 반짝이는 위하여, 봄바람이다. 석가는 이는 별과 인류의 군영과 얼음에 약동하다.','2019-02-06 11:49:37'),(35,37,77,78,55,97,66,'203꽃이 보이는 그들을 가는 꽃 방황하여도, 뿐이다. 트고, 반짝이는 위하여, 봄바람이다. 석가는 이는 별과 인류의 군영과 얼음에 약동하다.','2019-02-06 11:49:37'),(42,8,63,93,74,92,89,'204꽃이 보이는 그들을 가는 꽃 방황하여도, 뿐이다. 트고, 반짝이는 위하여, 봄바람이다. 석가는 이는 별과 인류의 군영과 얼음에 약동하다.','2019-02-06 11:49:37'),(17,16,78,96,92,72,85,'205꽃이 보이는 그들을 가는 꽃 방황하여도, 뿐이다. 트고, 반짝이는 위하여, 봄바람이다. 석가는 이는 별과 인류의 군영과 얼음에 약동하다.','2019-02-06 11:49:37'),(10,43,84,92,58,65,100,'206꽃이 보이는 그들을 가는 꽃 방황하여도, 뿐이다. 트고, 반짝이는 위하여, 봄바람이다. 석가는 이는 별과 인류의 군영과 얼음에 약동하다.','2019-02-06 11:49:37'),(4,21,89,85,55,75,57,'207꽃이 보이는 그들을 가는 꽃 방황하여도, 뿐이다. 트고, 반짝이는 위하여, 봄바람이다. 석가는 이는 별과 인류의 군영과 얼음에 약동하다.','2019-02-06 11:49:37'),(15,47,92,69,70,95,62,'208꽃이 보이는 그들을 가는 꽃 방황하여도, 뿐이다. 트고, 반짝이는 위하여, 봄바람이다. 석가는 이는 별과 인류의 군영과 얼음에 약동하다.','2019-02-06 11:49:37'),(28,1,69,95,67,50,50,'209꽃이 보이는 그들을 가는 꽃 방황하여도, 뿐이다. 트고, 반짝이는 위하여, 봄바람이다. 석가는 이는 별과 인류의 군영과 얼음에 약동하다.','2019-02-06 11:49:37'),(1,2,56,78,69,63,56,'210꽃이 보이는 그들을 가는 꽃 방황하여도, 뿐이다. 트고, 반짝이는 위하여, 봄바람이다. 석가는 이는 별과 인류의 군영과 얼음에 약동하다.','2019-02-06 11:49:37'),(46,6,92,94,92,79,68,'211꽃이 보이는 그들을 가는 꽃 방황하여도, 뿐이다. 트고, 반짝이는 위하여, 봄바람이다. 석가는 이는 별과 인류의 군영과 얼음에 약동하다.','2019-02-06 11:49:37'),(5,19,77,81,74,77,61,'212꽃이 보이는 그들을 가는 꽃 방황하여도, 뿐이다. 트고, 반짝이는 위하여, 봄바람이다. 석가는 이는 별과 인류의 군영과 얼음에 약동하다.','2019-02-06 11:49:37'),(25,40,76,60,74,91,79,'213꽃이 보이는 그들을 가는 꽃 방황하여도, 뿐이다. 트고, 반짝이는 위하여, 봄바람이다. 석가는 이는 별과 인류의 군영과 얼음에 약동하다.','2019-02-06 11:49:37'),(22,23,98,70,56,72,90,'214꽃이 보이는 그들을 가는 꽃 방황하여도, 뿐이다. 트고, 반짝이는 위하여, 봄바람이다. 석가는 이는 별과 인류의 군영과 얼음에 약동하다.','2019-02-06 11:49:37'),(36,7,78,69,60,97,50,'215꽃이 보이는 그들을 가는 꽃 방황하여도, 뿐이다. 트고, 반짝이는 위하여, 봄바람이다. 석가는 이는 별과 인류의 군영과 얼음에 약동하다.','2019-02-06 11:49:37'),(14,16,89,97,66,90,51,'216꽃이 보이는 그들을 가는 꽃 방황하여도, 뿐이다. 트고, 반짝이는 위하여, 봄바람이다. 석가는 이는 별과 인류의 군영과 얼음에 약동하다.','2019-02-06 11:49:37'),(38,34,54,72,96,64,84,'217꽃이 보이는 그들을 가는 꽃 방황하여도, 뿐이다. 트고, 반짝이는 위하여, 봄바람이다. 석가는 이는 별과 인류의 군영과 얼음에 약동하다.','2019-02-06 11:49:37'),(26,28,59,65,98,93,72,'218꽃이 보이는 그들을 가는 꽃 방황하여도, 뿐이다. 트고, 반짝이는 위하여, 봄바람이다. 석가는 이는 별과 인류의 군영과 얼음에 약동하다.','2019-02-06 11:49:37'),(32,43,65,100,52,64,65,'219꽃이 보이는 그들을 가는 꽃 방황하여도, 뿐이다. 트고, 반짝이는 위하여, 봄바람이다. 석가는 이는 별과 인류의 군영과 얼음에 약동하다.','2019-02-06 11:49:37'),(30,6,86,65,69,99,85,'220꽃이 보이는 그들을 가는 꽃 방황하여도, 뿐이다. 트고, 반짝이는 위하여, 봄바람이다. 석가는 이는 별과 인류의 군영과 얼음에 약동하다.','2019-02-06 11:49:37'),(30,42,70,75,64,97,92,'221꽃이 보이는 그들을 가는 꽃 방황하여도, 뿐이다. 트고, 반짝이는 위하여, 봄바람이다. 석가는 이는 별과 인류의 군영과 얼음에 약동하다.','2019-02-06 11:49:37'),(18,15,69,51,99,92,60,'222꽃이 보이는 그들을 가는 꽃 방황하여도, 뿐이다. 트고, 반짝이는 위하여, 봄바람이다. 석가는 이는 별과 인류의 군영과 얼음에 약동하다.','2019-02-06 11:49:37'),(28,6,96,62,74,83,93,'223꽃이 보이는 그들을 가는 꽃 방황하여도, 뿐이다. 트고, 반짝이는 위하여, 봄바람이다. 석가는 이는 별과 인류의 군영과 얼음에 약동하다.','2019-02-06 11:49:37'),(13,38,97,74,78,68,55,'224꽃이 보이는 그들을 가는 꽃 방황하여도, 뿐이다. 트고, 반짝이는 위하여, 봄바람이다. 석가는 이는 별과 인류의 군영과 얼음에 약동하다.','2019-02-06 11:49:37'),(26,9,68,65,73,69,74,'225꽃이 보이는 그들을 가는 꽃 방황하여도, 뿐이다. 트고, 반짝이는 위하여, 봄바람이다. 석가는 이는 별과 인류의 군영과 얼음에 약동하다.','2019-02-06 11:49:37'),(14,46,89,55,63,99,52,'226꽃이 보이는 그들을 가는 꽃 방황하여도, 뿐이다. 트고, 반짝이는 위하여, 봄바람이다. 석가는 이는 별과 인류의 군영과 얼음에 약동하다.','2019-02-06 11:49:37'),(17,28,88,54,57,77,59,'227꽃이 보이는 그들을 가는 꽃 방황하여도, 뿐이다. 트고, 반짝이는 위하여, 봄바람이다. 석가는 이는 별과 인류의 군영과 얼음에 약동하다.','2019-02-06 11:49:37'),(19,13,60,60,72,80,83,'228꽃이 보이는 그들을 가는 꽃 방황하여도, 뿐이다. 트고, 반짝이는 위하여, 봄바람이다. 석가는 이는 별과 인류의 군영과 얼음에 약동하다.','2019-02-06 11:49:37'),(26,30,72,70,87,70,94,'229꽃이 보이는 그들을 가는 꽃 방황하여도, 뿐이다. 트고, 반짝이는 위하여, 봄바람이다. 석가는 이는 별과 인류의 군영과 얼음에 약동하다.','2019-02-06 11:49:37'),(5,44,54,92,95,100,61,'230꽃이 보이는 그들을 가는 꽃 방황하여도, 뿐이다. 트고, 반짝이는 위하여, 봄바람이다. 석가는 이는 별과 인류의 군영과 얼음에 약동하다.','2019-02-06 11:49:37'),(8,7,57,68,67,85,70,'231꽃이 보이는 그들을 가는 꽃 방황하여도, 뿐이다. 트고, 반짝이는 위하여, 봄바람이다. 석가는 이는 별과 인류의 군영과 얼음에 약동하다.','2019-02-06 11:49:37'),(45,14,86,86,75,64,99,'232꽃이 보이는 그들을 가는 꽃 방황하여도, 뿐이다. 트고, 반짝이는 위하여, 봄바람이다. 석가는 이는 별과 인류의 군영과 얼음에 약동하다.','2019-02-06 11:49:37'),(1,6,76,61,82,75,81,'233꽃이 보이는 그들을 가는 꽃 방황하여도, 뿐이다. 트고, 반짝이는 위하여, 봄바람이다. 석가는 이는 별과 인류의 군영과 얼음에 약동하다.','2019-02-06 11:49:37'),(27,40,69,78,82,77,89,'234꽃이 보이는 그들을 가는 꽃 방황하여도, 뿐이다. 트고, 반짝이는 위하여, 봄바람이다. 석가는 이는 별과 인류의 군영과 얼음에 약동하다.','2019-02-06 11:49:37'),(12,40,66,60,52,82,50,'235꽃이 보이는 그들을 가는 꽃 방황하여도, 뿐이다. 트고, 반짝이는 위하여, 봄바람이다. 석가는 이는 별과 인류의 군영과 얼음에 약동하다.','2019-02-06 11:49:37'),(8,35,50,51,54,67,74,'236꽃이 보이는 그들을 가는 꽃 방황하여도, 뿐이다. 트고, 반짝이는 위하여, 봄바람이다. 석가는 이는 별과 인류의 군영과 얼음에 약동하다.','2019-02-06 11:49:37'),(18,14,68,51,100,96,79,'237꽃이 보이는 그들을 가는 꽃 방황하여도, 뿐이다. 트고, 반짝이는 위하여, 봄바람이다. 석가는 이는 별과 인류의 군영과 얼음에 약동하다.','2019-02-06 11:49:37'),(10,8,59,76,100,72,60,'238꽃이 보이는 그들을 가는 꽃 방황하여도, 뿐이다. 트고, 반짝이는 위하여, 봄바람이다. 석가는 이는 별과 인류의 군영과 얼음에 약동하다.','2019-02-06 11:49:37'),(36,46,73,78,72,76,65,'239꽃이 보이는 그들을 가는 꽃 방황하여도, 뿐이다. 트고, 반짝이는 위하여, 봄바람이다. 석가는 이는 별과 인류의 군영과 얼음에 약동하다.','2019-02-06 11:49:37'),(45,30,63,78,100,63,66,'240꽃이 보이는 그들을 가는 꽃 방황하여도, 뿐이다. 트고, 반짝이는 위하여, 봄바람이다. 석가는 이는 별과 인류의 군영과 얼음에 약동하다.','2019-02-06 11:49:37'),(43,13,88,100,86,81,95,'241꽃이 보이는 그들을 가는 꽃 방황하여도, 뿐이다. 트고, 반짝이는 위하여, 봄바람이다. 석가는 이는 별과 인류의 군영과 얼음에 약동하다.','2019-02-06 11:49:37'),(31,21,58,80,77,96,98,'242꽃이 보이는 그들을 가는 꽃 방황하여도, 뿐이다. 트고, 반짝이는 위하여, 봄바람이다. 석가는 이는 별과 인류의 군영과 얼음에 약동하다.','2019-02-06 11:49:37'),(1,10,96,100,59,100,67,'243꽃이 보이는 그들을 가는 꽃 방황하여도, 뿐이다. 트고, 반짝이는 위하여, 봄바람이다. 석가는 이는 별과 인류의 군영과 얼음에 약동하다.','2019-02-06 11:49:37'),(40,47,63,75,88,62,99,'244꽃이 보이는 그들을 가는 꽃 방황하여도, 뿐이다. 트고, 반짝이는 위하여, 봄바람이다. 석가는 이는 별과 인류의 군영과 얼음에 약동하다.','2019-02-06 11:49:37'),(4,26,65,100,51,58,89,'245꽃이 보이는 그들을 가는 꽃 방황하여도, 뿐이다. 트고, 반짝이는 위하여, 봄바람이다. 석가는 이는 별과 인류의 군영과 얼음에 약동하다.','2019-02-06 11:49:37'),(19,24,65,56,85,56,77,'246꽃이 보이는 그들을 가는 꽃 방황하여도, 뿐이다. 트고, 반짝이는 위하여, 봄바람이다. 석가는 이는 별과 인류의 군영과 얼음에 약동하다.','2019-02-06 11:49:37'),(14,41,58,70,78,77,50,'247꽃이 보이는 그들을 가는 꽃 방황하여도, 뿐이다. 트고, 반짝이는 위하여, 봄바람이다. 석가는 이는 별과 인류의 군영과 얼음에 약동하다.','2019-02-06 11:49:37'),(24,14,99,50,59,93,87,'248꽃이 보이는 그들을 가는 꽃 방황하여도, 뿐이다. 트고, 반짝이는 위하여, 봄바람이다. 석가는 이는 별과 인류의 군영과 얼음에 약동하다.','2019-02-06 11:49:37'),(4,9,83,90,50,84,68,'249꽃이 보이는 그들을 가는 꽃 방황하여도, 뿐이다. 트고, 반짝이는 위하여, 봄바람이다. 석가는 이는 별과 인류의 군영과 얼음에 약동하다.','2019-02-06 11:49:37'),(40,43,94,90,67,66,79,'250꽃이 보이는 그들을 가는 꽃 방황하여도, 뿐이다. 트고, 반짝이는 위하여, 봄바람이다. 석가는 이는 별과 인류의 군영과 얼음에 약동하다.','2019-02-06 11:49:37'),(49,7,85,56,77,65,97,'251꽃이 보이는 그들을 가는 꽃 방황하여도, 뿐이다. 트고, 반짝이는 위하여, 봄바람이다. 석가는 이는 별과 인류의 군영과 얼음에 약동하다.','2019-02-06 11:49:37'),(35,36,71,50,90,98,69,'252꽃이 보이는 그들을 가는 꽃 방황하여도, 뿐이다. 트고, 반짝이는 위하여, 봄바람이다. 석가는 이는 별과 인류의 군영과 얼음에 약동하다.','2019-02-06 11:49:37'),(2,50,92,61,83,80,99,'253꽃이 보이는 그들을 가는 꽃 방황하여도, 뿐이다. 트고, 반짝이는 위하여, 봄바람이다. 석가는 이는 별과 인류의 군영과 얼음에 약동하다.','2019-02-06 11:49:37'),(5,28,74,88,65,64,77,'254꽃이 보이는 그들을 가는 꽃 방황하여도, 뿐이다. 트고, 반짝이는 위하여, 봄바람이다. 석가는 이는 별과 인류의 군영과 얼음에 약동하다.','2019-02-06 11:49:37'),(39,15,57,91,82,86,87,'255꽃이 보이는 그들을 가는 꽃 방황하여도, 뿐이다. 트고, 반짝이는 위하여, 봄바람이다. 석가는 이는 별과 인류의 군영과 얼음에 약동하다.','2019-02-06 11:49:37'),(25,13,87,100,84,74,65,'256꽃이 보이는 그들을 가는 꽃 방황하여도, 뿐이다. 트고, 반짝이는 위하여, 봄바람이다. 석가는 이는 별과 인류의 군영과 얼음에 약동하다.','2019-02-06 11:49:37'),(7,35,54,68,78,84,88,'257꽃이 보이는 그들을 가는 꽃 방황하여도, 뿐이다. 트고, 반짝이는 위하여, 봄바람이다. 석가는 이는 별과 인류의 군영과 얼음에 약동하다.','2019-02-06 11:49:37'),(36,15,66,87,84,59,96,'258꽃이 보이는 그들을 가는 꽃 방황하여도, 뿐이다. 트고, 반짝이는 위하여, 봄바람이다. 석가는 이는 별과 인류의 군영과 얼음에 약동하다.','2019-02-06 11:49:37'),(50,14,66,92,60,77,52,'259꽃이 보이는 그들을 가는 꽃 방황하여도, 뿐이다. 트고, 반짝이는 위하여, 봄바람이다. 석가는 이는 별과 인류의 군영과 얼음에 약동하다.','2019-02-06 11:49:37'),(30,44,80,66,91,57,64,'260꽃이 보이는 그들을 가는 꽃 방황하여도, 뿐이다. 트고, 반짝이는 위하여, 봄바람이다. 석가는 이는 별과 인류의 군영과 얼음에 약동하다.','2019-02-06 11:49:37'),(48,44,77,55,95,55,96,'261꽃이 보이는 그들을 가는 꽃 방황하여도, 뿐이다. 트고, 반짝이는 위하여, 봄바람이다. 석가는 이는 별과 인류의 군영과 얼음에 약동하다.','2019-02-06 11:49:37'),(13,23,77,69,62,54,88,'262꽃이 보이는 그들을 가는 꽃 방황하여도, 뿐이다. 트고, 반짝이는 위하여, 봄바람이다. 석가는 이는 별과 인류의 군영과 얼음에 약동하다.','2019-02-06 11:49:37'),(23,50,82,62,62,74,86,'263꽃이 보이는 그들을 가는 꽃 방황하여도, 뿐이다. 트고, 반짝이는 위하여, 봄바람이다. 석가는 이는 별과 인류의 군영과 얼음에 약동하다.','2019-02-06 11:49:37'),(6,19,78,84,83,66,80,'264꽃이 보이는 그들을 가는 꽃 방황하여도, 뿐이다. 트고, 반짝이는 위하여, 봄바람이다. 석가는 이는 별과 인류의 군영과 얼음에 약동하다.','2019-02-06 11:49:37'),(4,26,70,71,95,58,61,'265꽃이 보이는 그들을 가는 꽃 방황하여도, 뿐이다. 트고, 반짝이는 위하여, 봄바람이다. 석가는 이는 별과 인류의 군영과 얼음에 약동하다.','2019-02-06 11:49:37'),(31,20,57,76,56,57,65,'266꽃이 보이는 그들을 가는 꽃 방황하여도, 뿐이다. 트고, 반짝이는 위하여, 봄바람이다. 석가는 이는 별과 인류의 군영과 얼음에 약동하다.','2019-02-06 11:49:37'),(5,27,69,68,83,59,97,'267꽃이 보이는 그들을 가는 꽃 방황하여도, 뿐이다. 트고, 반짝이는 위하여, 봄바람이다. 석가는 이는 별과 인류의 군영과 얼음에 약동하다.','2019-02-06 11:49:37'),(8,49,68,94,66,50,52,'268꽃이 보이는 그들을 가는 꽃 방황하여도, 뿐이다. 트고, 반짝이는 위하여, 봄바람이다. 석가는 이는 별과 인류의 군영과 얼음에 약동하다.','2019-02-06 11:49:37'),(10,42,78,64,91,58,68,'269꽃이 보이는 그들을 가는 꽃 방황하여도, 뿐이다. 트고, 반짝이는 위하여, 봄바람이다. 석가는 이는 별과 인류의 군영과 얼음에 약동하다.','2019-02-06 11:49:37'),(19,36,75,68,66,75,75,'270꽃이 보이는 그들을 가는 꽃 방황하여도, 뿐이다. 트고, 반짝이는 위하여, 봄바람이다. 석가는 이는 별과 인류의 군영과 얼음에 약동하다.','2019-02-06 11:49:37'),(3,36,72,52,97,73,79,'271꽃이 보이는 그들을 가는 꽃 방황하여도, 뿐이다. 트고, 반짝이는 위하여, 봄바람이다. 석가는 이는 별과 인류의 군영과 얼음에 약동하다.','2019-02-06 11:49:37'),(24,31,82,70,54,61,92,'272꽃이 보이는 그들을 가는 꽃 방황하여도, 뿐이다. 트고, 반짝이는 위하여, 봄바람이다. 석가는 이는 별과 인류의 군영과 얼음에 약동하다.','2019-02-06 11:49:37'),(28,12,74,88,63,56,90,'273꽃이 보이는 그들을 가는 꽃 방황하여도, 뿐이다. 트고, 반짝이는 위하여, 봄바람이다. 석가는 이는 별과 인류의 군영과 얼음에 약동하다.','2019-02-06 11:49:37'),(32,37,90,88,68,81,97,'274꽃이 보이는 그들을 가는 꽃 방황하여도, 뿐이다. 트고, 반짝이는 위하여, 봄바람이다. 석가는 이는 별과 인류의 군영과 얼음에 약동하다.','2019-02-06 11:49:37'),(43,21,78,76,99,63,70,'275꽃이 보이는 그들을 가는 꽃 방황하여도, 뿐이다. 트고, 반짝이는 위하여, 봄바람이다. 석가는 이는 별과 인류의 군영과 얼음에 약동하다.','2019-02-06 11:49:37'),(10,38,59,85,97,79,55,'276꽃이 보이는 그들을 가는 꽃 방황하여도, 뿐이다. 트고, 반짝이는 위하여, 봄바람이다. 석가는 이는 별과 인류의 군영과 얼음에 약동하다.','2019-02-06 11:49:37'),(38,23,50,87,80,89,52,'277꽃이 보이는 그들을 가는 꽃 방황하여도, 뿐이다. 트고, 반짝이는 위하여, 봄바람이다. 석가는 이는 별과 인류의 군영과 얼음에 약동하다.','2019-02-06 11:49:37'),(49,35,78,86,93,59,65,'278꽃이 보이는 그들을 가는 꽃 방황하여도, 뿐이다. 트고, 반짝이는 위하여, 봄바람이다. 석가는 이는 별과 인류의 군영과 얼음에 약동하다.','2019-02-06 11:49:37'),(2,9,89,70,83,53,71,'279꽃이 보이는 그들을 가는 꽃 방황하여도, 뿐이다. 트고, 반짝이는 위하여, 봄바람이다. 석가는 이는 별과 인류의 군영과 얼음에 약동하다.','2019-02-06 11:49:37'),(44,7,99,76,86,98,82,'280꽃이 보이는 그들을 가는 꽃 방황하여도, 뿐이다. 트고, 반짝이는 위하여, 봄바람이다. 석가는 이는 별과 인류의 군영과 얼음에 약동하다.','2019-02-06 11:49:37'),(15,31,56,93,92,82,85,'281꽃이 보이는 그들을 가는 꽃 방황하여도, 뿐이다. 트고, 반짝이는 위하여, 봄바람이다. 석가는 이는 별과 인류의 군영과 얼음에 약동하다.','2019-02-06 11:49:37'),(41,23,92,89,70,84,60,'283꽃이 보이는 그들을 가는 꽃 방황하여도, 뿐이다. 트고, 반짝이는 위하여, 봄바람이다. 석가는 이는 별과 인류의 군영과 얼음에 약동하다.','2019-02-06 11:49:37'),(49,11,57,55,56,66,61,'284꽃이 보이는 그들을 가는 꽃 방황하여도, 뿐이다. 트고, 반짝이는 위하여, 봄바람이다. 석가는 이는 별과 인류의 군영과 얼음에 약동하다.','2019-02-06 11:49:37'),(4,31,92,67,58,94,92,'286꽃이 보이는 그들을 가는 꽃 방황하여도, 뿐이다. 트고, 반짝이는 위하여, 봄바람이다. 석가는 이는 별과 인류의 군영과 얼음에 약동하다.','2019-02-06 11:49:37'),(30,22,67,72,57,70,80,'287꽃이 보이는 그들을 가는 꽃 방황하여도, 뿐이다. 트고, 반짝이는 위하여, 봄바람이다. 석가는 이는 별과 인류의 군영과 얼음에 약동하다.','2019-02-06 11:49:37'),(38,48,78,97,98,100,52,'288꽃이 보이는 그들을 가는 꽃 방황하여도, 뿐이다. 트고, 반짝이는 위하여, 봄바람이다. 석가는 이는 별과 인류의 군영과 얼음에 약동하다.','2019-02-06 11:49:37'),(15,18,92,55,54,54,59,'289꽃이 보이는 그들을 가는 꽃 방황하여도, 뿐이다. 트고, 반짝이는 위하여, 봄바람이다. 석가는 이는 별과 인류의 군영과 얼음에 약동하다.','2019-02-06 11:49:37'),(32,31,58,100,75,75,99,'290꽃이 보이는 그들을 가는 꽃 방황하여도, 뿐이다. 트고, 반짝이는 위하여, 봄바람이다. 석가는 이는 별과 인류의 군영과 얼음에 약동하다.','2019-02-06 11:49:37'),(20,3,52,56,73,97,64,'291꽃이 보이는 그들을 가는 꽃 방황하여도, 뿐이다. 트고, 반짝이는 위하여, 봄바람이다. 석가는 이는 별과 인류의 군영과 얼음에 약동하다.','2019-02-06 11:49:37'),(29,4,81,96,83,78,93,'292꽃이 보이는 그들을 가는 꽃 방황하여도, 뿐이다. 트고, 반짝이는 위하여, 봄바람이다. 석가는 이는 별과 인류의 군영과 얼음에 약동하다.','2019-02-06 11:49:37'),(31,23,71,88,76,67,59,'293꽃이 보이는 그들을 가는 꽃 방황하여도, 뿐이다. 트고, 반짝이는 위하여, 봄바람이다. 석가는 이는 별과 인류의 군영과 얼음에 약동하다.','2019-02-06 11:49:37'),(43,36,50,98,85,83,60,'294꽃이 보이는 그들을 가는 꽃 방황하여도, 뿐이다. 트고, 반짝이는 위하여, 봄바람이다. 석가는 이는 별과 인류의 군영과 얼음에 약동하다.','2019-02-06 11:49:37'),(2,25,71,80,88,98,76,'295꽃이 보이는 그들을 가는 꽃 방황하여도, 뿐이다. 트고, 반짝이는 위하여, 봄바람이다. 석가는 이는 별과 인류의 군영과 얼음에 약동하다.','2019-02-06 11:49:37'),(36,1,94,70,68,81,99,'296꽃이 보이는 그들을 가는 꽃 방황하여도, 뿐이다. 트고, 반짝이는 위하여, 봄바람이다. 석가는 이는 별과 인류의 군영과 얼음에 약동하다.','2019-02-06 11:49:37'),(2,10,94,91,73,95,50,'297꽃이 보이는 그들을 가는 꽃 방황하여도, 뿐이다. 트고, 반짝이는 위하여, 봄바람이다. 석가는 이는 별과 인류의 군영과 얼음에 약동하다.','2019-02-06 11:49:37'),(22,7,67,66,80,51,65,'298꽃이 보이는 그들을 가는 꽃 방황하여도, 뿐이다. 트고, 반짝이는 위하여, 봄바람이다. 석가는 이는 별과 인류의 군영과 얼음에 약동하다.','2019-02-06 11:49:37'),(23,18,68,91,97,60,63,'299꽃이 보이는 그들을 가는 꽃 방황하여도, 뿐이다. 트고, 반짝이는 위하여, 봄바람이다. 석가는 이는 별과 인류의 군영과 얼음에 약동하다.','2019-02-06 11:49:37'),(3,47,76,87,59,83,89,'301꽃이 보이는 그들을 가는 꽃 방황하여도, 뿐이다. 트고, 반짝이는 위하여, 봄바람이다. 석가는 이는 별과 인류의 군영과 얼음에 약동하다.','2019-02-06 11:49:37'),(44,2,79,90,62,90,63,'302꽃이 보이는 그들을 가는 꽃 방황하여도, 뿐이다. 트고, 반짝이는 위하여, 봄바람이다. 석가는 이는 별과 인류의 군영과 얼음에 약동하다.','2019-02-06 11:49:37'),(47,43,75,96,51,74,62,'303꽃이 보이는 그들을 가는 꽃 방황하여도, 뿐이다. 트고, 반짝이는 위하여, 봄바람이다. 석가는 이는 별과 인류의 군영과 얼음에 약동하다.','2019-02-06 11:49:37'),(41,18,64,68,97,81,63,'304꽃이 보이는 그들을 가는 꽃 방황하여도, 뿐이다. 트고, 반짝이는 위하여, 봄바람이다. 석가는 이는 별과 인류의 군영과 얼음에 약동하다.','2019-02-06 11:49:37'),(26,39,64,56,88,70,87,'305꽃이 보이는 그들을 가는 꽃 방황하여도, 뿐이다. 트고, 반짝이는 위하여, 봄바람이다. 석가는 이는 별과 인류의 군영과 얼음에 약동하다.','2019-02-06 11:49:37'),(26,17,57,88,65,62,67,'306꽃이 보이는 그들을 가는 꽃 방황하여도, 뿐이다. 트고, 반짝이는 위하여, 봄바람이다. 석가는 이는 별과 인류의 군영과 얼음에 약동하다.','2019-02-06 11:49:37'),(50,47,85,85,70,94,61,'307꽃이 보이는 그들을 가는 꽃 방황하여도, 뿐이다. 트고, 반짝이는 위하여, 봄바람이다. 석가는 이는 별과 인류의 군영과 얼음에 약동하다.','2019-02-06 11:49:37'),(23,29,74,84,100,95,75,'308꽃이 보이는 그들을 가는 꽃 방황하여도, 뿐이다. 트고, 반짝이는 위하여, 봄바람이다. 석가는 이는 별과 인류의 군영과 얼음에 약동하다.','2019-02-06 11:49:37'),(42,33,87,86,68,86,74,'309꽃이 보이는 그들을 가는 꽃 방황하여도, 뿐이다. 트고, 반짝이는 위하여, 봄바람이다. 석가는 이는 별과 인류의 군영과 얼음에 약동하다.','2019-02-06 11:49:37'),(13,41,63,95,84,85,75,'310꽃이 보이는 그들을 가는 꽃 방황하여도, 뿐이다. 트고, 반짝이는 위하여, 봄바람이다. 석가는 이는 별과 인류의 군영과 얼음에 약동하다.','2019-02-06 11:49:37'),(20,23,52,98,80,58,100,'311꽃이 보이는 그들을 가는 꽃 방황하여도, 뿐이다. 트고, 반짝이는 위하여, 봄바람이다. 석가는 이는 별과 인류의 군영과 얼음에 약동하다.','2019-02-06 11:49:37'),(24,19,73,57,71,81,91,'312꽃이 보이는 그들을 가는 꽃 방황하여도, 뿐이다. 트고, 반짝이는 위하여, 봄바람이다. 석가는 이는 별과 인류의 군영과 얼음에 약동하다.','2019-02-06 11:49:37'),(13,39,55,61,90,65,58,'313꽃이 보이는 그들을 가는 꽃 방황하여도, 뿐이다. 트고, 반짝이는 위하여, 봄바람이다. 석가는 이는 별과 인류의 군영과 얼음에 약동하다.','2019-02-06 11:49:37'),(12,37,98,77,96,94,84,'315꽃이 보이는 그들을 가는 꽃 방황하여도, 뿐이다. 트고, 반짝이는 위하여, 봄바람이다. 석가는 이는 별과 인류의 군영과 얼음에 약동하다.','2019-02-06 11:49:37'),(40,43,96,51,69,91,95,'316꽃이 보이는 그들을 가는 꽃 방황하여도, 뿐이다. 트고, 반짝이는 위하여, 봄바람이다. 석가는 이는 별과 인류의 군영과 얼음에 약동하다.','2019-02-06 11:49:37'),(4,33,52,62,57,100,75,'317꽃이 보이는 그들을 가는 꽃 방황하여도, 뿐이다. 트고, 반짝이는 위하여, 봄바람이다. 석가는 이는 별과 인류의 군영과 얼음에 약동하다.','2019-02-06 11:49:37'),(25,50,75,74,97,62,70,'318꽃이 보이는 그들을 가는 꽃 방황하여도, 뿐이다. 트고, 반짝이는 위하여, 봄바람이다. 석가는 이는 별과 인류의 군영과 얼음에 약동하다.','2019-02-06 11:49:37'),(14,6,89,78,75,89,69,'319꽃이 보이는 그들을 가는 꽃 방황하여도, 뿐이다. 트고, 반짝이는 위하여, 봄바람이다. 석가는 이는 별과 인류의 군영과 얼음에 약동하다.','2019-02-06 11:49:37'),(32,49,98,92,65,53,71,'320꽃이 보이는 그들을 가는 꽃 방황하여도, 뿐이다. 트고, 반짝이는 위하여, 봄바람이다. 석가는 이는 별과 인류의 군영과 얼음에 약동하다.','2019-02-06 11:49:37'),(46,13,76,93,86,51,50,'321꽃이 보이는 그들을 가는 꽃 방황하여도, 뿐이다. 트고, 반짝이는 위하여, 봄바람이다. 석가는 이는 별과 인류의 군영과 얼음에 약동하다.','2019-02-06 11:49:37'),(47,33,74,69,77,75,94,'322꽃이 보이는 그들을 가는 꽃 방황하여도, 뿐이다. 트고, 반짝이는 위하여, 봄바람이다. 석가는 이는 별과 인류의 군영과 얼음에 약동하다.','2019-02-06 11:49:37'),(47,48,51,62,59,58,63,'323꽃이 보이는 그들을 가는 꽃 방황하여도, 뿐이다. 트고, 반짝이는 위하여, 봄바람이다. 석가는 이는 별과 인류의 군영과 얼음에 약동하다.','2019-02-06 11:49:37'),(41,16,55,81,87,90,90,'324꽃이 보이는 그들을 가는 꽃 방황하여도, 뿐이다. 트고, 반짝이는 위하여, 봄바람이다. 석가는 이는 별과 인류의 군영과 얼음에 약동하다.','2019-02-06 11:49:37'),(30,28,100,64,71,65,62,'325꽃이 보이는 그들을 가는 꽃 방황하여도, 뿐이다. 트고, 반짝이는 위하여, 봄바람이다. 석가는 이는 별과 인류의 군영과 얼음에 약동하다.','2019-02-06 11:49:37'),(18,48,86,85,69,91,98,'326꽃이 보이는 그들을 가는 꽃 방황하여도, 뿐이다. 트고, 반짝이는 위하여, 봄바람이다. 석가는 이는 별과 인류의 군영과 얼음에 약동하다.','2019-02-06 11:49:37'),(16,33,67,90,97,64,80,'327꽃이 보이는 그들을 가는 꽃 방황하여도, 뿐이다. 트고, 반짝이는 위하여, 봄바람이다. 석가는 이는 별과 인류의 군영과 얼음에 약동하다.','2019-02-06 11:49:37'),(9,4,90,89,76,63,90,'328꽃이 보이는 그들을 가는 꽃 방황하여도, 뿐이다. 트고, 반짝이는 위하여, 봄바람이다. 석가는 이는 별과 인류의 군영과 얼음에 약동하다.','2019-02-06 11:49:37'),(9,24,93,92,82,83,70,'329꽃이 보이는 그들을 가는 꽃 방황하여도, 뿐이다. 트고, 반짝이는 위하여, 봄바람이다. 석가는 이는 별과 인류의 군영과 얼음에 약동하다.','2019-02-06 11:49:37'),(50,39,95,55,96,63,76,'330꽃이 보이는 그들을 가는 꽃 방황하여도, 뿐이다. 트고, 반짝이는 위하여, 봄바람이다. 석가는 이는 별과 인류의 군영과 얼음에 약동하다.','2019-02-06 11:49:37'),(44,37,55,64,55,87,66,'331꽃이 보이는 그들을 가는 꽃 방황하여도, 뿐이다. 트고, 반짝이는 위하여, 봄바람이다. 석가는 이는 별과 인류의 군영과 얼음에 약동하다.','2019-02-06 11:49:37'),(20,2,98,82,68,95,67,'332꽃이 보이는 그들을 가는 꽃 방황하여도, 뿐이다. 트고, 반짝이는 위하여, 봄바람이다. 석가는 이는 별과 인류의 군영과 얼음에 약동하다.','2019-02-06 11:49:37'),(5,21,90,86,59,89,64,'333꽃이 보이는 그들을 가는 꽃 방황하여도, 뿐이다. 트고, 반짝이는 위하여, 봄바람이다. 석가는 이는 별과 인류의 군영과 얼음에 약동하다.','2019-02-06 11:49:37'),(8,47,57,98,65,84,73,'334꽃이 보이는 그들을 가는 꽃 방황하여도, 뿐이다. 트고, 반짝이는 위하여, 봄바람이다. 석가는 이는 별과 인류의 군영과 얼음에 약동하다.','2019-02-06 11:49:37'),(15,2,66,76,82,82,64,'335꽃이 보이는 그들을 가는 꽃 방황하여도, 뿐이다. 트고, 반짝이는 위하여, 봄바람이다. 석가는 이는 별과 인류의 군영과 얼음에 약동하다.','2019-02-06 11:49:37'),(23,24,97,64,82,65,81,'336꽃이 보이는 그들을 가는 꽃 방황하여도, 뿐이다. 트고, 반짝이는 위하여, 봄바람이다. 석가는 이는 별과 인류의 군영과 얼음에 약동하다.','2019-02-06 11:49:37'),(9,2,82,56,83,99,91,'337꽃이 보이는 그들을 가는 꽃 방황하여도, 뿐이다. 트고, 반짝이는 위하여, 봄바람이다. 석가는 이는 별과 인류의 군영과 얼음에 약동하다.','2019-02-06 11:49:37'),(10,26,98,64,76,88,60,'338꽃이 보이는 그들을 가는 꽃 방황하여도, 뿐이다. 트고, 반짝이는 위하여, 봄바람이다. 석가는 이는 별과 인류의 군영과 얼음에 약동하다.','2019-02-06 11:49:37'),(38,6,65,61,60,69,63,'339꽃이 보이는 그들을 가는 꽃 방황하여도, 뿐이다. 트고, 반짝이는 위하여, 봄바람이다. 석가는 이는 별과 인류의 군영과 얼음에 약동하다.','2019-02-06 11:49:37'),(10,7,55,59,77,59,66,'340꽃이 보이는 그들을 가는 꽃 방황하여도, 뿐이다. 트고, 반짝이는 위하여, 봄바람이다. 석가는 이는 별과 인류의 군영과 얼음에 약동하다.','2019-02-06 11:49:37'),(2,9,89,69,80,91,64,'341꽃이 보이는 그들을 가는 꽃 방황하여도, 뿐이다. 트고, 반짝이는 위하여, 봄바람이다. 석가는 이는 별과 인류의 군영과 얼음에 약동하다.','2019-02-06 11:49:37'),(1,11,100,68,91,50,80,'342꽃이 보이는 그들을 가는 꽃 방황하여도, 뿐이다. 트고, 반짝이는 위하여, 봄바람이다. 석가는 이는 별과 인류의 군영과 얼음에 약동하다.','2019-02-06 11:49:37'),(48,49,99,98,92,67,61,'343꽃이 보이는 그들을 가는 꽃 방황하여도, 뿐이다. 트고, 반짝이는 위하여, 봄바람이다. 석가는 이는 별과 인류의 군영과 얼음에 약동하다.','2019-02-06 11:49:37'),(3,30,90,61,87,51,96,'344꽃이 보이는 그들을 가는 꽃 방황하여도, 뿐이다. 트고, 반짝이는 위하여, 봄바람이다. 석가는 이는 별과 인류의 군영과 얼음에 약동하다.','2019-02-06 11:49:37'),(25,35,50,98,89,100,82,'345꽃이 보이는 그들을 가는 꽃 방황하여도, 뿐이다. 트고, 반짝이는 위하여, 봄바람이다. 석가는 이는 별과 인류의 군영과 얼음에 약동하다.','2019-02-06 11:49:37'),(12,10,63,89,55,58,77,'346꽃이 보이는 그들을 가는 꽃 방황하여도, 뿐이다. 트고, 반짝이는 위하여, 봄바람이다. 석가는 이는 별과 인류의 군영과 얼음에 약동하다.','2019-02-06 11:49:37'),(9,12,84,85,72,54,57,'347꽃이 보이는 그들을 가는 꽃 방황하여도, 뿐이다. 트고, 반짝이는 위하여, 봄바람이다. 석가는 이는 별과 인류의 군영과 얼음에 약동하다.','2019-02-06 11:49:37'),(22,38,72,97,66,91,54,'348꽃이 보이는 그들을 가는 꽃 방황하여도, 뿐이다. 트고, 반짝이는 위하여, 봄바람이다. 석가는 이는 별과 인류의 군영과 얼음에 약동하다.','2019-02-06 11:49:37'),(1,39,94,52,80,94,78,'349꽃이 보이는 그들을 가는 꽃 방황하여도, 뿐이다. 트고, 반짝이는 위하여, 봄바람이다. 석가는 이는 별과 인류의 군영과 얼음에 약동하다.','2019-02-06 11:49:37'),(7,2,87,78,79,62,74,'350꽃이 보이는 그들을 가는 꽃 방황하여도, 뿐이다. 트고, 반짝이는 위하여, 봄바람이다. 석가는 이는 별과 인류의 군영과 얼음에 약동하다.','2019-02-06 11:49:37'),(34,44,70,69,87,74,60,'351꽃이 보이는 그들을 가는 꽃 방황하여도, 뿐이다. 트고, 반짝이는 위하여, 봄바람이다. 석가는 이는 별과 인류의 군영과 얼음에 약동하다.','2019-02-06 11:49:37'),(32,25,79,71,66,71,56,'352꽃이 보이는 그들을 가는 꽃 방황하여도, 뿐이다. 트고, 반짝이는 위하여, 봄바람이다. 석가는 이는 별과 인류의 군영과 얼음에 약동하다.','2019-02-06 11:49:37'),(20,29,84,85,71,50,91,'353꽃이 보이는 그들을 가는 꽃 방황하여도, 뿐이다. 트고, 반짝이는 위하여, 봄바람이다. 석가는 이는 별과 인류의 군영과 얼음에 약동하다.','2019-02-06 11:49:37'),(50,27,83,87,83,55,76,'354꽃이 보이는 그들을 가는 꽃 방황하여도, 뿐이다. 트고, 반짝이는 위하여, 봄바람이다. 석가는 이는 별과 인류의 군영과 얼음에 약동하다.','2019-02-06 11:49:37'),(17,6,75,61,79,62,75,'355꽃이 보이는 그들을 가는 꽃 방황하여도, 뿐이다. 트고, 반짝이는 위하여, 봄바람이다. 석가는 이는 별과 인류의 군영과 얼음에 약동하다.','2019-02-06 11:49:37'),(40,22,91,86,57,80,79,'356꽃이 보이는 그들을 가는 꽃 방황하여도, 뿐이다. 트고, 반짝이는 위하여, 봄바람이다. 석가는 이는 별과 인류의 군영과 얼음에 약동하다.','2019-02-06 11:49:37'),(5,36,62,57,50,80,97,'357꽃이 보이는 그들을 가는 꽃 방황하여도, 뿐이다. 트고, 반짝이는 위하여, 봄바람이다. 석가는 이는 별과 인류의 군영과 얼음에 약동하다.','2019-02-06 11:49:37'),(44,28,55,96,61,68,60,'358꽃이 보이는 그들을 가는 꽃 방황하여도, 뿐이다. 트고, 반짝이는 위하여, 봄바람이다. 석가는 이는 별과 인류의 군영과 얼음에 약동하다.','2019-02-06 11:49:37'),(42,31,79,54,82,99,95,'360꽃이 보이는 그들을 가는 꽃 방황하여도, 뿐이다. 트고, 반짝이는 위하여, 봄바람이다. 석가는 이는 별과 인류의 군영과 얼음에 약동하다.','2019-02-06 11:49:37'),(30,15,82,69,97,76,91,'361꽃이 보이는 그들을 가는 꽃 방황하여도, 뿐이다. 트고, 반짝이는 위하여, 봄바람이다. 석가는 이는 별과 인류의 군영과 얼음에 약동하다.','2019-02-06 11:49:37'),(25,2,85,69,92,50,76,'362꽃이 보이는 그들을 가는 꽃 방황하여도, 뿐이다. 트고, 반짝이는 위하여, 봄바람이다. 석가는 이는 별과 인류의 군영과 얼음에 약동하다.','2019-02-06 11:49:37'),(30,18,100,98,88,96,65,'363꽃이 보이는 그들을 가는 꽃 방황하여도, 뿐이다. 트고, 반짝이는 위하여, 봄바람이다. 석가는 이는 별과 인류의 군영과 얼음에 약동하다.','2019-02-06 11:49:37'),(39,46,65,89,100,80,51,'364꽃이 보이는 그들을 가는 꽃 방황하여도, 뿐이다. 트고, 반짝이는 위하여, 봄바람이다. 석가는 이는 별과 인류의 군영과 얼음에 약동하다.','2019-02-06 11:49:37'),(19,39,85,61,50,70,99,'365꽃이 보이는 그들을 가는 꽃 방황하여도, 뿐이다. 트고, 반짝이는 위하여, 봄바람이다. 석가는 이는 별과 인류의 군영과 얼음에 약동하다.','2019-02-06 11:49:37'),(33,18,91,50,80,99,50,'366꽃이 보이는 그들을 가는 꽃 방황하여도, 뿐이다. 트고, 반짝이는 위하여, 봄바람이다. 석가는 이는 별과 인류의 군영과 얼음에 약동하다.','2019-02-06 11:49:37'),(10,46,50,66,80,50,63,'367꽃이 보이는 그들을 가는 꽃 방황하여도, 뿐이다. 트고, 반짝이는 위하여, 봄바람이다. 석가는 이는 별과 인류의 군영과 얼음에 약동하다.','2019-02-06 11:49:37'),(16,36,83,56,83,94,73,'368꽃이 보이는 그들을 가는 꽃 방황하여도, 뿐이다. 트고, 반짝이는 위하여, 봄바람이다. 석가는 이는 별과 인류의 군영과 얼음에 약동하다.','2019-02-06 11:49:37'),(32,39,100,81,57,92,86,'369꽃이 보이는 그들을 가는 꽃 방황하여도, 뿐이다. 트고, 반짝이는 위하여, 봄바람이다. 석가는 이는 별과 인류의 군영과 얼음에 약동하다.','2019-02-06 11:49:37'),(6,22,88,78,73,85,52,'370꽃이 보이는 그들을 가는 꽃 방황하여도, 뿐이다. 트고, 반짝이는 위하여, 봄바람이다. 석가는 이는 별과 인류의 군영과 얼음에 약동하다.','2019-02-06 11:49:37'),(7,29,72,76,61,78,56,'371꽃이 보이는 그들을 가는 꽃 방황하여도, 뿐이다. 트고, 반짝이는 위하여, 봄바람이다. 석가는 이는 별과 인류의 군영과 얼음에 약동하다.','2019-02-06 11:49:37'),(49,24,72,90,81,88,96,'372꽃이 보이는 그들을 가는 꽃 방황하여도, 뿐이다. 트고, 반짝이는 위하여, 봄바람이다. 석가는 이는 별과 인류의 군영과 얼음에 약동하다.','2019-02-06 11:49:37'),(14,30,57,50,81,50,60,'373꽃이 보이는 그들을 가는 꽃 방황하여도, 뿐이다. 트고, 반짝이는 위하여, 봄바람이다. 석가는 이는 별과 인류의 군영과 얼음에 약동하다.','2019-02-06 11:49:37'),(2,27,76,51,78,85,90,'374꽃이 보이는 그들을 가는 꽃 방황하여도, 뿐이다. 트고, 반짝이는 위하여, 봄바람이다. 석가는 이는 별과 인류의 군영과 얼음에 약동하다.','2019-02-06 11:49:37'),(44,1,69,98,79,52,76,'375꽃이 보이는 그들을 가는 꽃 방황하여도, 뿐이다. 트고, 반짝이는 위하여, 봄바람이다. 석가는 이는 별과 인류의 군영과 얼음에 약동하다.','2019-02-06 11:49:37'),(23,34,52,60,96,96,90,'376꽃이 보이는 그들을 가는 꽃 방황하여도, 뿐이다. 트고, 반짝이는 위하여, 봄바람이다. 석가는 이는 별과 인류의 군영과 얼음에 약동하다.','2019-02-06 11:49:37'),(13,45,84,86,78,82,75,'377꽃이 보이는 그들을 가는 꽃 방황하여도, 뿐이다. 트고, 반짝이는 위하여, 봄바람이다. 석가는 이는 별과 인류의 군영과 얼음에 약동하다.','2019-02-06 11:49:37'),(29,20,63,55,87,68,83,'378꽃이 보이는 그들을 가는 꽃 방황하여도, 뿐이다. 트고, 반짝이는 위하여, 봄바람이다. 석가는 이는 별과 인류의 군영과 얼음에 약동하다.','2019-02-06 11:49:37'),(7,37,63,55,89,77,69,'379꽃이 보이는 그들을 가는 꽃 방황하여도, 뿐이다. 트고, 반짝이는 위하여, 봄바람이다. 석가는 이는 별과 인류의 군영과 얼음에 약동하다.','2019-02-06 11:49:37'),(16,19,99,86,84,61,54,'380꽃이 보이는 그들을 가는 꽃 방황하여도, 뿐이다. 트고, 반짝이는 위하여, 봄바람이다. 석가는 이는 별과 인류의 군영과 얼음에 약동하다.','2019-02-06 11:49:37'),(39,29,78,53,83,54,72,'381꽃이 보이는 그들을 가는 꽃 방황하여도, 뿐이다. 트고, 반짝이는 위하여, 봄바람이다. 석가는 이는 별과 인류의 군영과 얼음에 약동하다.','2019-02-06 11:49:37'),(49,25,79,70,64,59,54,'382꽃이 보이는 그들을 가는 꽃 방황하여도, 뿐이다. 트고, 반짝이는 위하여, 봄바람이다. 석가는 이는 별과 인류의 군영과 얼음에 약동하다.','2019-02-06 11:49:37'),(45,10,64,93,70,71,96,'383꽃이 보이는 그들을 가는 꽃 방황하여도, 뿐이다. 트고, 반짝이는 위하여, 봄바람이다. 석가는 이는 별과 인류의 군영과 얼음에 약동하다.','2019-02-06 11:49:37'),(17,46,76,96,50,66,80,'384꽃이 보이는 그들을 가는 꽃 방황하여도, 뿐이다. 트고, 반짝이는 위하여, 봄바람이다. 석가는 이는 별과 인류의 군영과 얼음에 약동하다.','2019-02-06 11:49:37'),(1,15,68,50,95,72,76,'385꽃이 보이는 그들을 가는 꽃 방황하여도, 뿐이다. 트고, 반짝이는 위하여, 봄바람이다. 석가는 이는 별과 인류의 군영과 얼음에 약동하다.','2019-02-06 11:49:37'),(17,3,65,67,90,98,66,'386꽃이 보이는 그들을 가는 꽃 방황하여도, 뿐이다. 트고, 반짝이는 위하여, 봄바람이다. 석가는 이는 별과 인류의 군영과 얼음에 약동하다.','2019-02-06 11:49:37'),(42,9,66,54,76,65,99,'387꽃이 보이는 그들을 가는 꽃 방황하여도, 뿐이다. 트고, 반짝이는 위하여, 봄바람이다. 석가는 이는 별과 인류의 군영과 얼음에 약동하다.','2019-02-06 11:49:37'),(46,33,77,87,54,63,100,'388꽃이 보이는 그들을 가는 꽃 방황하여도, 뿐이다. 트고, 반짝이는 위하여, 봄바람이다. 석가는 이는 별과 인류의 군영과 얼음에 약동하다.','2019-02-06 11:49:37'),(9,45,99,60,52,83,55,'389꽃이 보이는 그들을 가는 꽃 방황하여도, 뿐이다. 트고, 반짝이는 위하여, 봄바람이다. 석가는 이는 별과 인류의 군영과 얼음에 약동하다.','2019-02-06 11:49:37'),(31,35,84,62,61,70,66,'390꽃이 보이는 그들을 가는 꽃 방황하여도, 뿐이다. 트고, 반짝이는 위하여, 봄바람이다. 석가는 이는 별과 인류의 군영과 얼음에 약동하다.','2019-02-06 11:49:37'),(22,10,81,75,83,89,97,'391꽃이 보이는 그들을 가는 꽃 방황하여도, 뿐이다. 트고, 반짝이는 위하여, 봄바람이다. 석가는 이는 별과 인류의 군영과 얼음에 약동하다.','2019-02-06 11:49:37'),(18,46,75,88,63,54,83,'392꽃이 보이는 그들을 가는 꽃 방황하여도, 뿐이다. 트고, 반짝이는 위하여, 봄바람이다. 석가는 이는 별과 인류의 군영과 얼음에 약동하다.','2019-02-06 11:49:37'),(1,5,70,89,81,90,55,'393꽃이 보이는 그들을 가는 꽃 방황하여도, 뿐이다. 트고, 반짝이는 위하여, 봄바람이다. 석가는 이는 별과 인류의 군영과 얼음에 약동하다.','2019-02-06 11:49:37'),(7,18,69,93,57,59,72,'394꽃이 보이는 그들을 가는 꽃 방황하여도, 뿐이다. 트고, 반짝이는 위하여, 봄바람이다. 석가는 이는 별과 인류의 군영과 얼음에 약동하다.','2019-02-06 11:49:37'),(34,1,50,53,66,69,99,'395꽃이 보이는 그들을 가는 꽃 방황하여도, 뿐이다. 트고, 반짝이는 위하여, 봄바람이다. 석가는 이는 별과 인류의 군영과 얼음에 약동하다.','2019-02-06 11:49:37'),(36,32,100,54,72,100,79,'396꽃이 보이는 그들을 가는 꽃 방황하여도, 뿐이다. 트고, 반짝이는 위하여, 봄바람이다. 석가는 이는 별과 인류의 군영과 얼음에 약동하다.','2019-02-06 11:49:37'),(47,48,99,99,99,98,92,'397꽃이 보이는 그들을 가는 꽃 방황하여도, 뿐이다. 트고, 반짝이는 위하여, 봄바람이다. 석가는 이는 별과 인류의 군영과 얼음에 약동하다.','2019-02-06 11:49:37'),(14,44,76,51,80,94,81,'398꽃이 보이는 그들을 가는 꽃 방황하여도, 뿐이다. 트고, 반짝이는 위하여, 봄바람이다. 석가는 이는 별과 인류의 군영과 얼음에 약동하다.','2019-02-06 11:49:37'),(21,11,93,79,69,58,82,'399꽃이 보이는 그들을 가는 꽃 방황하여도, 뿐이다. 트고, 반짝이는 위하여, 봄바람이다. 석가는 이는 별과 인류의 군영과 얼음에 약동하다.','2019-02-06 11:49:37'),(38,41,92,85,100,92,59,'400꽃이 보이는 그들을 가는 꽃 방황하여도, 뿐이다. 트고, 반짝이는 위하여, 봄바람이다. 석가는 이는 별과 인류의 군영과 얼음에 약동하다.','2019-02-06 11:49:37'),(23,34,51,55,72,94,53,'401꽃이 보이는 그들을 가는 꽃 방황하여도, 뿐이다. 트고, 반짝이는 위하여, 봄바람이다. 석가는 이는 별과 인류의 군영과 얼음에 약동하다.','2019-02-06 11:49:37'),(36,18,79,95,87,99,81,'402꽃이 보이는 그들을 가는 꽃 방황하여도, 뿐이다. 트고, 반짝이는 위하여, 봄바람이다. 석가는 이는 별과 인류의 군영과 얼음에 약동하다.','2019-02-06 11:49:37'),(10,6,98,71,62,97,100,'403꽃이 보이는 그들을 가는 꽃 방황하여도, 뿐이다. 트고, 반짝이는 위하여, 봄바람이다. 석가는 이는 별과 인류의 군영과 얼음에 약동하다.','2019-02-06 11:49:37'),(6,30,80,60,65,92,66,'404꽃이 보이는 그들을 가는 꽃 방황하여도, 뿐이다. 트고, 반짝이는 위하여, 봄바람이다. 석가는 이는 별과 인류의 군영과 얼음에 약동하다.','2019-02-06 11:49:37'),(4,21,93,52,85,66,77,'405꽃이 보이는 그들을 가는 꽃 방황하여도, 뿐이다. 트고, 반짝이는 위하여, 봄바람이다. 석가는 이는 별과 인류의 군영과 얼음에 약동하다.','2019-02-06 11:49:37'),(35,44,63,85,83,61,57,'406꽃이 보이는 그들을 가는 꽃 방황하여도, 뿐이다. 트고, 반짝이는 위하여, 봄바람이다. 석가는 이는 별과 인류의 군영과 얼음에 약동하다.','2019-02-06 11:49:37'),(4,46,65,90,51,90,95,'407꽃이 보이는 그들을 가는 꽃 방황하여도, 뿐이다. 트고, 반짝이는 위하여, 봄바람이다. 석가는 이는 별과 인류의 군영과 얼음에 약동하다.','2019-02-06 11:49:37'),(3,32,98,93,71,79,83,'408꽃이 보이는 그들을 가는 꽃 방황하여도, 뿐이다. 트고, 반짝이는 위하여, 봄바람이다. 석가는 이는 별과 인류의 군영과 얼음에 약동하다.','2019-02-06 11:49:37'),(25,27,57,56,60,83,81,'409꽃이 보이는 그들을 가는 꽃 방황하여도, 뿐이다. 트고, 반짝이는 위하여, 봄바람이다. 석가는 이는 별과 인류의 군영과 얼음에 약동하다.','2019-02-06 11:49:37'),(9,50,72,62,93,78,61,'410꽃이 보이는 그들을 가는 꽃 방황하여도, 뿐이다. 트고, 반짝이는 위하여, 봄바람이다. 석가는 이는 별과 인류의 군영과 얼음에 약동하다.','2019-02-06 11:49:37'),(24,33,92,63,89,54,55,'411꽃이 보이는 그들을 가는 꽃 방황하여도, 뿐이다. 트고, 반짝이는 위하여, 봄바람이다. 석가는 이는 별과 인류의 군영과 얼음에 약동하다.','2019-02-06 11:49:38'),(16,9,98,64,75,85,98,'412꽃이 보이는 그들을 가는 꽃 방황하여도, 뿐이다. 트고, 반짝이는 위하여, 봄바람이다. 석가는 이는 별과 인류의 군영과 얼음에 약동하다.','2019-02-06 11:49:38'),(35,31,99,50,55,78,72,'413꽃이 보이는 그들을 가는 꽃 방황하여도, 뿐이다. 트고, 반짝이는 위하여, 봄바람이다. 석가는 이는 별과 인류의 군영과 얼음에 약동하다.','2019-02-06 11:49:38'),(27,15,97,87,96,68,52,'414꽃이 보이는 그들을 가는 꽃 방황하여도, 뿐이다. 트고, 반짝이는 위하여, 봄바람이다. 석가는 이는 별과 인류의 군영과 얼음에 약동하다.','2019-02-06 11:49:38'),(8,33,87,89,84,54,67,'415꽃이 보이는 그들을 가는 꽃 방황하여도, 뿐이다. 트고, 반짝이는 위하여, 봄바람이다. 석가는 이는 별과 인류의 군영과 얼음에 약동하다.','2019-02-06 11:49:38'),(26,23,89,76,61,80,67,'416꽃이 보이는 그들을 가는 꽃 방황하여도, 뿐이다. 트고, 반짝이는 위하여, 봄바람이다. 석가는 이는 별과 인류의 군영과 얼음에 약동하다.','2019-02-06 11:49:38'),(45,23,80,82,70,54,62,'417꽃이 보이는 그들을 가는 꽃 방황하여도, 뿐이다. 트고, 반짝이는 위하여, 봄바람이다. 석가는 이는 별과 인류의 군영과 얼음에 약동하다.','2019-02-06 11:49:38'),(38,7,71,84,56,79,78,'419꽃이 보이는 그들을 가는 꽃 방황하여도, 뿐이다. 트고, 반짝이는 위하여, 봄바람이다. 석가는 이는 별과 인류의 군영과 얼음에 약동하다.','2019-02-06 11:49:38'),(3,30,87,99,82,63,69,'420꽃이 보이는 그들을 가는 꽃 방황하여도, 뿐이다. 트고, 반짝이는 위하여, 봄바람이다. 석가는 이는 별과 인류의 군영과 얼음에 약동하다.','2019-02-06 11:49:38'),(6,21,89,79,80,62,72,'421꽃이 보이는 그들을 가는 꽃 방황하여도, 뿐이다. 트고, 반짝이는 위하여, 봄바람이다. 석가는 이는 별과 인류의 군영과 얼음에 약동하다.','2019-02-06 11:49:38'),(23,47,64,82,67,91,50,'422꽃이 보이는 그들을 가는 꽃 방황하여도, 뿐이다. 트고, 반짝이는 위하여, 봄바람이다. 석가는 이는 별과 인류의 군영과 얼음에 약동하다.','2019-02-06 11:49:38'),(33,12,59,63,87,96,66,'423꽃이 보이는 그들을 가는 꽃 방황하여도, 뿐이다. 트고, 반짝이는 위하여, 봄바람이다. 석가는 이는 별과 인류의 군영과 얼음에 약동하다.','2019-02-06 11:49:38'),(45,26,94,91,72,89,77,'424꽃이 보이는 그들을 가는 꽃 방황하여도, 뿐이다. 트고, 반짝이는 위하여, 봄바람이다. 석가는 이는 별과 인류의 군영과 얼음에 약동하다.','2019-02-06 11:49:38'),(20,19,82,53,72,99,78,'425꽃이 보이는 그들을 가는 꽃 방황하여도, 뿐이다. 트고, 반짝이는 위하여, 봄바람이다. 석가는 이는 별과 인류의 군영과 얼음에 약동하다.','2019-02-06 11:49:38'),(43,29,65,89,51,89,91,'426꽃이 보이는 그들을 가는 꽃 방황하여도, 뿐이다. 트고, 반짝이는 위하여, 봄바람이다. 석가는 이는 별과 인류의 군영과 얼음에 약동하다.','2019-02-06 11:49:38'),(37,11,94,88,55,65,58,'427꽃이 보이는 그들을 가는 꽃 방황하여도, 뿐이다. 트고, 반짝이는 위하여, 봄바람이다. 석가는 이는 별과 인류의 군영과 얼음에 약동하다.','2019-02-06 11:49:38'),(49,15,78,95,91,69,74,'428꽃이 보이는 그들을 가는 꽃 방황하여도, 뿐이다. 트고, 반짝이는 위하여, 봄바람이다. 석가는 이는 별과 인류의 군영과 얼음에 약동하다.','2019-02-06 11:49:38'),(12,37,100,89,93,98,61,'429꽃이 보이는 그들을 가는 꽃 방황하여도, 뿐이다. 트고, 반짝이는 위하여, 봄바람이다. 석가는 이는 별과 인류의 군영과 얼음에 약동하다.','2019-02-06 11:49:38'),(13,28,52,81,95,82,74,'430꽃이 보이는 그들을 가는 꽃 방황하여도, 뿐이다. 트고, 반짝이는 위하여, 봄바람이다. 석가는 이는 별과 인류의 군영과 얼음에 약동하다.','2019-02-06 11:49:38'),(25,2,85,70,94,60,70,'431꽃이 보이는 그들을 가는 꽃 방황하여도, 뿐이다. 트고, 반짝이는 위하여, 봄바람이다. 석가는 이는 별과 인류의 군영과 얼음에 약동하다.','2019-02-06 11:49:38'),(19,35,66,78,90,67,65,'432꽃이 보이는 그들을 가는 꽃 방황하여도, 뿐이다. 트고, 반짝이는 위하여, 봄바람이다. 석가는 이는 별과 인류의 군영과 얼음에 약동하다.','2019-02-06 11:49:38'),(24,23,95,52,78,83,80,'433꽃이 보이는 그들을 가는 꽃 방황하여도, 뿐이다. 트고, 반짝이는 위하여, 봄바람이다. 석가는 이는 별과 인류의 군영과 얼음에 약동하다.','2019-02-06 11:49:38'),(1,16,73,72,88,75,59,'434꽃이 보이는 그들을 가는 꽃 방황하여도, 뿐이다. 트고, 반짝이는 위하여, 봄바람이다. 석가는 이는 별과 인류의 군영과 얼음에 약동하다.','2019-02-06 11:49:38'),(25,42,88,60,91,71,85,'435꽃이 보이는 그들을 가는 꽃 방황하여도, 뿐이다. 트고, 반짝이는 위하여, 봄바람이다. 석가는 이는 별과 인류의 군영과 얼음에 약동하다.','2019-02-06 11:49:38'),(9,41,75,56,55,58,74,'436꽃이 보이는 그들을 가는 꽃 방황하여도, 뿐이다. 트고, 반짝이는 위하여, 봄바람이다. 석가는 이는 별과 인류의 군영과 얼음에 약동하다.','2019-02-06 11:49:38'),(47,9,55,52,95,65,93,'437꽃이 보이는 그들을 가는 꽃 방황하여도, 뿐이다. 트고, 반짝이는 위하여, 봄바람이다. 석가는 이는 별과 인류의 군영과 얼음에 약동하다.','2019-02-06 11:49:38'),(20,19,85,67,81,52,72,'438꽃이 보이는 그들을 가는 꽃 방황하여도, 뿐이다. 트고, 반짝이는 위하여, 봄바람이다. 석가는 이는 별과 인류의 군영과 얼음에 약동하다.','2019-02-06 11:49:38'),(4,1,93,62,84,81,53,'439꽃이 보이는 그들을 가는 꽃 방황하여도, 뿐이다. 트고, 반짝이는 위하여, 봄바람이다. 석가는 이는 별과 인류의 군영과 얼음에 약동하다.','2019-02-06 11:49:38'),(27,21,71,96,66,92,61,'440꽃이 보이는 그들을 가는 꽃 방황하여도, 뿐이다. 트고, 반짝이는 위하여, 봄바람이다. 석가는 이는 별과 인류의 군영과 얼음에 약동하다.','2019-02-06 11:49:38'),(29,13,74,84,98,87,93,'441꽃이 보이는 그들을 가는 꽃 방황하여도, 뿐이다. 트고, 반짝이는 위하여, 봄바람이다. 석가는 이는 별과 인류의 군영과 얼음에 약동하다.','2019-02-06 11:49:38'),(1,27,80,69,55,71,87,'442꽃이 보이는 그들을 가는 꽃 방황하여도, 뿐이다. 트고, 반짝이는 위하여, 봄바람이다. 석가는 이는 별과 인류의 군영과 얼음에 약동하다.','2019-02-06 11:49:38'),(22,49,76,87,56,69,79,'443꽃이 보이는 그들을 가는 꽃 방황하여도, 뿐이다. 트고, 반짝이는 위하여, 봄바람이다. 석가는 이는 별과 인류의 군영과 얼음에 약동하다.','2019-02-06 11:49:38'),(35,37,80,89,56,64,50,'444꽃이 보이는 그들을 가는 꽃 방황하여도, 뿐이다. 트고, 반짝이는 위하여, 봄바람이다. 석가는 이는 별과 인류의 군영과 얼음에 약동하다.','2019-02-06 11:49:38'),(10,46,51,72,53,52,50,'445꽃이 보이는 그들을 가는 꽃 방황하여도, 뿐이다. 트고, 반짝이는 위하여, 봄바람이다. 석가는 이는 별과 인류의 군영과 얼음에 약동하다.','2019-02-06 11:49:38'),(47,31,61,67,100,99,93,'446꽃이 보이는 그들을 가는 꽃 방황하여도, 뿐이다. 트고, 반짝이는 위하여, 봄바람이다. 석가는 이는 별과 인류의 군영과 얼음에 약동하다.','2019-02-06 11:49:38'),(18,11,100,65,78,95,89,'447꽃이 보이는 그들을 가는 꽃 방황하여도, 뿐이다. 트고, 반짝이는 위하여, 봄바람이다. 석가는 이는 별과 인류의 군영과 얼음에 약동하다.','2019-02-06 11:49:38'),(12,39,58,78,63,84,79,'448꽃이 보이는 그들을 가는 꽃 방황하여도, 뿐이다. 트고, 반짝이는 위하여, 봄바람이다. 석가는 이는 별과 인류의 군영과 얼음에 약동하다.','2019-02-06 11:49:38'),(45,33,81,55,87,67,73,'449꽃이 보이는 그들을 가는 꽃 방황하여도, 뿐이다. 트고, 반짝이는 위하여, 봄바람이다. 석가는 이는 별과 인류의 군영과 얼음에 약동하다.','2019-02-06 11:49:38'),(17,12,57,55,52,99,82,'450꽃이 보이는 그들을 가는 꽃 방황하여도, 뿐이다. 트고, 반짝이는 위하여, 봄바람이다. 석가는 이는 별과 인류의 군영과 얼음에 약동하다.','2019-02-06 11:49:38'),(17,35,76,73,91,83,91,'451꽃이 보이는 그들을 가는 꽃 방황하여도, 뿐이다. 트고, 반짝이는 위하여, 봄바람이다. 석가는 이는 별과 인류의 군영과 얼음에 약동하다.','2019-02-06 11:49:38'),(8,16,53,71,94,57,54,'452꽃이 보이는 그들을 가는 꽃 방황하여도, 뿐이다. 트고, 반짝이는 위하여, 봄바람이다. 석가는 이는 별과 인류의 군영과 얼음에 약동하다.','2019-02-06 11:49:38'),(50,36,80,93,73,86,60,'453꽃이 보이는 그들을 가는 꽃 방황하여도, 뿐이다. 트고, 반짝이는 위하여, 봄바람이다. 석가는 이는 별과 인류의 군영과 얼음에 약동하다.','2019-02-06 11:49:38'),(43,34,90,100,79,95,88,'454꽃이 보이는 그들을 가는 꽃 방황하여도, 뿐이다. 트고, 반짝이는 위하여, 봄바람이다. 석가는 이는 별과 인류의 군영과 얼음에 약동하다.','2019-02-06 11:49:38'),(3,49,88,94,55,94,51,'455꽃이 보이는 그들을 가는 꽃 방황하여도, 뿐이다. 트고, 반짝이는 위하여, 봄바람이다. 석가는 이는 별과 인류의 군영과 얼음에 약동하다.','2019-02-06 11:49:38'),(29,39,57,71,82,97,86,'456꽃이 보이는 그들을 가는 꽃 방황하여도, 뿐이다. 트고, 반짝이는 위하여, 봄바람이다. 석가는 이는 별과 인류의 군영과 얼음에 약동하다.','2019-02-06 11:49:38'),(42,1,77,84,89,93,97,'457꽃이 보이는 그들을 가는 꽃 방황하여도, 뿐이다. 트고, 반짝이는 위하여, 봄바람이다. 석가는 이는 별과 인류의 군영과 얼음에 약동하다.','2019-02-06 11:49:38'),(7,40,81,87,89,86,60,'458꽃이 보이는 그들을 가는 꽃 방황하여도, 뿐이다. 트고, 반짝이는 위하여, 봄바람이다. 석가는 이는 별과 인류의 군영과 얼음에 약동하다.','2019-02-06 11:49:38'),(45,41,68,72,53,50,95,'459꽃이 보이는 그들을 가는 꽃 방황하여도, 뿐이다. 트고, 반짝이는 위하여, 봄바람이다. 석가는 이는 별과 인류의 군영과 얼음에 약동하다.','2019-02-06 11:49:38'),(8,19,68,87,80,91,61,'461꽃이 보이는 그들을 가는 꽃 방황하여도, 뿐이다. 트고, 반짝이는 위하여, 봄바람이다. 석가는 이는 별과 인류의 군영과 얼음에 약동하다.','2019-02-06 11:49:38'),(33,32,61,59,64,91,64,'462꽃이 보이는 그들을 가는 꽃 방황하여도, 뿐이다. 트고, 반짝이는 위하여, 봄바람이다. 석가는 이는 별과 인류의 군영과 얼음에 약동하다.','2019-02-06 11:49:38'),(47,40,58,72,87,66,70,'463꽃이 보이는 그들을 가는 꽃 방황하여도, 뿐이다. 트고, 반짝이는 위하여, 봄바람이다. 석가는 이는 별과 인류의 군영과 얼음에 약동하다.','2019-02-06 11:49:38'),(5,11,88,60,87,54,59,'464꽃이 보이는 그들을 가는 꽃 방황하여도, 뿐이다. 트고, 반짝이는 위하여, 봄바람이다. 석가는 이는 별과 인류의 군영과 얼음에 약동하다.','2019-02-06 11:49:38'),(35,46,71,71,90,88,68,'465꽃이 보이는 그들을 가는 꽃 방황하여도, 뿐이다. 트고, 반짝이는 위하여, 봄바람이다. 석가는 이는 별과 인류의 군영과 얼음에 약동하다.','2019-02-06 11:49:38'),(30,40,62,94,79,66,92,'466꽃이 보이는 그들을 가는 꽃 방황하여도, 뿐이다. 트고, 반짝이는 위하여, 봄바람이다. 석가는 이는 별과 인류의 군영과 얼음에 약동하다.','2019-02-06 11:49:38'),(13,35,89,87,68,82,53,'467꽃이 보이는 그들을 가는 꽃 방황하여도, 뿐이다. 트고, 반짝이는 위하여, 봄바람이다. 석가는 이는 별과 인류의 군영과 얼음에 약동하다.','2019-02-06 11:49:38'),(20,42,96,54,87,69,86,'468꽃이 보이는 그들을 가는 꽃 방황하여도, 뿐이다. 트고, 반짝이는 위하여, 봄바람이다. 석가는 이는 별과 인류의 군영과 얼음에 약동하다.','2019-02-06 11:49:38'),(20,43,53,89,85,58,87,'469꽃이 보이는 그들을 가는 꽃 방황하여도, 뿐이다. 트고, 반짝이는 위하여, 봄바람이다. 석가는 이는 별과 인류의 군영과 얼음에 약동하다.','2019-02-06 11:49:38'),(8,29,71,68,78,84,85,'470꽃이 보이는 그들을 가는 꽃 방황하여도, 뿐이다. 트고, 반짝이는 위하여, 봄바람이다. 석가는 이는 별과 인류의 군영과 얼음에 약동하다.','2019-02-06 11:49:38'),(26,21,77,74,88,66,66,'471꽃이 보이는 그들을 가는 꽃 방황하여도, 뿐이다. 트고, 반짝이는 위하여, 봄바람이다. 석가는 이는 별과 인류의 군영과 얼음에 약동하다.','2019-02-06 11:49:38'),(36,28,80,67,97,82,70,'472꽃이 보이는 그들을 가는 꽃 방황하여도, 뿐이다. 트고, 반짝이는 위하여, 봄바람이다. 석가는 이는 별과 인류의 군영과 얼음에 약동하다.','2019-02-06 11:49:38'),(6,18,69,96,69,58,87,'473꽃이 보이는 그들을 가는 꽃 방황하여도, 뿐이다. 트고, 반짝이는 위하여, 봄바람이다. 석가는 이는 별과 인류의 군영과 얼음에 약동하다.','2019-02-06 11:49:38'),(7,23,93,98,58,50,77,'474꽃이 보이는 그들을 가는 꽃 방황하여도, 뿐이다. 트고, 반짝이는 위하여, 봄바람이다. 석가는 이는 별과 인류의 군영과 얼음에 약동하다.','2019-02-06 11:49:38'),(32,26,86,50,97,82,67,'475꽃이 보이는 그들을 가는 꽃 방황하여도, 뿐이다. 트고, 반짝이는 위하여, 봄바람이다. 석가는 이는 별과 인류의 군영과 얼음에 약동하다.','2019-02-06 11:49:38'),(41,4,95,61,74,84,99,'476꽃이 보이는 그들을 가는 꽃 방황하여도, 뿐이다. 트고, 반짝이는 위하여, 봄바람이다. 석가는 이는 별과 인류의 군영과 얼음에 약동하다.','2019-02-06 11:49:38'),(42,13,88,100,85,74,66,'477꽃이 보이는 그들을 가는 꽃 방황하여도, 뿐이다. 트고, 반짝이는 위하여, 봄바람이다. 석가는 이는 별과 인류의 군영과 얼음에 약동하다.','2019-02-06 11:49:38'),(10,48,61,61,74,85,52,'478꽃이 보이는 그들을 가는 꽃 방황하여도, 뿐이다. 트고, 반짝이는 위하여, 봄바람이다. 석가는 이는 별과 인류의 군영과 얼음에 약동하다.','2019-02-06 11:49:38'),(10,39,65,61,61,72,77,'479꽃이 보이는 그들을 가는 꽃 방황하여도, 뿐이다. 트고, 반짝이는 위하여, 봄바람이다. 석가는 이는 별과 인류의 군영과 얼음에 약동하다.','2019-02-06 11:49:38'),(21,18,79,93,74,95,100,'480꽃이 보이는 그들을 가는 꽃 방황하여도, 뿐이다. 트고, 반짝이는 위하여, 봄바람이다. 석가는 이는 별과 인류의 군영과 얼음에 약동하다.','2019-02-06 11:49:38'),(15,25,80,76,90,71,85,'481꽃이 보이는 그들을 가는 꽃 방황하여도, 뿐이다. 트고, 반짝이는 위하여, 봄바람이다. 석가는 이는 별과 인류의 군영과 얼음에 약동하다.','2019-02-06 11:49:38'),(11,1,68,89,89,80,84,'482꽃이 보이는 그들을 가는 꽃 방황하여도, 뿐이다. 트고, 반짝이는 위하여, 봄바람이다. 석가는 이는 별과 인류의 군영과 얼음에 약동하다.','2019-02-06 11:49:38'),(29,40,62,94,81,76,85,'483꽃이 보이는 그들을 가는 꽃 방황하여도, 뿐이다. 트고, 반짝이는 위하여, 봄바람이다. 석가는 이는 별과 인류의 군영과 얼음에 약동하다.','2019-02-06 11:49:38'),(47,29,51,71,51,93,61,'484꽃이 보이는 그들을 가는 꽃 방황하여도, 뿐이다. 트고, 반짝이는 위하여, 봄바람이다. 석가는 이는 별과 인류의 군영과 얼음에 약동하다.','2019-02-06 11:49:38'),(27,49,65,80,53,76,72,'485꽃이 보이는 그들을 가는 꽃 방황하여도, 뿐이다. 트고, 반짝이는 위하여, 봄바람이다. 석가는 이는 별과 인류의 군영과 얼음에 약동하다.','2019-02-06 11:49:38'),(33,48,87,95,61,73,80,'486꽃이 보이는 그들을 가는 꽃 방황하여도, 뿐이다. 트고, 반짝이는 위하여, 봄바람이다. 석가는 이는 별과 인류의 군영과 얼음에 약동하다.','2019-02-06 11:49:38'),(33,23,64,55,83,100,99,'487꽃이 보이는 그들을 가는 꽃 방황하여도, 뿐이다. 트고, 반짝이는 위하여, 봄바람이다. 석가는 이는 별과 인류의 군영과 얼음에 약동하다.','2019-02-06 11:49:38'),(44,24,88,67,72,59,82,'488꽃이 보이는 그들을 가는 꽃 방황하여도, 뿐이다. 트고, 반짝이는 위하여, 봄바람이다. 석가는 이는 별과 인류의 군영과 얼음에 약동하다.','2019-02-06 11:49:38'),(29,48,51,66,77,85,95,'489꽃이 보이는 그들을 가는 꽃 방황하여도, 뿐이다. 트고, 반짝이는 위하여, 봄바람이다. 석가는 이는 별과 인류의 군영과 얼음에 약동하다.','2019-02-06 11:49:38'),(19,10,91,75,53,94,56,'490꽃이 보이는 그들을 가는 꽃 방황하여도, 뿐이다. 트고, 반짝이는 위하여, 봄바람이다. 석가는 이는 별과 인류의 군영과 얼음에 약동하다.','2019-02-06 11:49:38'),(2,41,95,51,74,64,50,'491꽃이 보이는 그들을 가는 꽃 방황하여도, 뿐이다. 트고, 반짝이는 위하여, 봄바람이다. 석가는 이는 별과 인류의 군영과 얼음에 약동하다.','2019-02-06 11:49:38'),(11,3,78,83,80,50,65,'492꽃이 보이는 그들을 가는 꽃 방황하여도, 뿐이다. 트고, 반짝이는 위하여, 봄바람이다. 석가는 이는 별과 인류의 군영과 얼음에 약동하다.','2019-02-06 11:49:38'),(42,33,88,91,90,76,61,'494꽃이 보이는 그들을 가는 꽃 방황하여도, 뿐이다. 트고, 반짝이는 위하여, 봄바람이다. 석가는 이는 별과 인류의 군영과 얼음에 약동하다.','2019-02-06 11:49:38'),(30,15,82,66,88,87,73,'495꽃이 보이는 그들을 가는 꽃 방황하여도, 뿐이다. 트고, 반짝이는 위하여, 봄바람이다. 석가는 이는 별과 인류의 군영과 얼음에 약동하다.','2019-02-06 11:49:38'),(5,4,53,55,67,70,100,'496꽃이 보이는 그들을 가는 꽃 방황하여도, 뿐이다. 트고, 반짝이는 위하여, 봄바람이다. 석가는 이는 별과 인류의 군영과 얼음에 약동하다.','2019-02-06 11:49:38'),(39,45,56,96,62,74,83,'497꽃이 보이는 그들을 가는 꽃 방황하여도, 뿐이다. 트고, 반짝이는 위하여, 봄바람이다. 석가는 이는 별과 인류의 군영과 얼음에 약동하다.','2019-02-06 11:49:38'),(42,11,79,60,66,50,54,'498꽃이 보이는 그들을 가는 꽃 방황하여도, 뿐이다. 트고, 반짝이는 위하여, 봄바람이다. 석가는 이는 별과 인류의 군영과 얼음에 약동하다.','2019-02-06 11:49:38'),(21,40,84,53,64,61,61,'499꽃이 보이는 그들을 가는 꽃 방황하여도, 뿐이다. 트고, 반짝이는 위하여, 봄바람이다. 석가는 이는 별과 인류의 군영과 얼음에 약동하다.','2019-02-06 11:49:38'),(25,41,78,67,53,67,72,'500꽃이 보이는 그들을 가는 꽃 방황하여도, 뿐이다. 트고, 반짝이는 위하여, 봄바람이다. 석가는 이는 별과 인류의 군영과 얼음에 약동하다.','2019-02-06 11:49:38'),(13,44,82,79,98,52,69,'501꽃이 보이는 그들을 가는 꽃 방황하여도, 뿐이다. 트고, 반짝이는 위하여, 봄바람이다. 석가는 이는 별과 인류의 군영과 얼음에 약동하다.','2019-02-06 11:49:38'),(38,32,95,79,58,58,65,'502꽃이 보이는 그들을 가는 꽃 방황하여도, 뿐이다. 트고, 반짝이는 위하여, 봄바람이다. 석가는 이는 별과 인류의 군영과 얼음에 약동하다.','2019-02-06 11:49:38'),(1,10,94,92,77,57,59,'503꽃이 보이는 그들을 가는 꽃 방황하여도, 뿐이다. 트고, 반짝이는 위하여, 봄바람이다. 석가는 이는 별과 인류의 군영과 얼음에 약동하다.','2019-02-06 11:49:38'),(22,29,80,65,87,87,75,'504꽃이 보이는 그들을 가는 꽃 방황하여도, 뿐이다. 트고, 반짝이는 위하여, 봄바람이다. 석가는 이는 별과 인류의 군영과 얼음에 약동하다.','2019-02-06 11:49:38'),(14,45,82,74,77,62,78,'505꽃이 보이는 그들을 가는 꽃 방황하여도, 뿐이다. 트고, 반짝이는 위하여, 봄바람이다. 석가는 이는 별과 인류의 군영과 얼음에 약동하다.','2019-02-06 11:49:38'),(6,43,98,61,63,80,60,'506꽃이 보이는 그들을 가는 꽃 방황하여도, 뿐이다. 트고, 반짝이는 위하여, 봄바람이다. 석가는 이는 별과 인류의 군영과 얼음에 약동하다.','2019-02-06 11:49:38'),(12,30,59,61,78,53,86,'507꽃이 보이는 그들을 가는 꽃 방황하여도, 뿐이다. 트고, 반짝이는 위하여, 봄바람이다. 석가는 이는 별과 인류의 군영과 얼음에 약동하다.','2019-02-06 11:49:38'),(20,39,87,65,67,90,98,'508꽃이 보이는 그들을 가는 꽃 방황하여도, 뿐이다. 트고, 반짝이는 위하여, 봄바람이다. 석가는 이는 별과 인류의 군영과 얼음에 약동하다.','2019-02-06 11:49:38'),(19,50,91,58,66,56,82,'509꽃이 보이는 그들을 가는 꽃 방황하여도, 뿐이다. 트고, 반짝이는 위하여, 봄바람이다. 석가는 이는 별과 인류의 군영과 얼음에 약동하다.','2019-02-06 11:49:38'),(42,14,92,66,58,95,95,'510꽃이 보이는 그들을 가는 꽃 방황하여도, 뿐이다. 트고, 반짝이는 위하여, 봄바람이다. 석가는 이는 별과 인류의 군영과 얼음에 약동하다.','2019-02-06 11:49:38'),(41,21,78,80,65,86,85,'511꽃이 보이는 그들을 가는 꽃 방황하여도, 뿐이다. 트고, 반짝이는 위하여, 봄바람이다. 석가는 이는 별과 인류의 군영과 얼음에 약동하다.','2019-02-06 11:49:38'),(17,28,90,66,60,51,79,'512꽃이 보이는 그들을 가는 꽃 방황하여도, 뿐이다. 트고, 반짝이는 위하여, 봄바람이다. 석가는 이는 별과 인류의 군영과 얼음에 약동하다.','2019-02-06 11:49:38'),(40,10,80,69,56,76,58,'513꽃이 보이는 그들을 가는 꽃 방황하여도, 뿐이다. 트고, 반짝이는 위하여, 봄바람이다. 석가는 이는 별과 인류의 군영과 얼음에 약동하다.','2019-02-06 11:49:38'),(16,2,63,61,66,97,83,'514꽃이 보이는 그들을 가는 꽃 방황하여도, 뿐이다. 트고, 반짝이는 위하여, 봄바람이다. 석가는 이는 별과 인류의 군영과 얼음에 약동하다.','2019-02-06 11:49:38'),(28,37,50,92,59,72,83,'515꽃이 보이는 그들을 가는 꽃 방황하여도, 뿐이다. 트고, 반짝이는 위하여, 봄바람이다. 석가는 이는 별과 인류의 군영과 얼음에 약동하다.','2019-02-06 11:49:38'),(48,38,96,67,100,93,68,'516꽃이 보이는 그들을 가는 꽃 방황하여도, 뿐이다. 트고, 반짝이는 위하여, 봄바람이다. 석가는 이는 별과 인류의 군영과 얼음에 약동하다.','2019-02-06 11:49:38'),(10,47,51,71,98,76,89,'517꽃이 보이는 그들을 가는 꽃 방황하여도, 뿐이다. 트고, 반짝이는 위하여, 봄바람이다. 석가는 이는 별과 인류의 군영과 얼음에 약동하다.','2019-02-06 11:49:38'),(15,7,89,74,55,52,99,'518꽃이 보이는 그들을 가는 꽃 방황하여도, 뿐이다. 트고, 반짝이는 위하여, 봄바람이다. 석가는 이는 별과 인류의 군영과 얼음에 약동하다.','2019-02-06 11:49:38'),(34,22,55,66,62,63,80,'519꽃이 보이는 그들을 가는 꽃 방황하여도, 뿐이다. 트고, 반짝이는 위하여, 봄바람이다. 석가는 이는 별과 인류의 군영과 얼음에 약동하다.','2019-02-06 11:49:38'),(9,5,97,68,50,98,90,'520꽃이 보이는 그들을 가는 꽃 방황하여도, 뿐이다. 트고, 반짝이는 위하여, 봄바람이다. 석가는 이는 별과 인류의 군영과 얼음에 약동하다.','2019-02-06 11:49:38'),(3,43,56,55,57,72,89,'521꽃이 보이는 그들을 가는 꽃 방황하여도, 뿐이다. 트고, 반짝이는 위하여, 봄바람이다. 석가는 이는 별과 인류의 군영과 얼음에 약동하다.','2019-02-06 11:49:38'),(27,16,98,90,59,75,96,'522꽃이 보이는 그들을 가는 꽃 방황하여도, 뿐이다. 트고, 반짝이는 위하여, 봄바람이다. 석가는 이는 별과 인류의 군영과 얼음에 약동하다.','2019-02-06 11:49:38'),(7,43,96,98,52,69,88,'523꽃이 보이는 그들을 가는 꽃 방황하여도, 뿐이다. 트고, 반짝이는 위하여, 봄바람이다. 석가는 이는 별과 인류의 군영과 얼음에 약동하다.','2019-02-06 11:49:38'),(32,43,71,78,76,98,57,'524꽃이 보이는 그들을 가는 꽃 방황하여도, 뿐이다. 트고, 반짝이는 위하여, 봄바람이다. 석가는 이는 별과 인류의 군영과 얼음에 약동하다.','2019-02-06 11:49:38'),(47,8,100,74,73,93,94,'525꽃이 보이는 그들을 가는 꽃 방황하여도, 뿐이다. 트고, 반짝이는 위하여, 봄바람이다. 석가는 이는 별과 인류의 군영과 얼음에 약동하다.','2019-02-06 11:49:38'),(40,18,69,95,65,92,61,'526꽃이 보이는 그들을 가는 꽃 방황하여도, 뿐이다. 트고, 반짝이는 위하여, 봄바람이다. 석가는 이는 별과 인류의 군영과 얼음에 약동하다.','2019-02-06 11:49:38'),(35,36,76,71,80,87,92,'527꽃이 보이는 그들을 가는 꽃 방황하여도, 뿐이다. 트고, 반짝이는 위하여, 봄바람이다. 석가는 이는 별과 인류의 군영과 얼음에 약동하다.','2019-02-06 11:49:38'),(50,22,61,90,66,59,100,'528꽃이 보이는 그들을 가는 꽃 방황하여도, 뿐이다. 트고, 반짝이는 위하여, 봄바람이다. 석가는 이는 별과 인류의 군영과 얼음에 약동하다.','2019-02-06 11:49:38'),(19,45,66,99,96,81,66,'529꽃이 보이는 그들을 가는 꽃 방황하여도, 뿐이다. 트고, 반짝이는 위하여, 봄바람이다. 석가는 이는 별과 인류의 군영과 얼음에 약동하다.','2019-02-06 11:49:38'),(40,1,85,70,98,78,96,'530꽃이 보이는 그들을 가는 꽃 방황하여도, 뿐이다. 트고, 반짝이는 위하여, 봄바람이다. 석가는 이는 별과 인류의 군영과 얼음에 약동하다.','2019-02-06 11:49:38'),(45,38,52,50,93,64,93,'531꽃이 보이는 그들을 가는 꽃 방황하여도, 뿐이다. 트고, 반짝이는 위하여, 봄바람이다. 석가는 이는 별과 인류의 군영과 얼음에 약동하다.','2019-02-06 11:49:38'),(20,21,93,53,88,79,79,'532꽃이 보이는 그들을 가는 꽃 방황하여도, 뿐이다. 트고, 반짝이는 위하여, 봄바람이다. 석가는 이는 별과 인류의 군영과 얼음에 약동하다.','2019-02-06 11:49:38'),(12,20,64,60,61,74,88,'533꽃이 보이는 그들을 가는 꽃 방황하여도, 뿐이다. 트고, 반짝이는 위하여, 봄바람이다. 석가는 이는 별과 인류의 군영과 얼음에 약동하다.','2019-02-06 11:49:38'),(18,25,69,70,97,70,62,'534꽃이 보이는 그들을 가는 꽃 방황하여도, 뿐이다. 트고, 반짝이는 위하여, 봄바람이다. 석가는 이는 별과 인류의 군영과 얼음에 약동하다.','2019-02-06 11:49:38'),(3,24,59,77,56,53,95,'535꽃이 보이는 그들을 가는 꽃 방황하여도, 뿐이다. 트고, 반짝이는 위하여, 봄바람이다. 석가는 이는 별과 인류의 군영과 얼음에 약동하다.','2019-02-06 11:49:38'),(15,40,54,52,50,95,73,'536꽃이 보이는 그들을 가는 꽃 방황하여도, 뿐이다. 트고, 반짝이는 위하여, 봄바람이다. 석가는 이는 별과 인류의 군영과 얼음에 약동하다.','2019-02-06 11:49:38'),(32,38,94,56,100,77,88,'537꽃이 보이는 그들을 가는 꽃 방황하여도, 뿐이다. 트고, 반짝이는 위하여, 봄바람이다. 석가는 이는 별과 인류의 군영과 얼음에 약동하다.','2019-02-06 11:49:38'),(7,20,78,81,73,69,78,'538꽃이 보이는 그들을 가는 꽃 방황하여도, 뿐이다. 트고, 반짝이는 위하여, 봄바람이다. 석가는 이는 별과 인류의 군영과 얼음에 약동하다.','2019-02-06 11:49:38'),(34,35,73,59,77,56,53,'539꽃이 보이는 그들을 가는 꽃 방황하여도, 뿐이다. 트고, 반짝이는 위하여, 봄바람이다. 석가는 이는 별과 인류의 군영과 얼음에 약동하다.','2019-02-06 11:49:38'),(46,19,56,75,55,54,53,'540꽃이 보이는 그들을 가는 꽃 방황하여도, 뿐이다. 트고, 반짝이는 위하여, 봄바람이다. 석가는 이는 별과 인류의 군영과 얼음에 약동하다.','2019-02-06 11:49:38'),(6,19,74,64,99,50,55,'541꽃이 보이는 그들을 가는 꽃 방황하여도, 뿐이다. 트고, 반짝이는 위하여, 봄바람이다. 석가는 이는 별과 인류의 군영과 얼음에 약동하다.','2019-02-06 11:49:38'),(26,14,91,60,82,76,85,'542꽃이 보이는 그들을 가는 꽃 방황하여도, 뿐이다. 트고, 반짝이는 위하여, 봄바람이다. 석가는 이는 별과 인류의 군영과 얼음에 약동하다.','2019-02-06 11:49:38'),(45,22,71,90,89,72,94,'543꽃이 보이는 그들을 가는 꽃 방황하여도, 뿐이다. 트고, 반짝이는 위하여, 봄바람이다. 석가는 이는 별과 인류의 군영과 얼음에 약동하다.','2019-02-06 11:49:38'),(2,29,88,51,95,71,68,'544꽃이 보이는 그들을 가는 꽃 방황하여도, 뿐이다. 트고, 반짝이는 위하여, 봄바람이다. 석가는 이는 별과 인류의 군영과 얼음에 약동하다.','2019-02-06 11:49:38'),(31,47,93,75,95,99,59,'545꽃이 보이는 그들을 가는 꽃 방황하여도, 뿐이다. 트고, 반짝이는 위하여, 봄바람이다. 석가는 이는 별과 인류의 군영과 얼음에 약동하다.','2019-02-06 11:49:38'),(50,20,99,87,87,73,55,'546꽃이 보이는 그들을 가는 꽃 방황하여도, 뿐이다. 트고, 반짝이는 위하여, 봄바람이다. 석가는 이는 별과 인류의 군영과 얼음에 약동하다.','2019-02-06 11:49:38'),(7,19,74,62,88,55,62,'547꽃이 보이는 그들을 가는 꽃 방황하여도, 뿐이다. 트고, 반짝이는 위하여, 봄바람이다. 석가는 이는 별과 인류의 군영과 얼음에 약동하다.','2019-02-06 11:49:38'),(47,46,89,55,62,93,78,'548꽃이 보이는 그들을 가는 꽃 방황하여도, 뿐이다. 트고, 반짝이는 위하여, 봄바람이다. 석가는 이는 별과 인류의 군영과 얼음에 약동하다.','2019-02-06 11:49:38'),(13,27,97,52,71,51,92,'549꽃이 보이는 그들을 가는 꽃 방황하여도, 뿐이다. 트고, 반짝이는 위하여, 봄바람이다. 석가는 이는 별과 인류의 군영과 얼음에 약동하다.','2019-02-06 11:49:38'),(6,1,86,79,86,94,59,'550꽃이 보이는 그들을 가는 꽃 방황하여도, 뿐이다. 트고, 반짝이는 위하여, 봄바람이다. 석가는 이는 별과 인류의 군영과 얼음에 약동하다.','2019-02-06 11:49:38'),(15,47,91,61,87,50,90,'551꽃이 보이는 그들을 가는 꽃 방황하여도, 뿐이다. 트고, 반짝이는 위하여, 봄바람이다. 석가는 이는 별과 인류의 군영과 얼음에 약동하다.','2019-02-06 11:49:38'),(47,14,78,51,73,61,86,'552꽃이 보이는 그들을 가는 꽃 방황하여도, 뿐이다. 트고, 반짝이는 위하여, 봄바람이다. 석가는 이는 별과 인류의 군영과 얼음에 약동하다.','2019-02-06 11:49:38'),(48,28,98,54,80,86,88,'553꽃이 보이는 그들을 가는 꽃 방황하여도, 뿐이다. 트고, 반짝이는 위하여, 봄바람이다. 석가는 이는 별과 인류의 군영과 얼음에 약동하다.','2019-02-06 11:49:38'),(32,47,87,94,58,61,81,'554꽃이 보이는 그들을 가는 꽃 방황하여도, 뿐이다. 트고, 반짝이는 위하여, 봄바람이다. 석가는 이는 별과 인류의 군영과 얼음에 약동하다.','2019-02-06 11:49:38'),(22,13,50,66,77,89,60,'555꽃이 보이는 그들을 가는 꽃 방황하여도, 뿐이다. 트고, 반짝이는 위하여, 봄바람이다. 석가는 이는 별과 인류의 군영과 얼음에 약동하다.','2019-02-06 11:49:38'),(35,45,67,52,59,92,81,'556꽃이 보이는 그들을 가는 꽃 방황하여도, 뿐이다. 트고, 반짝이는 위하여, 봄바람이다. 석가는 이는 별과 인류의 군영과 얼음에 약동하다.','2019-02-06 11:49:38'),(29,49,59,51,80,96,89,'557꽃이 보이는 그들을 가는 꽃 방황하여도, 뿐이다. 트고, 반짝이는 위하여, 봄바람이다. 석가는 이는 별과 인류의 군영과 얼음에 약동하다.','2019-02-06 11:49:38'),(8,20,74,63,94,78,59,'558꽃이 보이는 그들을 가는 꽃 방황하여도, 뿐이다. 트고, 반짝이는 위하여, 봄바람이다. 석가는 이는 별과 인류의 군영과 얼음에 약동하다.','2019-02-06 11:49:38'),(13,35,85,72,54,56,67,'559꽃이 보이는 그들을 가는 꽃 방황하여도, 뿐이다. 트고, 반짝이는 위하여, 봄바람이다. 석가는 이는 별과 인류의 군영과 얼음에 약동하다.','2019-02-06 11:49:38'),(18,36,77,79,63,80,59,'560꽃이 보이는 그들을 가는 꽃 방황하여도, 뿐이다. 트고, 반짝이는 위하여, 봄바람이다. 석가는 이는 별과 인류의 군영과 얼음에 약동하다.','2019-02-06 11:49:38'),(9,14,94,78,57,55,52,'561꽃이 보이는 그들을 가는 꽃 방황하여도, 뿐이다. 트고, 반짝이는 위하여, 봄바람이다. 석가는 이는 별과 인류의 군영과 얼음에 약동하다.','2019-02-06 11:49:38'),(46,23,75,58,66,57,89,'562꽃이 보이는 그들을 가는 꽃 방황하여도, 뿐이다. 트고, 반짝이는 위하여, 봄바람이다. 석가는 이는 별과 인류의 군영과 얼음에 약동하다.','2019-02-06 11:49:38'),(22,40,82,94,71,73,51,'563꽃이 보이는 그들을 가는 꽃 방황하여도, 뿐이다. 트고, 반짝이는 위하여, 봄바람이다. 석가는 이는 별과 인류의 군영과 얼음에 약동하다.','2019-02-06 11:49:38'),(42,1,79,94,83,81,55,'564꽃이 보이는 그들을 가는 꽃 방황하여도, 뿐이다. 트고, 반짝이는 위하여, 봄바람이다. 석가는 이는 별과 인류의 군영과 얼음에 약동하다.','2019-02-06 11:49:38'),(35,8,86,53,62,50,64,'565꽃이 보이는 그들을 가는 꽃 방황하여도, 뿐이다. 트고, 반짝이는 위하여, 봄바람이다. 석가는 이는 별과 인류의 군영과 얼음에 약동하다.','2019-02-06 11:49:38'),(22,16,62,66,94,69,64,'566꽃이 보이는 그들을 가는 꽃 방황하여도, 뿐이다. 트고, 반짝이는 위하여, 봄바람이다. 석가는 이는 별과 인류의 군영과 얼음에 약동하다.','2019-02-06 11:49:38'),(13,21,66,69,97,75,87,'567꽃이 보이는 그들을 가는 꽃 방황하여도, 뿐이다. 트고, 반짝이는 위하여, 봄바람이다. 석가는 이는 별과 인류의 군영과 얼음에 약동하다.','2019-02-06 11:49:38'),(8,28,67,50,50,51,56,'568꽃이 보이는 그들을 가는 꽃 방황하여도, 뿐이다. 트고, 반짝이는 위하여, 봄바람이다. 석가는 이는 별과 인류의 군영과 얼음에 약동하다.','2019-02-06 11:49:38'),(26,11,76,100,67,88,86,'569꽃이 보이는 그들을 가는 꽃 방황하여도, 뿐이다. 트고, 반짝이는 위하여, 봄바람이다. 석가는 이는 별과 인류의 군영과 얼음에 약동하다.','2019-02-06 11:49:38'),(18,29,92,71,82,97,88,'570꽃이 보이는 그들을 가는 꽃 방황하여도, 뿐이다. 트고, 반짝이는 위하여, 봄바람이다. 석가는 이는 별과 인류의 군영과 얼음에 약동하다.','2019-02-06 11:49:38'),(49,28,95,88,57,73,91,'571꽃이 보이는 그들을 가는 꽃 방황하여도, 뿐이다. 트고, 반짝이는 위하여, 봄바람이다. 석가는 이는 별과 인류의 군영과 얼음에 약동하다.','2019-02-06 11:49:38'),(37,10,88,59,82,84,75,'572꽃이 보이는 그들을 가는 꽃 방황하여도, 뿐이다. 트고, 반짝이는 위하여, 봄바람이다. 석가는 이는 별과 인류의 군영과 얼음에 약동하다.','2019-02-06 11:49:38'),(23,36,61,100,66,80,100,'573꽃이 보이는 그들을 가는 꽃 방황하여도, 뿐이다. 트고, 반짝이는 위하여, 봄바람이다. 석가는 이는 별과 인류의 군영과 얼음에 약동하다.','2019-02-06 11:49:38'),(11,3,83,57,88,67,73,'574꽃이 보이는 그들을 가는 꽃 방황하여도, 뿐이다. 트고, 반짝이는 위하여, 봄바람이다. 석가는 이는 별과 인류의 군영과 얼음에 약동하다.','2019-02-06 11:49:38'),(14,47,92,72,82,96,81,'575꽃이 보이는 그들을 가는 꽃 방황하여도, 뿐이다. 트고, 반짝이는 위하여, 봄바람이다. 석가는 이는 별과 인류의 군영과 얼음에 약동하다.','2019-02-06 11:49:38'),(17,40,50,84,65,75,81,'576꽃이 보이는 그들을 가는 꽃 방황하여도, 뿐이다. 트고, 반짝이는 위하여, 봄바람이다. 석가는 이는 별과 인류의 군영과 얼음에 약동하다.','2019-02-06 11:49:38'),(27,44,86,100,91,54,51,'577꽃이 보이는 그들을 가는 꽃 방황하여도, 뿐이다. 트고, 반짝이는 위하여, 봄바람이다. 석가는 이는 별과 인류의 군영과 얼음에 약동하다.','2019-02-06 11:49:38'),(42,6,51,93,58,64,96,'578꽃이 보이는 그들을 가는 꽃 방황하여도, 뿐이다. 트고, 반짝이는 위하여, 봄바람이다. 석가는 이는 별과 인류의 군영과 얼음에 약동하다.','2019-02-06 11:49:38'),(37,46,69,57,80,77,97,'579꽃이 보이는 그들을 가는 꽃 방황하여도, 뿐이다. 트고, 반짝이는 위하여, 봄바람이다. 석가는 이는 별과 인류의 군영과 얼음에 약동하다.','2019-02-06 11:49:38'),(50,11,55,92,95,100,62,'580꽃이 보이는 그들을 가는 꽃 방황하여도, 뿐이다. 트고, 반짝이는 위하여, 봄바람이다. 석가는 이는 별과 인류의 군영과 얼음에 약동하다.','2019-02-06 11:49:38'),(11,19,62,54,84,57,85,'581꽃이 보이는 그들을 가는 꽃 방황하여도, 뿐이다. 트고, 반짝이는 위하여, 봄바람이다. 석가는 이는 별과 인류의 군영과 얼음에 약동하다.','2019-02-06 11:49:38'),(5,15,59,55,97,65,90,'582꽃이 보이는 그들을 가는 꽃 방황하여도, 뿐이다. 트고, 반짝이는 위하여, 봄바람이다. 석가는 이는 별과 인류의 군영과 얼음에 약동하다.','2019-02-06 11:49:38'),(2,37,81,92,68,65,72,'583꽃이 보이는 그들을 가는 꽃 방황하여도, 뿐이다. 트고, 반짝이는 위하여, 봄바람이다. 석가는 이는 별과 인류의 군영과 얼음에 약동하다.','2019-02-06 11:49:38'),(15,5,79,82,75,77,59,'584꽃이 보이는 그들을 가는 꽃 방황하여도, 뿐이다. 트고, 반짝이는 위하여, 봄바람이다. 석가는 이는 별과 인류의 군영과 얼음에 약동하다.','2019-02-06 11:49:38'),(15,48,95,81,70,58,79,'585꽃이 보이는 그들을 가는 꽃 방황하여도, 뿐이다. 트고, 반짝이는 위하여, 봄바람이다. 석가는 이는 별과 인류의 군영과 얼음에 약동하다.','2019-02-06 11:49:38'),(35,14,66,90,50,83,63,'587꽃이 보이는 그들을 가는 꽃 방황하여도, 뿐이다. 트고, 반짝이는 위하여, 봄바람이다. 석가는 이는 별과 인류의 군영과 얼음에 약동하다.','2019-02-06 11:49:38'),(17,43,64,94,76,99,66,'588꽃이 보이는 그들을 가는 꽃 방황하여도, 뿐이다. 트고, 반짝이는 위하여, 봄바람이다. 석가는 이는 별과 인류의 군영과 얼음에 약동하다.','2019-02-06 11:49:38'),(35,24,63,95,83,83,63,'589꽃이 보이는 그들을 가는 꽃 방황하여도, 뿐이다. 트고, 반짝이는 위하여, 봄바람이다. 석가는 이는 별과 인류의 군영과 얼음에 약동하다.','2019-02-06 11:49:38'),(21,12,98,53,75,65,99,'590꽃이 보이는 그들을 가는 꽃 방황하여도, 뿐이다. 트고, 반짝이는 위하여, 봄바람이다. 석가는 이는 별과 인류의 군영과 얼음에 약동하다.','2019-02-06 11:49:38'),(48,43,69,69,88,83,99,'591꽃이 보이는 그들을 가는 꽃 방황하여도, 뿐이다. 트고, 반짝이는 위하여, 봄바람이다. 석가는 이는 별과 인류의 군영과 얼음에 약동하다.','2019-02-06 11:49:38'),(44,25,89,73,100,79,94,'592꽃이 보이는 그들을 가는 꽃 방황하여도, 뿐이다. 트고, 반짝이는 위하여, 봄바람이다. 석가는 이는 별과 인류의 군영과 얼음에 약동하다.','2019-02-06 11:49:38'),(31,23,72,92,92,85,97,'593꽃이 보이는 그들을 가는 꽃 방황하여도, 뿐이다. 트고, 반짝이는 위하여, 봄바람이다. 석가는 이는 별과 인류의 군영과 얼음에 약동하다.','2019-02-06 11:49:38'),(31,14,75,86,51,51,53,'594꽃이 보이는 그들을 가는 꽃 방황하여도, 뿐이다. 트고, 반짝이는 위하여, 봄바람이다. 석가는 이는 별과 인류의 군영과 얼음에 약동하다.','2019-02-06 11:49:38'),(14,7,92,89,67,69,95,'595꽃이 보이는 그들을 가는 꽃 방황하여도, 뿐이다. 트고, 반짝이는 위하여, 봄바람이다. 석가는 이는 별과 인류의 군영과 얼음에 약동하다.','2019-02-06 11:49:38'),(19,6,71,90,87,66,68,'596꽃이 보이는 그들을 가는 꽃 방황하여도, 뿐이다. 트고, 반짝이는 위하여, 봄바람이다. 석가는 이는 별과 인류의 군영과 얼음에 약동하다.','2019-02-06 11:49:38'),(44,14,87,92,99,67,92,'597꽃이 보이는 그들을 가는 꽃 방황하여도, 뿐이다. 트고, 반짝이는 위하여, 봄바람이다. 석가는 이는 별과 인류의 군영과 얼음에 약동하다.','2019-02-06 11:49:38'),(5,48,75,81,79,54,83,'598꽃이 보이는 그들을 가는 꽃 방황하여도, 뿐이다. 트고, 반짝이는 위하여, 봄바람이다. 석가는 이는 별과 인류의 군영과 얼음에 약동하다.','2019-02-06 11:49:38'),(4,18,78,88,55,61,94,'599꽃이 보이는 그들을 가는 꽃 방황하여도, 뿐이다. 트고, 반짝이는 위하여, 봄바람이다. 석가는 이는 별과 인류의 군영과 얼음에 약동하다.','2019-02-06 11:49:38'),(31,25,82,86,81,97,90,'600꽃이 보이는 그들을 가는 꽃 방황하여도, 뿐이다. 트고, 반짝이는 위하여, 봄바람이다. 석가는 이는 별과 인류의 군영과 얼음에 약동하다.','2019-02-06 11:49:38'),(11,33,82,63,71,62,51,'601꽃이 보이는 그들을 가는 꽃 방황하여도, 뿐이다. 트고, 반짝이는 위하여, 봄바람이다. 석가는 이는 별과 인류의 군영과 얼음에 약동하다.','2019-02-06 11:49:38'),(19,40,91,84,98,88,96,'602꽃이 보이는 그들을 가는 꽃 방황하여도, 뿐이다. 트고, 반짝이는 위하여, 봄바람이다. 석가는 이는 별과 인류의 군영과 얼음에 약동하다.','2019-02-06 11:49:38'),(14,30,57,50,79,94,81,'603꽃이 보이는 그들을 가는 꽃 방황하여도, 뿐이다. 트고, 반짝이는 위하여, 봄바람이다. 석가는 이는 별과 인류의 군영과 얼음에 약동하다.','2019-02-06 11:49:38'),(25,30,74,81,82,67,89,'604꽃이 보이는 그들을 가는 꽃 방황하여도, 뿐이다. 트고, 반짝이는 위하여, 봄바람이다. 석가는 이는 별과 인류의 군영과 얼음에 약동하다.','2019-02-06 11:49:38'),(43,46,50,64,72,67,69,'605꽃이 보이는 그들을 가는 꽃 방황하여도, 뿐이다. 트고, 반짝이는 위하여, 봄바람이다. 석가는 이는 별과 인류의 군영과 얼음에 약동하다.','2019-02-06 11:49:38'),(46,20,60,94,86,100,92,'606꽃이 보이는 그들을 가는 꽃 방황하여도, 뿐이다. 트고, 반짝이는 위하여, 봄바람이다. 석가는 이는 별과 인류의 군영과 얼음에 약동하다.','2019-02-06 11:49:38'),(9,18,61,55,93,95,99,'607꽃이 보이는 그들을 가는 꽃 방황하여도, 뿐이다. 트고, 반짝이는 위하여, 봄바람이다. 석가는 이는 별과 인류의 군영과 얼음에 약동하다.','2019-02-06 11:49:38'),(8,40,78,71,70,88,81,'608꽃이 보이는 그들을 가는 꽃 방황하여도, 뿐이다. 트고, 반짝이는 위하여, 봄바람이다. 석가는 이는 별과 인류의 군영과 얼음에 약동하다.','2019-02-06 11:49:38'),(38,47,72,67,71,54,60,'609꽃이 보이는 그들을 가는 꽃 방황하여도, 뿐이다. 트고, 반짝이는 위하여, 봄바람이다. 석가는 이는 별과 인류의 군영과 얼음에 약동하다.','2019-02-06 11:49:38'),(39,9,80,74,79,72,74,'610꽃이 보이는 그들을 가는 꽃 방황하여도, 뿐이다. 트고, 반짝이는 위하여, 봄바람이다. 석가는 이는 별과 인류의 군영과 얼음에 약동하다.','2019-02-06 11:49:38'),(36,15,68,96,75,87,59,'612꽃이 보이는 그들을 가는 꽃 방황하여도, 뿐이다. 트고, 반짝이는 위하여, 봄바람이다. 석가는 이는 별과 인류의 군영과 얼음에 약동하다.','2019-02-06 11:49:38'),(38,9,79,68,54,68,76,'613꽃이 보이는 그들을 가는 꽃 방황하여도, 뿐이다. 트고, 반짝이는 위하여, 봄바람이다. 석가는 이는 별과 인류의 군영과 얼음에 약동하다.','2019-02-06 11:49:38'),(26,2,82,54,76,68,60,'614꽃이 보이는 그들을 가는 꽃 방황하여도, 뿐이다. 트고, 반짝이는 위하여, 봄바람이다. 석가는 이는 별과 인류의 군영과 얼음에 약동하다.','2019-02-06 11:49:38'),(47,3,75,66,55,79,80,'615꽃이 보이는 그들을 가는 꽃 방황하여도, 뿐이다. 트고, 반짝이는 위하여, 봄바람이다. 석가는 이는 별과 인류의 군영과 얼음에 약동하다.','2019-02-06 11:49:38'),(14,26,86,53,62,99,56,'616꽃이 보이는 그들을 가는 꽃 방황하여도, 뿐이다. 트고, 반짝이는 위하여, 봄바람이다. 석가는 이는 별과 인류의 군영과 얼음에 약동하다.','2019-02-06 11:49:38'),(37,15,63,71,65,63,72,'617꽃이 보이는 그들을 가는 꽃 방황하여도, 뿐이다. 트고, 반짝이는 위하여, 봄바람이다. 석가는 이는 별과 인류의 군영과 얼음에 약동하다.','2019-02-06 11:49:38'),(19,28,84,85,72,54,57,'618꽃이 보이는 그들을 가는 꽃 방황하여도, 뿐이다. 트고, 반짝이는 위하여, 봄바람이다. 석가는 이는 별과 인류의 군영과 얼음에 약동하다.','2019-02-06 11:49:38'),(23,43,93,86,50,95,74,'619꽃이 보이는 그들을 가는 꽃 방황하여도, 뿐이다. 트고, 반짝이는 위하여, 봄바람이다. 석가는 이는 별과 인류의 군영과 얼음에 약동하다.','2019-02-06 11:49:38'),(37,10,89,66,64,71,65,'620꽃이 보이는 그들을 가는 꽃 방황하여도, 뿐이다. 트고, 반짝이는 위하여, 봄바람이다. 석가는 이는 별과 인류의 군영과 얼음에 약동하다.','2019-02-06 11:49:38'),(10,4,90,87,66,68,92,'621꽃이 보이는 그들을 가는 꽃 방황하여도, 뿐이다. 트고, 반짝이는 위하여, 봄바람이다. 석가는 이는 별과 인류의 군영과 얼음에 약동하다.','2019-02-06 11:49:38'),(7,9,71,81,90,54,56,'622꽃이 보이는 그들을 가는 꽃 방황하여도, 뿐이다. 트고, 반짝이는 위하여, 봄바람이다. 석가는 이는 별과 인류의 군영과 얼음에 약동하다.','2019-02-06 11:49:38'),(18,21,97,73,74,52,89,'623꽃이 보이는 그들을 가는 꽃 방황하여도, 뿐이다. 트고, 반짝이는 위하여, 봄바람이다. 석가는 이는 별과 인류의 군영과 얼음에 약동하다.','2019-02-06 11:49:38'),(36,13,54,85,63,58,53,'624꽃이 보이는 그들을 가는 꽃 방황하여도, 뿐이다. 트고, 반짝이는 위하여, 봄바람이다. 석가는 이는 별과 인류의 군영과 얼음에 약동하다.','2019-02-06 11:49:38'),(44,7,50,82,60,55,95,'625꽃이 보이는 그들을 가는 꽃 방황하여도, 뿐이다. 트고, 반짝이는 위하여, 봄바람이다. 석가는 이는 별과 인류의 군영과 얼음에 약동하다.','2019-02-06 11:49:38'),(8,3,93,53,90,87,65,'626꽃이 보이는 그들을 가는 꽃 방황하여도, 뿐이다. 트고, 반짝이는 위하여, 봄바람이다. 석가는 이는 별과 인류의 군영과 얼음에 약동하다.','2019-02-06 11:49:38'),(19,44,65,93,70,74,56,'627꽃이 보이는 그들을 가는 꽃 방황하여도, 뿐이다. 트고, 반짝이는 위하여, 봄바람이다. 석가는 이는 별과 인류의 군영과 얼음에 약동하다.','2019-02-06 11:49:38'),(12,37,100,87,85,64,67,'628꽃이 보이는 그들을 가는 꽃 방황하여도, 뿐이다. 트고, 반짝이는 위하여, 봄바람이다. 석가는 이는 별과 인류의 군영과 얼음에 약동하다.','2019-02-06 11:49:38'),(45,19,61,50,67,83,66,'629꽃이 보이는 그들을 가는 꽃 방황하여도, 뿐이다. 트고, 반짝이는 위하여, 봄바람이다. 석가는 이는 별과 인류의 군영과 얼음에 약동하다.','2019-02-06 11:49:38'),(32,10,52,83,59,97,56,'630꽃이 보이는 그들을 가는 꽃 방황하여도, 뿐이다. 트고, 반짝이는 위하여, 봄바람이다. 석가는 이는 별과 인류의 군영과 얼음에 약동하다.','2019-02-06 11:49:38'),(41,33,93,64,95,79,60,'631꽃이 보이는 그들을 가는 꽃 방황하여도, 뿐이다. 트고, 반짝이는 위하여, 봄바람이다. 석가는 이는 별과 인류의 군영과 얼음에 약동하다.','2019-02-06 11:49:38'),(16,47,85,84,67,82,58,'632꽃이 보이는 그들을 가는 꽃 방황하여도, 뿐이다. 트고, 반짝이는 위하여, 봄바람이다. 석가는 이는 별과 인류의 군영과 얼음에 약동하다.','2019-02-06 11:49:38'),(49,16,81,58,100,71,57,'633꽃이 보이는 그들을 가는 꽃 방황하여도, 뿐이다. 트고, 반짝이는 위하여, 봄바람이다. 석가는 이는 별과 인류의 군영과 얼음에 약동하다.','2019-02-06 11:49:38'),(25,2,85,68,87,79,84,'634꽃이 보이는 그들을 가는 꽃 방황하여도, 뿐이다. 트고, 반짝이는 위하여, 봄바람이다. 석가는 이는 별과 인류의 군영과 얼음에 약동하다.','2019-02-06 11:49:38'),(35,21,99,83,68,91,100,'635꽃이 보이는 그들을 가는 꽃 방황하여도, 뿐이다. 트고, 반짝이는 위하여, 봄바람이다. 석가는 이는 별과 인류의 군영과 얼음에 약동하다.','2019-02-06 11:49:38'),(27,36,95,69,63,55,91,'636꽃이 보이는 그들을 가는 꽃 방황하여도, 뿐이다. 트고, 반짝이는 위하여, 봄바람이다. 석가는 이는 별과 인류의 군영과 얼음에 약동하다.','2019-02-06 11:49:38'),(36,4,64,59,55,97,68,'637꽃이 보이는 그들을 가는 꽃 방황하여도, 뿐이다. 트고, 반짝이는 위하여, 봄바람이다. 석가는 이는 별과 인류의 군영과 얼음에 약동하다.','2019-02-06 11:49:38'),(2,3,57,82,85,81,99,'638꽃이 보이는 그들을 가는 꽃 방황하여도, 뿐이다. 트고, 반짝이는 위하여, 봄바람이다. 석가는 이는 별과 인류의 군영과 얼음에 약동하다.','2019-02-06 11:49:38'),(50,3,64,65,82,66,82,'639꽃이 보이는 그들을 가는 꽃 방황하여도, 뿐이다. 트고, 반짝이는 위하여, 봄바람이다. 석가는 이는 별과 인류의 군영과 얼음에 약동하다.','2019-02-06 11:49:38'),(13,19,53,62,51,69,93,'640꽃이 보이는 그들을 가는 꽃 방황하여도, 뿐이다. 트고, 반짝이는 위하여, 봄바람이다. 석가는 이는 별과 인류의 군영과 얼음에 약동하다.','2019-02-06 11:49:38'),(4,43,50,74,69,74,63,'641꽃이 보이는 그들을 가는 꽃 방황하여도, 뿐이다. 트고, 반짝이는 위하여, 봄바람이다. 석가는 이는 별과 인류의 군영과 얼음에 약동하다.','2019-02-06 11:49:38'),(43,26,98,63,72,71,88,'642꽃이 보이는 그들을 가는 꽃 방황하여도, 뿐이다. 트고, 반짝이는 위하여, 봄바람이다. 석가는 이는 별과 인류의 군영과 얼음에 약동하다.','2019-02-06 11:49:38'),(29,27,97,53,76,73,85,'643꽃이 보이는 그들을 가는 꽃 방황하여도, 뿐이다. 트고, 반짝이는 위하여, 봄바람이다. 석가는 이는 별과 인류의 군영과 얼음에 약동하다.','2019-02-06 11:49:38'),(4,17,70,51,96,73,78,'644꽃이 보이는 그들을 가는 꽃 방황하여도, 뿐이다. 트고, 반짝이는 위하여, 봄바람이다. 석가는 이는 별과 인류의 군영과 얼음에 약동하다.','2019-02-06 11:49:38'),(21,19,82,52,67,79,92,'645꽃이 보이는 그들을 가는 꽃 방황하여도, 뿐이다. 트고, 반짝이는 위하여, 봄바람이다. 석가는 이는 별과 인류의 군영과 얼음에 약동하다.','2019-02-06 11:49:38'),(24,44,97,51,68,86,74,'646꽃이 보이는 그들을 가는 꽃 방황하여도, 뿐이다. 트고, 반짝이는 위하여, 봄바람이다. 석가는 이는 별과 인류의 군영과 얼음에 약동하다.','2019-02-06 11:49:38'),(13,40,60,84,90,94,51,'647꽃이 보이는 그들을 가는 꽃 방황하여도, 뿐이다. 트고, 반짝이는 위하여, 봄바람이다. 석가는 이는 별과 인류의 군영과 얼음에 약동하다.','2019-02-06 11:49:38'),(2,32,52,67,78,87,53,'649꽃이 보이는 그들을 가는 꽃 방황하여도, 뿐이다. 트고, 반짝이는 위하여, 봄바람이다. 석가는 이는 별과 인류의 군영과 얼음에 약동하다.','2019-02-06 11:49:38'),(6,18,72,55,60,87,51,'650꽃이 보이는 그들을 가는 꽃 방황하여도, 뿐이다. 트고, 반짝이는 위하여, 봄바람이다. 석가는 이는 별과 인류의 군영과 얼음에 약동하다.','2019-02-06 11:49:38'),(50,41,53,99,82,63,72,'651꽃이 보이는 그들을 가는 꽃 방황하여도, 뿐이다. 트고, 반짝이는 위하여, 봄바람이다. 석가는 이는 별과 인류의 군영과 얼음에 약동하다.','2019-02-06 11:49:38'),(21,34,58,91,78,69,62,'652꽃이 보이는 그들을 가는 꽃 방황하여도, 뿐이다. 트고, 반짝이는 위하여, 봄바람이다. 석가는 이는 별과 인류의 군영과 얼음에 약동하다.','2019-02-06 11:49:38'),(3,26,71,77,72,78,75,'653꽃이 보이는 그들을 가는 꽃 방황하여도, 뿐이다. 트고, 반짝이는 위하여, 봄바람이다. 석가는 이는 별과 인류의 군영과 얼음에 약동하다.','2019-02-06 11:49:38'),(41,28,64,92,62,90,61,'654꽃이 보이는 그들을 가는 꽃 방황하여도, 뿐이다. 트고, 반짝이는 위하여, 봄바람이다. 석가는 이는 별과 인류의 군영과 얼음에 약동하다.','2019-02-06 11:49:38'),(37,49,83,69,96,71,70,'655꽃이 보이는 그들을 가는 꽃 방황하여도, 뿐이다. 트고, 반짝이는 위하여, 봄바람이다. 석가는 이는 별과 인류의 군영과 얼음에 약동하다.','2019-02-06 11:49:38'),(37,25,59,74,94,95,91,'656꽃이 보이는 그들을 가는 꽃 방황하여도, 뿐이다. 트고, 반짝이는 위하여, 봄바람이다. 석가는 이는 별과 인류의 군영과 얼음에 약동하다.','2019-02-06 11:49:38'),(23,39,74,56,60,82,80,'657꽃이 보이는 그들을 가는 꽃 방황하여도, 뿐이다. 트고, 반짝이는 위하여, 봄바람이다. 석가는 이는 별과 인류의 군영과 얼음에 약동하다.','2019-02-06 11:49:38'),(4,29,79,62,74,83,94,'658꽃이 보이는 그들을 가는 꽃 방황하여도, 뿐이다. 트고, 반짝이는 위하여, 봄바람이다. 석가는 이는 별과 인류의 군영과 얼음에 약동하다.','2019-02-06 11:49:38'),(20,18,80,95,82,79,97,'659꽃이 보이는 그들을 가는 꽃 방황하여도, 뿐이다. 트고, 반짝이는 위하여, 봄바람이다. 석가는 이는 별과 인류의 군영과 얼음에 약동하다.','2019-02-06 11:49:38'),(46,37,100,85,76,76,52,'660꽃이 보이는 그들을 가는 꽃 방황하여도, 뿐이다. 트고, 반짝이는 위하여, 봄바람이다. 석가는 이는 별과 인류의 군영과 얼음에 약동하다.','2019-02-06 11:49:38'),(36,18,83,62,62,75,90,'661꽃이 보이는 그들을 가는 꽃 방황하여도, 뿐이다. 트고, 반짝이는 위하여, 봄바람이다. 석가는 이는 별과 인류의 군영과 얼음에 약동하다.','2019-02-06 11:49:38'),(23,44,50,71,52,51,98,'662꽃이 보이는 그들을 가는 꽃 방황하여도, 뿐이다. 트고, 반짝이는 위하여, 봄바람이다. 석가는 이는 별과 인류의 군영과 얼음에 약동하다.','2019-02-06 11:49:38'),(24,40,78,71,71,94,52,'664꽃이 보이는 그들을 가는 꽃 방황하여도, 뿐이다. 트고, 반짝이는 위하여, 봄바람이다. 석가는 이는 별과 인류의 군영과 얼음에 약동하다.','2019-02-06 11:49:38'),(34,11,50,70,99,83,70,'665꽃이 보이는 그들을 가는 꽃 방황하여도, 뿐이다. 트고, 반짝이는 위하여, 봄바람이다. 석가는 이는 별과 인류의 군영과 얼음에 약동하다.','2019-02-06 11:49:38'),(2,46,73,81,83,74,73,'666꽃이 보이는 그들을 가는 꽃 방황하여도, 뿐이다. 트고, 반짝이는 위하여, 봄바람이다. 석가는 이는 별과 인류의 군영과 얼음에 약동하다.','2019-02-06 11:49:38'),(40,31,83,72,63,98,51,'667꽃이 보이는 그들을 가는 꽃 방황하여도, 뿐이다. 트고, 반짝이는 위하여, 봄바람이다. 석가는 이는 별과 인류의 군영과 얼음에 약동하다.','2019-02-06 11:49:38'),(14,13,71,69,83,56,84,'668꽃이 보이는 그들을 가는 꽃 방황하여도, 뿐이다. 트고, 반짝이는 위하여, 봄바람이다. 석가는 이는 별과 인류의 군영과 얼음에 약동하다.','2019-02-06 11:49:38'),(50,46,77,51,76,74,94,'669꽃이 보이는 그들을 가는 꽃 방황하여도, 뿐이다. 트고, 반짝이는 위하여, 봄바람이다. 석가는 이는 별과 인류의 군영과 얼음에 약동하다.','2019-02-06 11:49:38'),(48,6,87,64,61,66,95,'670꽃이 보이는 그들을 가는 꽃 방황하여도, 뿐이다. 트고, 반짝이는 위하여, 봄바람이다. 석가는 이는 별과 인류의 군영과 얼음에 약동하다.','2019-02-06 11:49:38'),(25,38,64,58,50,78,88,'671꽃이 보이는 그들을 가는 꽃 방황하여도, 뿐이다. 트고, 반짝이는 위하여, 봄바람이다. 석가는 이는 별과 인류의 군영과 얼음에 약동하다.','2019-02-06 11:49:38'),(45,27,51,75,73,91,84,'673꽃이 보이는 그들을 가는 꽃 방황하여도, 뿐이다. 트고, 반짝이는 위하여, 봄바람이다. 석가는 이는 별과 인류의 군영과 얼음에 약동하다.','2019-02-06 11:49:38'),(47,30,60,62,81,67,95,'674꽃이 보이는 그들을 가는 꽃 방황하여도, 뿐이다. 트고, 반짝이는 위하여, 봄바람이다. 석가는 이는 별과 인류의 군영과 얼음에 약동하다.','2019-02-06 11:49:38'),(21,17,74,68,70,95,63,'675꽃이 보이는 그들을 가는 꽃 방황하여도, 뿐이다. 트고, 반짝이는 위하여, 봄바람이다. 석가는 이는 별과 인류의 군영과 얼음에 약동하다.','2019-02-06 11:49:38'),(34,27,83,85,77,80,68,'676꽃이 보이는 그들을 가는 꽃 방황하여도, 뿐이다. 트고, 반짝이는 위하여, 봄바람이다. 석가는 이는 별과 인류의 군영과 얼음에 약동하다.','2019-02-06 11:49:38'),(1,50,98,87,90,91,85,'677꽃이 보이는 그들을 가는 꽃 방황하여도, 뿐이다. 트고, 반짝이는 위하여, 봄바람이다. 석가는 이는 별과 인류의 군영과 얼음에 약동하다.','2019-02-06 11:49:38'),(50,47,81,65,83,69,96,'678꽃이 보이는 그들을 가는 꽃 방황하여도, 뿐이다. 트고, 반짝이는 위하여, 봄바람이다. 석가는 이는 별과 인류의 군영과 얼음에 약동하다.','2019-02-06 11:49:38'),(21,16,66,83,67,87,83,'679꽃이 보이는 그들을 가는 꽃 방황하여도, 뿐이다. 트고, 반짝이는 위하여, 봄바람이다. 석가는 이는 별과 인류의 군영과 얼음에 약동하다.','2019-02-06 11:49:38'),(5,23,99,77,88,59,82,'680꽃이 보이는 그들을 가는 꽃 방황하여도, 뿐이다. 트고, 반짝이는 위하여, 봄바람이다. 석가는 이는 별과 인류의 군영과 얼음에 약동하다.','2019-02-06 11:49:38'),(34,23,61,90,62,96,89,'681꽃이 보이는 그들을 가는 꽃 방황하여도, 뿐이다. 트고, 반짝이는 위하여, 봄바람이다. 석가는 이는 별과 인류의 군영과 얼음에 약동하다.','2019-02-06 11:49:38'),(7,16,58,95,100,64,74,'682꽃이 보이는 그들을 가는 꽃 방황하여도, 뿐이다. 트고, 반짝이는 위하여, 봄바람이다. 석가는 이는 별과 인류의 군영과 얼음에 약동하다.','2019-02-06 11:49:38'),(25,50,77,87,53,56,71,'683꽃이 보이는 그들을 가는 꽃 방황하여도, 뿐이다. 트고, 반짝이는 위하여, 봄바람이다. 석가는 이는 별과 인류의 군영과 얼음에 약동하다.','2019-02-06 11:49:38'),(38,23,50,84,68,88,87,'684꽃이 보이는 그들을 가는 꽃 방황하여도, 뿐이다. 트고, 반짝이는 위하여, 봄바람이다. 석가는 이는 별과 인류의 군영과 얼음에 약동하다.','2019-02-06 11:49:38'),(22,45,59,62,85,86,75,'685꽃이 보이는 그들을 가는 꽃 방황하여도, 뿐이다. 트고, 반짝이는 위하여, 봄바람이다. 석가는 이는 별과 인류의 군영과 얼음에 약동하다.','2019-02-06 11:49:38'),(18,13,62,71,71,92,94,'686꽃이 보이는 그들을 가는 꽃 방황하여도, 뿐이다. 트고, 반짝이는 위하여, 봄바람이다. 석가는 이는 별과 인류의 군영과 얼음에 약동하다.','2019-02-06 11:49:38'),(43,32,79,52,74,64,98,'687꽃이 보이는 그들을 가는 꽃 방황하여도, 뿐이다. 트고, 반짝이는 위하여, 봄바람이다. 석가는 이는 별과 인류의 군영과 얼음에 약동하다.','2019-02-06 11:49:38'),(48,43,72,82,92,65,99,'688꽃이 보이는 그들을 가는 꽃 방황하여도, 뿐이다. 트고, 반짝이는 위하여, 봄바람이다. 석가는 이는 별과 인류의 군영과 얼음에 약동하다.','2019-02-06 11:49:38'),(49,46,85,85,71,52,98,'689꽃이 보이는 그들을 가는 꽃 방황하여도, 뿐이다. 트고, 반짝이는 위하여, 봄바람이다. 석가는 이는 별과 인류의 군영과 얼음에 약동하다.','2019-02-06 11:49:38'),(30,6,91,85,52,56,76,'690꽃이 보이는 그들을 가는 꽃 방황하여도, 뿐이다. 트고, 반짝이는 위하여, 봄바람이다. 석가는 이는 별과 인류의 군영과 얼음에 약동하다.','2019-02-06 11:49:38'),(11,25,90,77,66,50,52,'691꽃이 보이는 그들을 가는 꽃 방황하여도, 뿐이다. 트고, 반짝이는 위하여, 봄바람이다. 석가는 이는 별과 인류의 군영과 얼음에 약동하다.','2019-02-06 11:49:38'),(11,48,52,72,52,97,77,'692꽃이 보이는 그들을 가는 꽃 방황하여도, 뿐이다. 트고, 반짝이는 위하여, 봄바람이다. 석가는 이는 별과 인류의 군영과 얼음에 약동하다.','2019-02-06 11:49:38'),(45,43,76,54,94,56,99,'693꽃이 보이는 그들을 가는 꽃 방황하여도, 뿐이다. 트고, 반짝이는 위하여, 봄바람이다. 석가는 이는 별과 인류의 군영과 얼음에 약동하다.','2019-02-06 11:49:38'),(25,29,69,57,81,81,64,'694꽃이 보이는 그들을 가는 꽃 방황하여도, 뿐이다. 트고, 반짝이는 위하여, 봄바람이다. 석가는 이는 별과 인류의 군영과 얼음에 약동하다.','2019-02-06 11:49:38'),(28,43,83,84,72,60,83,'695꽃이 보이는 그들을 가는 꽃 방황하여도, 뿐이다. 트고, 반짝이는 위하여, 봄바람이다. 석가는 이는 별과 인류의 군영과 얼음에 약동하다.','2019-02-06 11:49:38'),(34,21,100,90,97,66,90,'696꽃이 보이는 그들을 가는 꽃 방황하여도, 뿐이다. 트고, 반짝이는 위하여, 봄바람이다. 석가는 이는 별과 인류의 군영과 얼음에 약동하다.','2019-02-06 11:49:38'),(50,29,96,91,67,64,68,'697꽃이 보이는 그들을 가는 꽃 방황하여도, 뿐이다. 트고, 반짝이는 위하여, 봄바람이다. 석가는 이는 별과 인류의 군영과 얼음에 약동하다.','2019-02-06 11:49:38'),(1,46,76,93,86,100,92,'698꽃이 보이는 그들을 가는 꽃 방황하여도, 뿐이다. 트고, 반짝이는 위하여, 봄바람이다. 석가는 이는 별과 인류의 군영과 얼음에 약동하다.','2019-02-06 11:49:38'),(12,33,75,80,74,79,74,'699꽃이 보이는 그들을 가는 꽃 방황하여도, 뿐이다. 트고, 반짝이는 위하여, 봄바람이다. 석가는 이는 별과 인류의 군영과 얼음에 약동하다.','2019-02-06 11:49:38'),(32,39,96,62,73,80,81,'700꽃이 보이는 그들을 가는 꽃 방황하여도, 뿐이다. 트고, 반짝이는 위하여, 봄바람이다. 석가는 이는 별과 인류의 군영과 얼음에 약동하다.','2019-02-06 11:49:38'),(13,22,69,81,98,95,81,'701꽃이 보이는 그들을 가는 꽃 방황하여도, 뿐이다. 트고, 반짝이는 위하여, 봄바람이다. 석가는 이는 별과 인류의 군영과 얼음에 약동하다.','2019-02-06 11:49:38'),(20,4,61,95,91,68,69,'702꽃이 보이는 그들을 가는 꽃 방황하여도, 뿐이다. 트고, 반짝이는 위하여, 봄바람이다. 석가는 이는 별과 인류의 군영과 얼음에 약동하다.','2019-02-06 11:49:38'),(43,3,85,67,81,54,80,'703꽃이 보이는 그들을 가는 꽃 방황하여도, 뿐이다. 트고, 반짝이는 위하여, 봄바람이다. 석가는 이는 별과 인류의 군영과 얼음에 약동하다.','2019-02-06 11:49:38'),(38,47,70,60,94,84,90,'704꽃이 보이는 그들을 가는 꽃 방황하여도, 뿐이다. 트고, 반짝이는 위하여, 봄바람이다. 석가는 이는 별과 인류의 군영과 얼음에 약동하다.','2019-02-06 11:49:38'),(48,18,94,67,54,71,90,'705꽃이 보이는 그들을 가는 꽃 방황하여도, 뿐이다. 트고, 반짝이는 위하여, 봄바람이다. 석가는 이는 별과 인류의 군영과 얼음에 약동하다.','2019-02-06 11:49:38'),(38,20,83,56,83,98,86,'706꽃이 보이는 그들을 가는 꽃 방황하여도, 뿐이다. 트고, 반짝이는 위하여, 봄바람이다. 석가는 이는 별과 인류의 군영과 얼음에 약동하다.','2019-02-06 11:49:38'),(40,38,69,84,63,61,70,'707꽃이 보이는 그들을 가는 꽃 방황하여도, 뿐이다. 트고, 반짝이는 위하여, 봄바람이다. 석가는 이는 별과 인류의 군영과 얼음에 약동하다.','2019-02-06 11:49:38'),(17,21,51,99,88,95,60,'708꽃이 보이는 그들을 가는 꽃 방황하여도, 뿐이다. 트고, 반짝이는 위하여, 봄바람이다. 석가는 이는 별과 인류의 군영과 얼음에 약동하다.','2019-02-06 11:49:38'),(17,4,66,69,100,90,99,'709꽃이 보이는 그들을 가는 꽃 방황하여도, 뿐이다. 트고, 반짝이는 위하여, 봄바람이다. 석가는 이는 별과 인류의 군영과 얼음에 약동하다.','2019-02-06 11:49:38'),(24,25,50,78,90,65,54,'710꽃이 보이는 그들을 가는 꽃 방황하여도, 뿐이다. 트고, 반짝이는 위하여, 봄바람이다. 석가는 이는 별과 인류의 군영과 얼음에 약동하다.','2019-02-06 11:49:38'),(29,31,63,78,50,67,85,'711꽃이 보이는 그들을 가는 꽃 방황하여도, 뿐이다. 트고, 반짝이는 위하여, 봄바람이다. 석가는 이는 별과 인류의 군영과 얼음에 약동하다.','2019-02-06 11:49:38'),(25,15,52,67,81,50,59,'712꽃이 보이는 그들을 가는 꽃 방황하여도, 뿐이다. 트고, 반짝이는 위하여, 봄바람이다. 석가는 이는 별과 인류의 군영과 얼음에 약동하다.','2019-02-06 11:49:38'),(45,48,51,64,66,88,90,'713꽃이 보이는 그들을 가는 꽃 방황하여도, 뿐이다. 트고, 반짝이는 위하여, 봄바람이다. 석가는 이는 별과 인류의 군영과 얼음에 약동하다.','2019-02-06 11:49:38'),(39,21,89,82,94,73,85,'714꽃이 보이는 그들을 가는 꽃 방황하여도, 뿐이다. 트고, 반짝이는 위하여, 봄바람이다. 석가는 이는 별과 인류의 군영과 얼음에 약동하다.','2019-02-06 11:49:38'),(5,18,74,69,71,50,89,'715꽃이 보이는 그들을 가는 꽃 방황하여도, 뿐이다. 트고, 반짝이는 위하여, 봄바람이다. 석가는 이는 별과 인류의 군영과 얼음에 약동하다.','2019-02-06 11:49:38'),(44,49,62,68,53,60,94,'716꽃이 보이는 그들을 가는 꽃 방황하여도, 뿐이다. 트고, 반짝이는 위하여, 봄바람이다. 석가는 이는 별과 인류의 군영과 얼음에 약동하다.','2019-02-06 11:49:38'),(38,5,62,96,92,72,85,'717꽃이 보이는 그들을 가는 꽃 방황하여도, 뿐이다. 트고, 반짝이는 위하여, 봄바람이다. 석가는 이는 별과 인류의 군영과 얼음에 약동하다.','2019-02-06 11:49:38'),(9,40,71,87,71,96,65,'718꽃이 보이는 그들을 가는 꽃 방황하여도, 뿐이다. 트고, 반짝이는 위하여, 봄바람이다. 석가는 이는 별과 인류의 군영과 얼음에 약동하다.','2019-02-06 11:49:38'),(39,48,73,72,93,96,50,'719꽃이 보이는 그들을 가는 꽃 방황하여도, 뿐이다. 트고, 반짝이는 위하여, 봄바람이다. 석가는 이는 별과 인류의 군영과 얼음에 약동하다.','2019-02-06 11:49:38'),(15,24,71,87,71,95,58,'720꽃이 보이는 그들을 가는 꽃 방황하여도, 뿐이다. 트고, 반짝이는 위하여, 봄바람이다. 석가는 이는 별과 인류의 군영과 얼음에 약동하다.','2019-02-06 11:49:38'),(9,17,57,87,61,96,97,'721꽃이 보이는 그들을 가는 꽃 방황하여도, 뿐이다. 트고, 반짝이는 위하여, 봄바람이다. 석가는 이는 별과 인류의 군영과 얼음에 약동하다.','2019-02-06 11:49:38'),(45,34,85,73,59,77,59,'722꽃이 보이는 그들을 가는 꽃 방황하여도, 뿐이다. 트고, 반짝이는 위하여, 봄바람이다. 석가는 이는 별과 인류의 군영과 얼음에 약동하다.','2019-02-06 11:49:38'),(14,41,60,81,75,84,91,'723꽃이 보이는 그들을 가는 꽃 방황하여도, 뿐이다. 트고, 반짝이는 위하여, 봄바람이다. 석가는 이는 별과 인류의 군영과 얼음에 약동하다.','2019-02-06 11:49:38'),(3,43,53,90,90,77,68,'724꽃이 보이는 그들을 가는 꽃 방황하여도, 뿐이다. 트고, 반짝이는 위하여, 봄바람이다. 석가는 이는 별과 인류의 군영과 얼음에 약동하다.','2019-02-06 11:49:38'),(9,38,61,94,84,88,87,'725꽃이 보이는 그들을 가는 꽃 방황하여도, 뿐이다. 트고, 반짝이는 위하여, 봄바람이다. 석가는 이는 별과 인류의 군영과 얼음에 약동하다.','2019-02-06 11:49:38'),(22,46,66,93,63,88,51,'726꽃이 보이는 그들을 가는 꽃 방황하여도, 뿐이다. 트고, 반짝이는 위하여, 봄바람이다. 석가는 이는 별과 인류의 군영과 얼음에 약동하다.','2019-02-06 11:49:38'),(43,8,62,87,100,87,85,'727꽃이 보이는 그들을 가는 꽃 방황하여도, 뿐이다. 트고, 반짝이는 위하여, 봄바람이다. 석가는 이는 별과 인류의 군영과 얼음에 약동하다.','2019-02-06 11:49:38'),(15,20,52,52,54,67,72,'728꽃이 보이는 그들을 가는 꽃 방황하여도, 뿐이다. 트고, 반짝이는 위하여, 봄바람이다. 석가는 이는 별과 인류의 군영과 얼음에 약동하다.','2019-02-06 11:49:38'),(10,31,75,84,93,62,85,'729꽃이 보이는 그들을 가는 꽃 방황하여도, 뿐이다. 트고, 반짝이는 위하여, 봄바람이다. 석가는 이는 별과 인류의 군영과 얼음에 약동하다.','2019-02-06 11:49:38'),(36,26,69,69,89,85,57,'730꽃이 보이는 그들을 가는 꽃 방황하여도, 뿐이다. 트고, 반짝이는 위하여, 봄바람이다. 석가는 이는 별과 인류의 군영과 얼음에 약동하다.','2019-02-06 11:49:38'),(35,2,52,58,82,86,85,'731꽃이 보이는 그들을 가는 꽃 방황하여도, 뿐이다. 트고, 반짝이는 위하여, 봄바람이다. 석가는 이는 별과 인류의 군영과 얼음에 약동하다.','2019-02-06 11:49:38'),(18,33,59,100,68,95,67,'732꽃이 보이는 그들을 가는 꽃 방황하여도, 뿐이다. 트고, 반짝이는 위하여, 봄바람이다. 석가는 이는 별과 인류의 군영과 얼음에 약동하다.','2019-02-06 11:49:38'),(5,19,80,96,87,98,78,'733꽃이 보이는 그들을 가는 꽃 방황하여도, 뿐이다. 트고, 반짝이는 위하여, 봄바람이다. 석가는 이는 별과 인류의 군영과 얼음에 약동하다.','2019-02-06 11:49:38'),(48,3,69,88,83,50,53,'734꽃이 보이는 그들을 가는 꽃 방황하여도, 뿐이다. 트고, 반짝이는 위하여, 봄바람이다. 석가는 이는 별과 인류의 군영과 얼음에 약동하다.','2019-02-06 11:49:38'),(15,12,66,96,81,68,98,'735꽃이 보이는 그들을 가는 꽃 방황하여도, 뿐이다. 트고, 반짝이는 위하여, 봄바람이다. 석가는 이는 별과 인류의 군영과 얼음에 약동하다.','2019-02-06 11:49:38'),(32,16,83,67,90,95,56,'736꽃이 보이는 그들을 가는 꽃 방황하여도, 뿐이다. 트고, 반짝이는 위하여, 봄바람이다. 석가는 이는 별과 인류의 군영과 얼음에 약동하다.','2019-02-06 11:49:38'),(46,10,63,85,84,64,70,'737꽃이 보이는 그들을 가는 꽃 방황하여도, 뿐이다. 트고, 반짝이는 위하여, 봄바람이다. 석가는 이는 별과 인류의 군영과 얼음에 약동하다.','2019-02-06 11:49:38'),(8,27,62,80,62,71,69,'738꽃이 보이는 그들을 가는 꽃 방황하여도, 뿐이다. 트고, 반짝이는 위하여, 봄바람이다. 석가는 이는 별과 인류의 군영과 얼음에 약동하다.','2019-02-06 11:49:38'),(32,2,63,61,66,100,96,'739꽃이 보이는 그들을 가는 꽃 방황하여도, 뿐이다. 트고, 반짝이는 위하여, 봄바람이다. 석가는 이는 별과 인류의 군영과 얼음에 약동하다.','2019-02-06 11:49:38'),(33,24,73,91,87,63,53,'740꽃이 보이는 그들을 가는 꽃 방황하여도, 뿐이다. 트고, 반짝이는 위하여, 봄바람이다. 석가는 이는 별과 인류의 군영과 얼음에 약동하다.','2019-02-06 11:49:38'),(31,39,53,52,99,89,98,'741꽃이 보이는 그들을 가는 꽃 방황하여도, 뿐이다. 트고, 반짝이는 위하여, 봄바람이다. 석가는 이는 별과 인류의 군영과 얼음에 약동하다.','2019-02-06 11:49:38'),(23,20,80,90,61,85,93,'742꽃이 보이는 그들을 가는 꽃 방황하여도, 뿐이다. 트고, 반짝이는 위하여, 봄바람이다. 석가는 이는 별과 인류의 군영과 얼음에 약동하다.','2019-02-06 11:49:38'),(9,12,86,94,59,66,53,'743꽃이 보이는 그들을 가는 꽃 방황하여도, 뿐이다. 트고, 반짝이는 위하여, 봄바람이다. 석가는 이는 별과 인류의 군영과 얼음에 약동하다.','2019-02-06 11:49:38'),(19,33,57,91,80,76,92,'744꽃이 보이는 그들을 가는 꽃 방황하여도, 뿐이다. 트고, 반짝이는 위하여, 봄바람이다. 석가는 이는 별과 인류의 군영과 얼음에 약동하다.','2019-02-06 11:49:38'),(31,28,94,89,62,93,80,'745꽃이 보이는 그들을 가는 꽃 방황하여도, 뿐이다. 트고, 반짝이는 위하여, 봄바람이다. 석가는 이는 별과 인류의 군영과 얼음에 약동하다.','2019-02-06 11:49:38'),(19,5,67,72,59,78,64,'746꽃이 보이는 그들을 가는 꽃 방황하여도, 뿐이다. 트고, 반짝이는 위하여, 봄바람이다. 석가는 이는 별과 인류의 군영과 얼음에 약동하다.','2019-02-06 11:49:38'),(38,46,63,82,67,94,63,'747꽃이 보이는 그들을 가는 꽃 방황하여도, 뿐이다. 트고, 반짝이는 위하여, 봄바람이다. 석가는 이는 별과 인류의 군영과 얼음에 약동하다.','2019-02-06 11:49:38'),(36,38,80,88,100,85,74,'748꽃이 보이는 그들을 가는 꽃 방황하여도, 뿐이다. 트고, 반짝이는 위하여, 봄바람이다. 석가는 이는 별과 인류의 군영과 얼음에 약동하다.','2019-02-06 11:49:38'),(17,12,55,95,57,53,93,'749꽃이 보이는 그들을 가는 꽃 방황하여도, 뿐이다. 트고, 반짝이는 위하여, 봄바람이다. 석가는 이는 별과 인류의 군영과 얼음에 약동하다.','2019-02-06 11:49:38'),(4,39,84,52,60,94,90,'750꽃이 보이는 그들을 가는 꽃 방황하여도, 뿐이다. 트고, 반짝이는 위하여, 봄바람이다. 석가는 이는 별과 인류의 군영과 얼음에 약동하다.','2019-02-06 11:49:38'),(15,5,81,91,59,77,55,'751꽃이 보이는 그들을 가는 꽃 방황하여도, 뿐이다. 트고, 반짝이는 위하여, 봄바람이다. 석가는 이는 별과 인류의 군영과 얼음에 약동하다.','2019-02-06 11:49:38'),(46,14,81,62,70,65,64,'752꽃이 보이는 그들을 가는 꽃 방황하여도, 뿐이다. 트고, 반짝이는 위하여, 봄바람이다. 석가는 이는 별과 인류의 군영과 얼음에 약동하다.','2019-02-06 11:49:38'),(26,34,91,53,96,66,97,'753꽃이 보이는 그들을 가는 꽃 방황하여도, 뿐이다. 트고, 반짝이는 위하여, 봄바람이다. 석가는 이는 별과 인류의 군영과 얼음에 약동하다.','2019-02-06 11:49:38'),(33,24,71,85,61,52,78,'754꽃이 보이는 그들을 가는 꽃 방황하여도, 뿐이다. 트고, 반짝이는 위하여, 봄바람이다. 석가는 이는 별과 인류의 군영과 얼음에 약동하다.','2019-02-06 11:49:38'),(32,26,82,81,60,59,65,'755꽃이 보이는 그들을 가는 꽃 방황하여도, 뿐이다. 트고, 반짝이는 위하여, 봄바람이다. 석가는 이는 별과 인류의 군영과 얼음에 약동하다.','2019-02-06 11:49:38'),(47,37,96,66,96,79,60,'756꽃이 보이는 그들을 가는 꽃 방황하여도, 뿐이다. 트고, 반짝이는 위하여, 봄바람이다. 석가는 이는 별과 인류의 군영과 얼음에 약동하다.','2019-02-06 11:49:38'),(12,28,51,78,83,81,57,'757꽃이 보이는 그들을 가는 꽃 방황하여도, 뿐이다. 트고, 반짝이는 위하여, 봄바람이다. 석가는 이는 별과 인류의 군영과 얼음에 약동하다.','2019-02-06 11:49:38'),(10,12,79,62,74,83,91,'759꽃이 보이는 그들을 가는 꽃 방황하여도, 뿐이다. 트고, 반짝이는 위하여, 봄바람이다. 석가는 이는 별과 인류의 군영과 얼음에 약동하다.','2019-02-06 11:49:38'),(7,9,75,99,68,94,63,'760꽃이 보이는 그들을 가는 꽃 방황하여도, 뿐이다. 트고, 반짝이는 위하여, 봄바람이다. 석가는 이는 별과 인류의 군영과 얼음에 약동하다.','2019-02-06 11:49:38'),(38,48,73,74,50,81,51,'761꽃이 보이는 그들을 가는 꽃 방황하여도, 뿐이다. 트고, 반짝이는 위하여, 봄바람이다. 석가는 이는 별과 인류의 군영과 얼음에 약동하다.','2019-02-06 11:49:38'),(17,29,93,76,53,89,82,'762꽃이 보이는 그들을 가는 꽃 방황하여도, 뿐이다. 트고, 반짝이는 위하여, 봄바람이다. 석가는 이는 별과 인류의 군영과 얼음에 약동하다.','2019-02-06 11:49:38'),(44,22,79,78,53,84,59,'763꽃이 보이는 그들을 가는 꽃 방황하여도, 뿐이다. 트고, 반짝이는 위하여, 봄바람이다. 석가는 이는 별과 인류의 군영과 얼음에 약동하다.','2019-02-06 11:49:38'),(44,39,65,58,97,57,97,'764꽃이 보이는 그들을 가는 꽃 방황하여도, 뿐이다. 트고, 반짝이는 위하여, 봄바람이다. 석가는 이는 별과 인류의 군영과 얼음에 약동하다.','2019-02-06 11:49:38'),(13,22,71,92,95,99,56,'765꽃이 보이는 그들을 가는 꽃 방황하여도, 뿐이다. 트고, 반짝이는 위하여, 봄바람이다. 석가는 이는 별과 인류의 군영과 얼음에 약동하다.','2019-02-06 11:49:38'),(40,27,63,89,52,97,78,'766꽃이 보이는 그들을 가는 꽃 방황하여도, 뿐이다. 트고, 반짝이는 위하여, 봄바람이다. 석가는 이는 별과 인류의 군영과 얼음에 약동하다.','2019-02-06 11:49:38'),(47,50,58,93,88,60,91,'767꽃이 보이는 그들을 가는 꽃 방황하여도, 뿐이다. 트고, 반짝이는 위하여, 봄바람이다. 석가는 이는 별과 인류의 군영과 얼음에 약동하다.','2019-02-06 11:49:38'),(22,35,60,98,58,98,61,'768꽃이 보이는 그들을 가는 꽃 방황하여도, 뿐이다. 트고, 반짝이는 위하여, 봄바람이다. 석가는 이는 별과 인류의 군영과 얼음에 약동하다.','2019-02-06 11:49:38'),(17,47,84,80,97,93,75,'769꽃이 보이는 그들을 가는 꽃 방황하여도, 뿐이다. 트고, 반짝이는 위하여, 봄바람이다. 석가는 이는 별과 인류의 군영과 얼음에 약동하다.','2019-02-06 11:49:38'),(46,5,85,61,50,71,53,'770꽃이 보이는 그들을 가는 꽃 방황하여도, 뿐이다. 트고, 반짝이는 위하여, 봄바람이다. 석가는 이는 별과 인류의 군영과 얼음에 약동하다.','2019-02-06 11:49:38'),(3,4,60,92,76,56,51,'771꽃이 보이는 그들을 가는 꽃 방황하여도, 뿐이다. 트고, 반짝이는 위하여, 봄바람이다. 석가는 이는 별과 인류의 군영과 얼음에 약동하다.','2019-02-06 11:49:38'),(39,40,80,82,70,54,63,'772꽃이 보이는 그들을 가는 꽃 방황하여도, 뿐이다. 트고, 반짝이는 위하여, 봄바람이다. 석가는 이는 별과 인류의 군영과 얼음에 약동하다.','2019-02-06 11:49:38'),(3,24,57,68,67,82,59,'773꽃이 보이는 그들을 가는 꽃 방황하여도, 뿐이다. 트고, 반짝이는 위하여, 봄바람이다. 석가는 이는 별과 인류의 군영과 얼음에 약동하다.','2019-02-06 11:49:38'),(49,17,88,87,73,52,93,'774꽃이 보이는 그들을 가는 꽃 방황하여도, 뿐이다. 트고, 반짝이는 위하여, 봄바람이다. 석가는 이는 별과 인류의 군영과 얼음에 약동하다.','2019-02-06 11:49:38'),(7,3,96,72,70,86,69,'775꽃이 보이는 그들을 가는 꽃 방황하여도, 뿐이다. 트고, 반짝이는 위하여, 봄바람이다. 석가는 이는 별과 인류의 군영과 얼음에 약동하다.','2019-02-06 11:49:38'),(37,25,63,96,86,92,53,'776꽃이 보이는 그들을 가는 꽃 방황하여도, 뿐이다. 트고, 반짝이는 위하여, 봄바람이다. 석가는 이는 별과 인류의 군영과 얼음에 약동하다.','2019-02-06 11:49:38'),(40,38,68,78,88,55,64,'777꽃이 보이는 그들을 가는 꽃 방황하여도, 뿐이다. 트고, 반짝이는 위하여, 봄바람이다. 석가는 이는 별과 인류의 군영과 얼음에 약동하다.','2019-02-06 11:49:38'),(3,20,90,93,92,81,79,'778꽃이 보이는 그들을 가는 꽃 방황하여도, 뿐이다. 트고, 반짝이는 위하여, 봄바람이다. 석가는 이는 별과 인류의 군영과 얼음에 약동하다.','2019-02-06 11:49:38'),(2,22,54,58,76,56,54,'779꽃이 보이는 그들을 가는 꽃 방황하여도, 뿐이다. 트고, 반짝이는 위하여, 봄바람이다. 석가는 이는 별과 인류의 군영과 얼음에 약동하다.','2019-02-06 11:49:38'),(3,1,93,61,80,67,96,'780꽃이 보이는 그들을 가는 꽃 방황하여도, 뿐이다. 트고, 반짝이는 위하여, 봄바람이다. 석가는 이는 별과 인류의 군영과 얼음에 약동하다.','2019-02-06 11:49:38'),(28,50,66,80,54,80,87,'781꽃이 보이는 그들을 가는 꽃 방황하여도, 뿐이다. 트고, 반짝이는 위하여, 봄바람이다. 석가는 이는 별과 인류의 군영과 얼음에 약동하다.','2019-02-06 11:49:38'),(43,2,83,57,91,80,76,'782꽃이 보이는 그들을 가는 꽃 방황하여도, 뿐이다. 트고, 반짝이는 위하여, 봄바람이다. 석가는 이는 별과 인류의 군영과 얼음에 약동하다.','2019-02-06 11:49:38'),(42,30,75,86,52,54,66,'783꽃이 보이는 그들을 가는 꽃 방황하여도, 뿐이다. 트고, 반짝이는 위하여, 봄바람이다. 석가는 이는 별과 인류의 군영과 얼음에 약동하다.','2019-02-06 11:49:38'),(16,31,54,82,98,92,65,'784꽃이 보이는 그들을 가는 꽃 방황하여도, 뿐이다. 트고, 반짝이는 위하여, 봄바람이다. 석가는 이는 별과 인류의 군영과 얼음에 약동하다.','2019-02-06 11:49:38'),(1,10,94,90,67,66,80,'785꽃이 보이는 그들을 가는 꽃 방황하여도, 뿐이다. 트고, 반짝이는 위하여, 봄바람이다. 석가는 이는 별과 인류의 군영과 얼음에 약동하다.','2019-02-06 11:49:38'),(1,14,67,95,71,70,90,'786꽃이 보이는 그들을 가는 꽃 방황하여도, 뿐이다. 트고, 반짝이는 위하여, 봄바람이다. 석가는 이는 별과 인류의 군영과 얼음에 약동하다.','2019-02-06 11:49:38'),(37,14,59,53,93,50,75,'787꽃이 보이는 그들을 가는 꽃 방황하여도, 뿐이다. 트고, 반짝이는 위하여, 봄바람이다. 석가는 이는 별과 인류의 군영과 얼음에 약동하다.','2019-02-06 11:49:38'),(26,3,84,62,58,56,55,'788꽃이 보이는 그들을 가는 꽃 방황하여도, 뿐이다. 트고, 반짝이는 위하여, 봄바람이다. 석가는 이는 별과 인류의 군영과 얼음에 약동하다.','2019-02-06 11:49:38'),(11,35,92,54,96,65,89,'789꽃이 보이는 그들을 가는 꽃 방황하여도, 뿐이다. 트고, 반짝이는 위하여, 봄바람이다. 석가는 이는 별과 인류의 군영과 얼음에 약동하다.','2019-02-06 11:49:38'),(50,33,63,70,58,81,80,'790꽃이 보이는 그들을 가는 꽃 방황하여도, 뿐이다. 트고, 반짝이는 위하여, 봄바람이다. 석가는 이는 별과 인류의 군영과 얼음에 약동하다.','2019-02-06 11:49:38'),(7,46,55,92,94,93,83,'791꽃이 보이는 그들을 가는 꽃 방황하여도, 뿐이다. 트고, 반짝이는 위하여, 봄바람이다. 석가는 이는 별과 인류의 군영과 얼음에 약동하다.','2019-02-06 11:49:38'),(34,21,51,98,84,75,72,'792꽃이 보이는 그들을 가는 꽃 방황하여도, 뿐이다. 트고, 반짝이는 위하여, 봄바람이다. 석가는 이는 별과 인류의 군영과 얼음에 약동하다.','2019-02-06 11:49:38'),(38,23,99,75,79,71,68,'793꽃이 보이는 그들을 가는 꽃 방황하여도, 뿐이다. 트고, 반짝이는 위하여, 봄바람이다. 석가는 이는 별과 인류의 군영과 얼음에 약동하다.','2019-02-06 11:49:38'),(28,36,92,52,87,77,74,'794꽃이 보이는 그들을 가는 꽃 방황하여도, 뿐이다. 트고, 반짝이는 위하여, 봄바람이다. 석가는 이는 별과 인류의 군영과 얼음에 약동하다.','2019-02-06 11:49:38'),(39,21,90,84,51,53,65,'795꽃이 보이는 그들을 가는 꽃 방황하여도, 뿐이다. 트고, 반짝이는 위하여, 봄바람이다. 석가는 이는 별과 인류의 군영과 얼음에 약동하다.','2019-02-06 11:49:38'),(14,24,75,56,54,54,58,'796꽃이 보이는 그들을 가는 꽃 방황하여도, 뿐이다. 트고, 반짝이는 위하여, 봄바람이다. 석가는 이는 별과 인류의 군영과 얼음에 약동하다.','2019-02-06 11:49:38'),(30,23,72,95,55,95,57,'797꽃이 보이는 그들을 가는 꽃 방황하여도, 뿐이다. 트고, 반짝이는 위하여, 봄바람이다. 석가는 이는 별과 인류의 군영과 얼음에 약동하다.','2019-02-06 11:49:38'),(4,45,60,68,60,98,58,'798꽃이 보이는 그들을 가는 꽃 방황하여도, 뿐이다. 트고, 반짝이는 위하여, 봄바람이다. 석가는 이는 별과 인류의 군영과 얼음에 약동하다.','2019-02-06 11:49:38'),(48,15,80,54,81,94,75,'799꽃이 보이는 그들을 가는 꽃 방황하여도, 뿐이다. 트고, 반짝이는 위하여, 봄바람이다. 석가는 이는 별과 인류의 군영과 얼음에 약동하다.','2019-02-06 11:49:38'),(45,49,56,88,70,89,80,'800꽃이 보이는 그들을 가는 꽃 방황하여도, 뿐이다. 트고, 반짝이는 위하여, 봄바람이다. 석가는 이는 별과 인류의 군영과 얼음에 약동하다.','2019-02-06 11:49:38'),(37,43,52,84,63,62,75,'801꽃이 보이는 그들을 가는 꽃 방황하여도, 뿐이다. 트고, 반짝이는 위하여, 봄바람이다. 석가는 이는 별과 인류의 군영과 얼음에 약동하다.','2019-02-06 11:49:38'),(37,8,80,76,89,67,67,'802꽃이 보이는 그들을 가는 꽃 방황하여도, 뿐이다. 트고, 반짝이는 위하여, 봄바람이다. 석가는 이는 별과 인류의 군영과 얼음에 약동하다.','2019-02-06 11:49:38'),(38,35,60,96,50,65,74,'803꽃이 보이는 그들을 가는 꽃 방황하여도, 뿐이다. 트고, 반짝이는 위하여, 봄바람이다. 석가는 이는 별과 인류의 군영과 얼음에 약동하다.','2019-02-06 11:49:38'),(25,49,72,61,94,82,81,'804꽃이 보이는 그들을 가는 꽃 방황하여도, 뿐이다. 트고, 반짝이는 위하여, 봄바람이다. 석가는 이는 별과 인류의 군영과 얼음에 약동하다.','2019-02-06 11:49:38'),(9,48,65,80,57,95,52,'805꽃이 보이는 그들을 가는 꽃 방황하여도, 뿐이다. 트고, 반짝이는 위하여, 봄바람이다. 석가는 이는 별과 인류의 군영과 얼음에 약동하다.','2019-02-06 11:49:38'),(27,28,55,95,57,53,95,'806꽃이 보이는 그들을 가는 꽃 방황하여도, 뿐이다. 트고, 반짝이는 위하여, 봄바람이다. 석가는 이는 별과 인류의 군영과 얼음에 약동하다.','2019-02-06 11:49:38'),(12,24,84,99,93,67,56,'807꽃이 보이는 그들을 가는 꽃 방황하여도, 뿐이다. 트고, 반짝이는 위하여, 봄바람이다. 석가는 이는 별과 인류의 군영과 얼음에 약동하다.','2019-02-06 11:49:38'),(31,36,87,74,62,87,99,'808꽃이 보이는 그들을 가는 꽃 방황하여도, 뿐이다. 트고, 반짝이는 위하여, 봄바람이다. 석가는 이는 별과 인류의 군영과 얼음에 약동하다.','2019-02-06 11:49:38'),(34,20,98,78,97,51,67,'809꽃이 보이는 그들을 가는 꽃 방황하여도, 뿐이다. 트고, 반짝이는 위하여, 봄바람이다. 석가는 이는 별과 인류의 군영과 얼음에 약동하다.','2019-02-06 11:49:38'),(33,12,57,52,92,50,75,'810꽃이 보이는 그들을 가는 꽃 방황하여도, 뿐이다. 트고, 반짝이는 위하여, 봄바람이다. 석가는 이는 별과 인류의 군영과 얼음에 약동하다.','2019-02-06 11:49:38'),(28,10,64,94,74,89,70,'811꽃이 보이는 그들을 가는 꽃 방황하여도, 뿐이다. 트고, 반짝이는 위하여, 봄바람이다. 석가는 이는 별과 인류의 군영과 얼음에 약동하다.','2019-02-06 11:49:38'),(39,30,82,70,58,78,65,'812꽃이 보이는 그들을 가는 꽃 방황하여도, 뿐이다. 트고, 반짝이는 위하여, 봄바람이다. 석가는 이는 별과 인류의 군영과 얼음에 약동하다.','2019-02-06 11:49:38'),(42,14,94,75,98,60,59,'813꽃이 보이는 그들을 가는 꽃 방황하여도, 뿐이다. 트고, 반짝이는 위하여, 봄바람이다. 석가는 이는 별과 인류의 군영과 얼음에 약동하다.','2019-02-06 11:49:38'),(16,49,97,87,97,70,62,'814꽃이 보이는 그들을 가는 꽃 방황하여도, 뿐이다. 트고, 반짝이는 위하여, 봄바람이다. 석가는 이는 별과 인류의 군영과 얼음에 약동하다.','2019-02-06 11:49:38'),(49,8,90,77,67,52,61,'815꽃이 보이는 그들을 가는 꽃 방황하여도, 뿐이다. 트고, 반짝이는 위하여, 봄바람이다. 석가는 이는 별과 인류의 군영과 얼음에 약동하다.','2019-02-06 11:49:38'),(1,19,89,91,87,60,94,'816꽃이 보이는 그들을 가는 꽃 방황하여도, 뿐이다. 트고, 반짝이는 위하여, 봄바람이다. 석가는 이는 별과 인류의 군영과 얼음에 약동하다.','2019-02-06 11:49:38'),(36,49,85,81,98,95,81,'817꽃이 보이는 그들을 가는 꽃 방황하여도, 뿐이다. 트고, 반짝이는 위하여, 봄바람이다. 석가는 이는 별과 인류의 군영과 얼음에 약동하다.','2019-02-06 11:49:38'),(23,18,70,97,75,84,94,'818꽃이 보이는 그들을 가는 꽃 방황하여도, 뿐이다. 트고, 반짝이는 위하여, 봄바람이다. 석가는 이는 별과 인류의 군영과 얼음에 약동하다.','2019-02-06 11:49:38'),(18,8,84,99,89,50,84,'819꽃이 보이는 그들을 가는 꽃 방황하여도, 뿐이다. 트고, 반짝이는 위하여, 봄바람이다. 석가는 이는 별과 인류의 군영과 얼음에 약동하다.','2019-02-06 11:49:38'),(19,42,50,80,98,98,96,'820꽃이 보이는 그들을 가는 꽃 방황하여도, 뿐이다. 트고, 반짝이는 위하여, 봄바람이다. 석가는 이는 별과 인류의 군영과 얼음에 약동하다.','2019-02-06 11:49:38'),(34,32,58,98,62,69,56,'821꽃이 보이는 그들을 가는 꽃 방황하여도, 뿐이다. 트고, 반짝이는 위하여, 봄바람이다. 석가는 이는 별과 인류의 군영과 얼음에 약동하다.','2019-02-06 11:49:38'),(27,15,92,63,93,75,95,'822꽃이 보이는 그들을 가는 꽃 방황하여도, 뿐이다. 트고, 반짝이는 위하여, 봄바람이다. 석가는 이는 별과 인류의 군영과 얼음에 약동하다.','2019-02-06 11:49:38'),(47,2,69,90,92,89,70,'823꽃이 보이는 그들을 가는 꽃 방황하여도, 뿐이다. 트고, 반짝이는 위하여, 봄바람이다. 석가는 이는 별과 인류의 군영과 얼음에 약동하다.','2019-02-06 11:49:38'),(34,9,90,75,53,92,50,'824꽃이 보이는 그들을 가는 꽃 방황하여도, 뿐이다. 트고, 반짝이는 위하여, 봄바람이다. 석가는 이는 별과 인류의 군영과 얼음에 약동하다.','2019-02-06 11:49:38'),(26,28,60,68,60,98,56,'825꽃이 보이는 그들을 가는 꽃 방황하여도, 뿐이다. 트고, 반짝이는 위하여, 봄바람이다. 석가는 이는 별과 인류의 군영과 얼음에 약동하다.','2019-02-06 11:49:38'),(42,37,57,79,74,81,83,'826꽃이 보이는 그들을 가는 꽃 방황하여도, 뿐이다. 트고, 반짝이는 위하여, 봄바람이다. 석가는 이는 별과 인류의 군영과 얼음에 약동하다.','2019-02-06 11:49:38'),(21,6,67,68,89,90,83,'827꽃이 보이는 그들을 가는 꽃 방황하여도, 뿐이다. 트고, 반짝이는 위하여, 봄바람이다. 석가는 이는 별과 인류의 군영과 얼음에 약동하다.','2019-02-06 11:49:38'),(47,33,72,64,53,76,70,'828꽃이 보이는 그들을 가는 꽃 방황하여도, 뿐이다. 트고, 반짝이는 위하여, 봄바람이다. 석가는 이는 별과 인류의 군영과 얼음에 약동하다.','2019-02-06 11:49:38'),(24,6,57,68,71,50,88,'829꽃이 보이는 그들을 가는 꽃 방황하여도, 뿐이다. 트고, 반짝이는 위하여, 봄바람이다. 석가는 이는 별과 인류의 군영과 얼음에 약동하다.','2019-02-06 11:49:38'),(37,20,89,85,58,87,61,'830꽃이 보이는 그들을 가는 꽃 방황하여도, 뿐이다. 트고, 반짝이는 위하여, 봄바람이다. 석가는 이는 별과 인류의 군영과 얼음에 약동하다.','2019-02-06 11:49:38'),(43,30,71,66,67,90,96,'831꽃이 보이는 그들을 가는 꽃 방황하여도, 뿐이다. 트고, 반짝이는 위하여, 봄바람이다. 석가는 이는 별과 인류의 군영과 얼음에 약동하다.','2019-02-06 11:49:38'),(7,50,75,79,67,50,50,'832꽃이 보이는 그들을 가는 꽃 방황하여도, 뿐이다. 트고, 반짝이는 위하여, 봄바람이다. 석가는 이는 별과 인류의 군영과 얼음에 약동하다.','2019-02-06 11:49:38'),(3,12,99,58,97,56,91,'833꽃이 보이는 그들을 가는 꽃 방황하여도, 뿐이다. 트고, 반짝이는 위하여, 봄바람이다. 석가는 이는 별과 인류의 군영과 얼음에 약동하다.','2019-02-06 11:49:38'),(38,15,59,54,93,52,81,'834꽃이 보이는 그들을 가는 꽃 방황하여도, 뿐이다. 트고, 반짝이는 위하여, 봄바람이다. 석가는 이는 별과 인류의 군영과 얼음에 약동하다.','2019-02-06 11:49:38'),(49,2,59,95,94,85,94,'835꽃이 보이는 그들을 가는 꽃 방황하여도, 뿐이다. 트고, 반짝이는 위하여, 봄바람이다. 석가는 이는 별과 인류의 군영과 얼음에 약동하다.','2019-02-06 11:49:38'),(13,34,79,92,75,50,75,'836꽃이 보이는 그들을 가는 꽃 방황하여도, 뿐이다. 트고, 반짝이는 위하여, 봄바람이다. 석가는 이는 별과 인류의 군영과 얼음에 약동하다.','2019-02-06 11:49:38'),(24,45,100,66,81,57,95,'837꽃이 보이는 그들을 가는 꽃 방황하여도, 뿐이다. 트고, 반짝이는 위하여, 봄바람이다. 석가는 이는 별과 인류의 군영과 얼음에 약동하다.','2019-02-06 11:49:38'),(49,11,57,56,60,82,77,'838꽃이 보이는 그들을 가는 꽃 방황하여도, 뿐이다. 트고, 반짝이는 위하여, 봄바람이다. 석가는 이는 별과 인류의 군영과 얼음에 약동하다.','2019-02-06 11:49:38'),(41,22,87,70,90,87,65,'839꽃이 보이는 그들을 가는 꽃 방황하여도, 뿐이다. 트고, 반짝이는 위하여, 봄바람이다. 석가는 이는 별과 인류의 군영과 얼음에 약동하다.','2019-02-06 11:49:38'),(15,30,52,73,58,71,83,'840꽃이 보이는 그들을 가는 꽃 방황하여도, 뿐이다. 트고, 반짝이는 위하여, 봄바람이다. 석가는 이는 별과 인류의 군영과 얼음에 약동하다.','2019-02-06 11:49:38'),(1,3,61,99,60,53,88,'841꽃이 보이는 그들을 가는 꽃 방황하여도, 뿐이다. 트고, 반짝이는 위하여, 봄바람이다. 석가는 이는 별과 인류의 군영과 얼음에 약동하다.','2019-02-06 11:49:38'),(37,45,65,93,67,56,83,'843꽃이 보이는 그들을 가는 꽃 방황하여도, 뿐이다. 트고, 반짝이는 위하여, 봄바람이다. 석가는 이는 별과 인류의 군영과 얼음에 약동하다.','2019-02-06 11:49:38'),(46,29,56,98,66,89,96,'844꽃이 보이는 그들을 가는 꽃 방황하여도, 뿐이다. 트고, 반짝이는 위하여, 봄바람이다. 석가는 이는 별과 인류의 군영과 얼음에 약동하다.','2019-02-06 11:49:38'),(11,17,51,58,86,53,61,'845꽃이 보이는 그들을 가는 꽃 방황하여도, 뿐이다. 트고, 반짝이는 위하여, 봄바람이다. 석가는 이는 별과 인류의 군영과 얼음에 약동하다.','2019-02-06 11:49:38'),(46,45,87,98,81,58,51,'846꽃이 보이는 그들을 가는 꽃 방황하여도, 뿐이다. 트고, 반짝이는 위하여, 봄바람이다. 석가는 이는 별과 인류의 군영과 얼음에 약동하다.','2019-02-06 11:49:38'),(31,47,94,79,62,73,82,'847꽃이 보이는 그들을 가는 꽃 방황하여도, 뿐이다. 트고, 반짝이는 위하여, 봄바람이다. 석가는 이는 별과 인류의 군영과 얼음에 약동하다.','2019-02-06 11:49:38'),(39,48,70,58,83,91,52,'848꽃이 보이는 그들을 가는 꽃 방황하여도, 뿐이다. 트고, 반짝이는 위하여, 봄바람이다. 석가는 이는 별과 인류의 군영과 얼음에 약동하다.','2019-02-06 11:49:38'),(42,50,74,71,84,54,73,'849꽃이 보이는 그들을 가는 꽃 방황하여도, 뿐이다. 트고, 반짝이는 위하여, 봄바람이다. 석가는 이는 별과 인류의 군영과 얼음에 약동하다.','2019-02-06 11:49:38'),(1,34,68,87,81,94,78,'850꽃이 보이는 그들을 가는 꽃 방황하여도, 뿐이다. 트고, 반짝이는 위하여, 봄바람이다. 석가는 이는 별과 인류의 군영과 얼음에 약동하다.','2019-02-06 11:49:38'),(7,1,82,58,96,51,74,'851꽃이 보이는 그들을 가는 꽃 방황하여도, 뿐이다. 트고, 반짝이는 위하여, 봄바람이다. 석가는 이는 별과 인류의 군영과 얼음에 약동하다.','2019-02-06 11:49:38'),(13,43,74,92,86,54,64,'852꽃이 보이는 그들을 가는 꽃 방황하여도, 뿐이다. 트고, 반짝이는 위하여, 봄바람이다. 석가는 이는 별과 인류의 군영과 얼음에 약동하다.','2019-02-06 11:49:38'),(8,46,53,81,97,90,57,'853꽃이 보이는 그들을 가는 꽃 방황하여도, 뿐이다. 트고, 반짝이는 위하여, 봄바람이다. 석가는 이는 별과 인류의 군영과 얼음에 약동하다.','2019-02-06 11:49:38'),(17,14,68,98,86,84,62,'854꽃이 보이는 그들을 가는 꽃 방황하여도, 뿐이다. 트고, 반짝이는 위하여, 봄바람이다. 석가는 이는 별과 인류의 군영과 얼음에 약동하다.','2019-02-06 11:49:38'),(12,21,69,85,66,77,86,'855꽃이 보이는 그들을 가는 꽃 방황하여도, 뿐이다. 트고, 반짝이는 위하여, 봄바람이다. 석가는 이는 별과 인류의 군영과 얼음에 약동하다.','2019-02-06 11:49:38'),(47,27,95,94,82,79,100,'856꽃이 보이는 그들을 가는 꽃 방황하여도, 뿐이다. 트고, 반짝이는 위하여, 봄바람이다. 석가는 이는 별과 인류의 군영과 얼음에 약동하다.','2019-02-06 11:49:38'),(11,5,89,83,98,88,96,'857꽃이 보이는 그들을 가는 꽃 방황하여도, 뿐이다. 트고, 반짝이는 위하여, 봄바람이다. 석가는 이는 별과 인류의 군영과 얼음에 약동하다.','2019-02-06 11:49:38'),(17,46,76,97,52,71,50,'858꽃이 보이는 그들을 가는 꽃 방황하여도, 뿐이다. 트고, 반짝이는 위하여, 봄바람이다. 석가는 이는 별과 인류의 군영과 얼음에 약동하다.','2019-02-06 11:49:38'),(38,39,79,78,52,77,81,'859꽃이 보이는 그들을 가는 꽃 방황하여도, 뿐이다. 트고, 반짝이는 위하여, 봄바람이다. 석가는 이는 별과 인류의 군영과 얼음에 약동하다.','2019-02-06 11:49:38'),(21,12,95,92,71,83,99,'860꽃이 보이는 그들을 가는 꽃 방황하여도, 뿐이다. 트고, 반짝이는 위하여, 봄바람이다. 석가는 이는 별과 인류의 군영과 얼음에 약동하다.','2019-02-06 11:49:38'),(45,29,57,51,88,82,97,'861꽃이 보이는 그들을 가는 꽃 방황하여도, 뿐이다. 트고, 반짝이는 위하여, 봄바람이다. 석가는 이는 별과 인류의 군영과 얼음에 약동하다.','2019-02-06 11:49:38'),(39,4,53,53,57,79,71,'862꽃이 보이는 그들을 가는 꽃 방황하여도, 뿐이다. 트고, 반짝이는 위하여, 봄바람이다. 석가는 이는 별과 인류의 군영과 얼음에 약동하다.','2019-02-06 11:49:38'),(20,33,56,83,96,79,59,'863꽃이 보이는 그들을 가는 꽃 방황하여도, 뿐이다. 트고, 반짝이는 위하여, 봄바람이다. 석가는 이는 별과 인류의 군영과 얼음에 약동하다.','2019-02-06 11:49:38'),(10,18,59,97,54,80,88,'864꽃이 보이는 그들을 가는 꽃 방황하여도, 뿐이다. 트고, 반짝이는 위하여, 봄바람이다. 석가는 이는 별과 인류의 군영과 얼음에 약동하다.','2019-02-06 11:49:38'),(1,38,89,78,73,83,93,'865꽃이 보이는 그들을 가는 꽃 방황하여도, 뿐이다. 트고, 반짝이는 위하여, 봄바람이다. 석가는 이는 별과 인류의 군영과 얼음에 약동하다.','2019-02-06 11:49:38'),(17,6,78,73,80,81,64,'866꽃이 보이는 그들을 가는 꽃 방황하여도, 뿐이다. 트고, 반짝이는 위하여, 봄바람이다. 석가는 이는 별과 인류의 군영과 얼음에 약동하다.','2019-02-06 11:49:38'),(29,50,63,69,54,64,56,'867꽃이 보이는 그들을 가는 꽃 방황하여도, 뿐이다. 트고, 반짝이는 위하여, 봄바람이다. 석가는 이는 별과 인류의 군영과 얼음에 약동하다.','2019-02-06 11:49:38'),(42,40,72,92,94,92,78,'868꽃이 보이는 그들을 가는 꽃 방황하여도, 뿐이다. 트고, 반짝이는 위하여, 봄바람이다. 석가는 이는 별과 인류의 군영과 얼음에 약동하다.','2019-02-06 11:49:38'),(14,34,78,89,61,91,69,'869꽃이 보이는 그들을 가는 꽃 방황하여도, 뿐이다. 트고, 반짝이는 위하여, 봄바람이다. 석가는 이는 별과 인류의 군영과 얼음에 약동하다.','2019-02-06 11:49:38'),(24,12,88,52,51,98,85,'870꽃이 보이는 그들을 가는 꽃 방황하여도, 뿐이다. 트고, 반짝이는 위하여, 봄바람이다. 석가는 이는 별과 인류의 군영과 얼음에 약동하다.','2019-02-06 11:49:38'),(32,3,69,86,74,62,89,'871꽃이 보이는 그들을 가는 꽃 방황하여도, 뿐이다. 트고, 반짝이는 위하여, 봄바람이다. 석가는 이는 별과 인류의 군영과 얼음에 약동하다.','2019-02-06 11:49:38'),(7,19,72,53,52,52,56,'872꽃이 보이는 그들을 가는 꽃 방황하여도, 뿐이다. 트고, 반짝이는 위하여, 봄바람이다. 석가는 이는 별과 인류의 군영과 얼음에 약동하다.','2019-02-06 11:49:38'),(23,44,99,63,71,66,69,'873꽃이 보이는 그들을 가는 꽃 방황하여도, 뿐이다. 트고, 반짝이는 위하여, 봄바람이다. 석가는 이는 별과 인류의 군영과 얼음에 약동하다.','2019-02-06 11:49:38'),(45,15,91,58,72,82,97,'874꽃이 보이는 그들을 가는 꽃 방황하여도, 뿐이다. 트고, 반짝이는 위하여, 봄바람이다. 석가는 이는 별과 인류의 군영과 얼음에 약동하다.','2019-02-06 11:49:38'),(36,41,93,92,79,73,75,'875꽃이 보이는 그들을 가는 꽃 방황하여도, 뿐이다. 트고, 반짝이는 위하여, 봄바람이다. 석가는 이는 별과 인류의 군영과 얼음에 약동하다.','2019-02-06 11:49:38'),(8,15,99,50,53,69,86,'876꽃이 보이는 그들을 가는 꽃 방황하여도, 뿐이다. 트고, 반짝이는 위하여, 봄바람이다. 석가는 이는 별과 인류의 군영과 얼음에 약동하다.','2019-02-06 11:49:38'),(19,37,77,75,94,92,79,'877꽃이 보이는 그들을 가는 꽃 방황하여도, 뿐이다. 트고, 반짝이는 위하여, 봄바람이다. 석가는 이는 별과 인류의 군영과 얼음에 약동하다.','2019-02-06 11:49:38'),(19,9,85,99,91,55,54,'878꽃이 보이는 그들을 가는 꽃 방황하여도, 뿐이다. 트고, 반짝이는 위하여, 봄바람이다. 석가는 이는 별과 인류의 군영과 얼음에 약동하다.','2019-02-06 11:49:38'),(8,23,90,84,98,88,95,'879꽃이 보이는 그들을 가는 꽃 방황하여도, 뿐이다. 트고, 반짝이는 위하여, 봄바람이다. 석가는 이는 별과 인류의 군영과 얼음에 약동하다.','2019-02-06 11:49:38'),(11,20,65,68,95,68,57,'880꽃이 보이는 그들을 가는 꽃 방황하여도, 뿐이다. 트고, 반짝이는 위하여, 봄바람이다. 석가는 이는 별과 인류의 군영과 얼음에 약동하다.','2019-02-06 11:49:38'),(30,23,75,56,55,59,78,'882꽃이 보이는 그들을 가는 꽃 방황하여도, 뿐이다. 트고, 반짝이는 위하여, 봄바람이다. 석가는 이는 별과 인류의 군영과 얼음에 약동하다.','2019-02-06 11:49:38'),(15,40,51,88,87,71,95,'883꽃이 보이는 그들을 가는 꽃 방황하여도, 뿐이다. 트고, 반짝이는 위하여, 봄바람이다. 석가는 이는 별과 인류의 군영과 얼음에 약동하다.','2019-02-06 11:49:38'),(11,20,63,58,51,84,63,'884꽃이 보이는 그들을 가는 꽃 방황하여도, 뿐이다. 트고, 반짝이는 위하여, 봄바람이다. 석가는 이는 별과 인류의 군영과 얼음에 약동하다.','2019-02-06 11:49:38'),(17,42,59,70,72,100,81,'885꽃이 보이는 그들을 가는 꽃 방황하여도, 뿐이다. 트고, 반짝이는 위하여, 봄바람이다. 석가는 이는 별과 인류의 군영과 얼음에 약동하다.','2019-02-06 11:49:38'),(9,47,60,60,70,70,89,'886꽃이 보이는 그들을 가는 꽃 방황하여도, 뿐이다. 트고, 반짝이는 위하여, 봄바람이다. 석가는 이는 별과 인류의 군영과 얼음에 약동하다.','2019-02-06 11:49:38'),(36,10,92,80,73,75,59,'887꽃이 보이는 그들을 가는 꽃 방황하여도, 뿐이다. 트고, 반짝이는 위하여, 봄바람이다. 석가는 이는 별과 인류의 군영과 얼음에 약동하다.','2019-02-06 11:49:38'),(19,14,65,85,78,88,51,'888꽃이 보이는 그들을 가는 꽃 방황하여도, 뿐이다. 트고, 반짝이는 위하여, 봄바람이다. 석가는 이는 별과 인류의 군영과 얼음에 약동하다.','2019-02-06 11:49:38'),(46,23,77,66,100,50,53,'889꽃이 보이는 그들을 가는 꽃 방황하여도, 뿐이다. 트고, 반짝이는 위하여, 봄바람이다. 석가는 이는 별과 인류의 군영과 얼음에 약동하다.','2019-02-06 11:49:38'),(15,12,63,82,71,60,86,'890꽃이 보이는 그들을 가는 꽃 방황하여도, 뿐이다. 트고, 반짝이는 위하여, 봄바람이다. 석가는 이는 별과 인류의 군영과 얼음에 약동하다.','2019-02-06 11:49:38'),(49,36,80,97,91,64,100,'891꽃이 보이는 그들을 가는 꽃 방황하여도, 뿐이다. 트고, 반짝이는 위하여, 봄바람이다. 석가는 이는 별과 인류의 군영과 얼음에 약동하다.','2019-02-06 11:49:38'),(6,31,84,79,95,83,83,'892꽃이 보이는 그들을 가는 꽃 방황하여도, 뿐이다. 트고, 반짝이는 위하여, 봄바람이다. 석가는 이는 별과 인류의 군영과 얼음에 약동하다.','2019-02-06 11:49:38'),(16,30,100,61,56,100,80,'893꽃이 보이는 그들을 가는 꽃 방황하여도, 뿐이다. 트고, 반짝이는 위하여, 봄바람이다. 석가는 이는 별과 인류의 군영과 얼음에 약동하다.','2019-02-06 11:49:38'),(48,2,62,56,96,57,50,'894꽃이 보이는 그들을 가는 꽃 방황하여도, 뿐이다. 트고, 반짝이는 위하여, 봄바람이다. 석가는 이는 별과 인류의 군영과 얼음에 약동하다.','2019-02-06 11:49:38'),(31,1,63,64,79,54,85,'895꽃이 보이는 그들을 가는 꽃 방황하여도, 뿐이다. 트고, 반짝이는 위하여, 봄바람이다. 석가는 이는 별과 인류의 군영과 얼음에 약동하다.','2019-02-06 11:49:38'),(13,6,92,93,88,62,96,'896꽃이 보이는 그들을 가는 꽃 방황하여도, 뿐이다. 트고, 반짝이는 위하여, 봄바람이다. 석가는 이는 별과 인류의 군영과 얼음에 약동하다.','2019-02-06 11:49:38'),(45,33,80,50,62,59,60,'897꽃이 보이는 그들을 가는 꽃 방황하여도, 뿐이다. 트고, 반짝이는 위하여, 봄바람이다. 석가는 이는 별과 인류의 군영과 얼음에 약동하다.','2019-02-06 11:49:38'),(26,45,95,93,78,61,75,'898꽃이 보이는 그들을 가는 꽃 방황하여도, 뿐이다. 트고, 반짝이는 위하여, 봄바람이다. 석가는 이는 별과 인류의 군영과 얼음에 약동하다.','2019-02-06 11:49:38'),(38,16,63,69,58,82,85,'899꽃이 보이는 그들을 가는 꽃 방황하여도, 뿐이다. 트고, 반짝이는 위하여, 봄바람이다. 석가는 이는 별과 인류의 군영과 얼음에 약동하다.','2019-02-06 11:49:38'),(28,34,84,71,53,53,58,'900꽃이 보이는 그들을 가는 꽃 방황하여도, 뿐이다. 트고, 반짝이는 위하여, 봄바람이다. 석가는 이는 별과 인류의 군영과 얼음에 약동하다.','2019-02-06 11:49:38'),(31,29,51,71,50,90,96,'901꽃이 보이는 그들을 가는 꽃 방황하여도, 뿐이다. 트고, 반짝이는 위하여, 봄바람이다. 석가는 이는 별과 인류의 군영과 얼음에 약동하다.','2019-02-06 11:49:38'),(8,5,98,73,75,53,95,'902꽃이 보이는 그들을 가는 꽃 방황하여도, 뿐이다. 트고, 반짝이는 위하여, 봄바람이다. 석가는 이는 별과 인류의 군영과 얼음에 약동하다.','2019-02-06 11:49:38'),(11,18,58,90,71,87,71,'903꽃이 보이는 그들을 가는 꽃 방황하여도, 뿐이다. 트고, 반짝이는 위하여, 봄바람이다. 석가는 이는 별과 인류의 군영과 얼음에 약동하다.','2019-02-06 11:49:38'),(47,19,50,100,96,80,61,'904꽃이 보이는 그들을 가는 꽃 방황하여도, 뿐이다. 트고, 반짝이는 위하여, 봄바람이다. 석가는 이는 별과 인류의 군영과 얼음에 약동하다.','2019-02-06 11:49:38'),(17,48,90,55,56,68,70,'905꽃이 보이는 그들을 가는 꽃 방황하여도, 뿐이다. 트고, 반짝이는 위하여, 봄바람이다. 석가는 이는 별과 인류의 군영과 얼음에 약동하다.','2019-02-06 11:49:38'),(49,31,59,52,85,67,80,'906꽃이 보이는 그들을 가는 꽃 방황하여도, 뿐이다. 트고, 반짝이는 위하여, 봄바람이다. 석가는 이는 별과 인류의 군영과 얼음에 약동하다.','2019-02-06 11:49:38'),(50,6,82,90,54,51,97,'907꽃이 보이는 그들을 가는 꽃 방황하여도, 뿐이다. 트고, 반짝이는 위하여, 봄바람이다. 석가는 이는 별과 인류의 군영과 얼음에 약동하다.','2019-02-06 11:49:38'),(28,47,100,58,95,98,55,'908꽃이 보이는 그들을 가는 꽃 방황하여도, 뿐이다. 트고, 반짝이는 위하여, 봄바람이다. 석가는 이는 별과 인류의 군영과 얼음에 약동하다.','2019-02-06 11:49:38'),(32,44,74,89,70,86,69,'909꽃이 보이는 그들을 가는 꽃 방황하여도, 뿐이다. 트고, 반짝이는 위하여, 봄바람이다. 석가는 이는 별과 인류의 군영과 얼음에 약동하다.','2019-02-06 11:49:38'),(36,23,54,56,69,75,70,'910꽃이 보이는 그들을 가는 꽃 방황하여도, 뿐이다. 트고, 반짝이는 위하여, 봄바람이다. 석가는 이는 별과 인류의 군영과 얼음에 약동하다.','2019-02-06 11:49:38'),(24,7,62,91,68,67,83,'911꽃이 보이는 그들을 가는 꽃 방황하여도, 뿐이다. 트고, 반짝이는 위하여, 봄바람이다. 석가는 이는 별과 인류의 군영과 얼음에 약동하다.','2019-02-06 11:49:38'),(11,6,98,70,60,88,57,'912꽃이 보이는 그들을 가는 꽃 방황하여도, 뿐이다. 트고, 반짝이는 위하여, 봄바람이다. 석가는 이는 별과 인류의 군영과 얼음에 약동하다.','2019-02-06 11:49:38'),(27,8,61,81,73,73,98,'913꽃이 보이는 그들을 가는 꽃 방황하여도, 뿐이다. 트고, 반짝이는 위하여, 봄바람이다. 석가는 이는 별과 인류의 군영과 얼음에 약동하다.','2019-02-06 11:49:38'),(16,35,78,84,85,74,67,'914꽃이 보이는 그들을 가는 꽃 방황하여도, 뿐이다. 트고, 반짝이는 위하여, 봄바람이다. 석가는 이는 별과 인류의 군영과 얼음에 약동하다.','2019-02-06 11:49:38'),(12,9,56,57,68,68,88,'915꽃이 보이는 그들을 가는 꽃 방황하여도, 뿐이다. 트고, 반짝이는 위하여, 봄바람이다. 석가는 이는 별과 인류의 군영과 얼음에 약동하다.','2019-02-06 11:49:38'),(35,10,94,88,58,78,67,'916꽃이 보이는 그들을 가는 꽃 방황하여도, 뿐이다. 트고, 반짝이는 위하여, 봄바람이다. 석가는 이는 별과 인류의 군영과 얼음에 약동하다.','2019-02-06 11:49:38'),(50,46,79,58,53,96,64,'917꽃이 보이는 그들을 가는 꽃 방황하여도, 뿐이다. 트고, 반짝이는 위하여, 봄바람이다. 석가는 이는 별과 인류의 군영과 얼음에 약동하다.','2019-02-06 11:49:38'),(38,45,58,59,69,70,93,'918꽃이 보이는 그들을 가는 꽃 방황하여도, 뿐이다. 트고, 반짝이는 위하여, 봄바람이다. 석가는 이는 별과 인류의 군영과 얼음에 약동하다.','2019-02-06 11:49:38'),(2,33,56,84,50,51,56,'919꽃이 보이는 그들을 가는 꽃 방황하여도, 뿐이다. 트고, 반짝이는 위하여, 봄바람이다. 석가는 이는 별과 인류의 군영과 얼음에 약동하다.','2019-02-06 11:49:38'),(27,16,96,83,78,91,70,'920꽃이 보이는 그들을 가는 꽃 방황하여도, 뿐이다. 트고, 반짝이는 위하여, 봄바람이다. 석가는 이는 별과 인류의 군영과 얼음에 약동하다.','2019-02-06 11:49:38'),(45,10,65,98,94,73,83,'922꽃이 보이는 그들을 가는 꽃 방황하여도, 뿐이다. 트고, 반짝이는 위하여, 봄바람이다. 석가는 이는 별과 인류의 군영과 얼음에 약동하다.','2019-02-06 11:49:38'),(49,42,64,96,85,86,77,'923꽃이 보이는 그들을 가는 꽃 방황하여도, 뿐이다. 트고, 반짝이는 위하여, 봄바람이다. 석가는 이는 별과 인류의 군영과 얼음에 약동하다.','2019-02-06 11:49:38'),(29,10,62,83,79,96,92,'924꽃이 보이는 그들을 가는 꽃 방황하여도, 뿐이다. 트고, 반짝이는 위하여, 봄바람이다. 석가는 이는 별과 인류의 군영과 얼음에 약동하다.','2019-02-06 11:49:38'),(22,34,51,59,90,69,80,'925꽃이 보이는 그들을 가는 꽃 방황하여도, 뿐이다. 트고, 반짝이는 위하여, 봄바람이다. 석가는 이는 별과 인류의 군영과 얼음에 약동하다.','2019-02-06 11:49:38'),(41,12,88,52,100,92,57,'926꽃이 보이는 그들을 가는 꽃 방황하여도, 뿐이다. 트고, 반짝이는 위하여, 봄바람이다. 석가는 이는 별과 인류의 군영과 얼음에 약동하다.','2019-02-06 11:49:38'),(12,38,54,57,72,89,80,'927꽃이 보이는 그들을 가는 꽃 방황하여도, 뿐이다. 트고, 반짝이는 위하여, 봄바람이다. 석가는 이는 별과 인류의 군영과 얼음에 약동하다.','2019-02-06 11:49:38'),(32,17,89,95,55,94,52,'928꽃이 보이는 그들을 가는 꽃 방황하여도, 뿐이다. 트고, 반짝이는 위하여, 봄바람이다. 석가는 이는 별과 인류의 군영과 얼음에 약동하다.','2019-02-06 11:49:38'),(33,3,66,74,72,89,78,'929꽃이 보이는 그들을 가는 꽃 방황하여도, 뿐이다. 트고, 반짝이는 위하여, 봄바람이다. 석가는 이는 별과 인류의 군영과 얼음에 약동하다.','2019-02-06 11:49:38'),(25,37,58,85,98,82,67,'930꽃이 보이는 그들을 가는 꽃 방황하여도, 뿐이다. 트고, 반짝이는 위하여, 봄바람이다. 석가는 이는 별과 인류의 군영과 얼음에 약동하다.','2019-02-06 11:49:38'),(41,3,88,84,55,75,60,'931꽃이 보이는 그들을 가는 꽃 방황하여도, 뿐이다. 트고, 반짝이는 위하여, 봄바람이다. 석가는 이는 별과 인류의 군영과 얼음에 약동하다.','2019-02-06 11:49:38'),(25,41,81,81,64,79,100,'932꽃이 보이는 그들을 가는 꽃 방황하여도, 뿐이다. 트고, 반짝이는 위하여, 봄바람이다. 석가는 이는 별과 인류의 군영과 얼음에 약동하다.','2019-02-06 11:49:38'),(10,2,80,94,77,55,95,'933꽃이 보이는 그들을 가는 꽃 방황하여도, 뿐이다. 트고, 반짝이는 위하여, 봄바람이다. 석가는 이는 별과 인류의 군영과 얼음에 약동하다.','2019-02-06 11:49:38'),(8,2,88,83,100,100,100,'934꽃이 보이는 그들을 가는 꽃 방황하여도, 뿐이다. 트고, 반짝이는 위하여, 봄바람이다. 석가는 이는 별과 인류의 군영과 얼음에 약동하다.','2019-02-06 11:49:38'),(1,2,58,86,54,63,53,'935꽃이 보이는 그들을 가는 꽃 방황하여도, 뿐이다. 트고, 반짝이는 위하여, 봄바람이다. 석가는 이는 별과 인류의 군영과 얼음에 약동하다.','2019-02-06 11:49:38'),(30,35,83,63,68,99,89,'936꽃이 보이는 그들을 가는 꽃 방황하여도, 뿐이다. 트고, 반짝이는 위하여, 봄바람이다. 석가는 이는 별과 인류의 군영과 얼음에 약동하다.','2019-02-06 11:49:38'),(50,29,98,50,62,57,100,'937꽃이 보이는 그들을 가는 꽃 방황하여도, 뿐이다. 트고, 반짝이는 위하여, 봄바람이다. 석가는 이는 별과 인류의 군영과 얼음에 약동하다.','2019-02-06 11:49:38'),(25,27,56,54,53,55,64,'938꽃이 보이는 그들을 가는 꽃 방황하여도, 뿐이다. 트고, 반짝이는 위하여, 봄바람이다. 석가는 이는 별과 인류의 군영과 얼음에 약동하다.','2019-02-06 11:49:38'),(6,35,58,87,60,89,63,'939꽃이 보이는 그들을 가는 꽃 방황하여도, 뿐이다. 트고, 반짝이는 위하여, 봄바람이다. 석가는 이는 별과 인류의 군영과 얼음에 약동하다.','2019-02-06 11:49:38'),(49,4,74,60,78,61,69,'940꽃이 보이는 그들을 가는 꽃 방황하여도, 뿐이다. 트고, 반짝이는 위하여, 봄바람이다. 석가는 이는 별과 인류의 군영과 얼음에 약동하다.','2019-02-06 11:49:38'),(13,6,89,78,75,89,71,'941꽃이 보이는 그들을 가는 꽃 방황하여도, 뿐이다. 트고, 반짝이는 위하여, 봄바람이다. 석가는 이는 별과 인류의 군영과 얼음에 약동하다.','2019-02-06 11:49:38'),(39,29,77,51,74,68,68,'942꽃이 보이는 그들을 가는 꽃 방황하여도, 뿐이다. 트고, 반짝이는 위하여, 봄바람이다. 석가는 이는 별과 인류의 군영과 얼음에 약동하다.','2019-02-06 11:49:38'),(36,23,56,66,60,52,81,'943꽃이 보이는 그들을 가는 꽃 방황하여도, 뿐이다. 트고, 반짝이는 위하여, 봄바람이다. 석가는 이는 별과 인류의 군영과 얼음에 약동하다.','2019-02-06 11:49:38'),(48,45,81,72,66,63,70,'944꽃이 보이는 그들을 가는 꽃 방황하여도, 뿐이다. 트고, 반짝이는 위하여, 봄바람이다. 석가는 이는 별과 인류의 군영과 얼음에 약동하다.','2019-02-06 11:49:38'),(10,39,61,94,84,88,89,'945꽃이 보이는 그들을 가는 꽃 방황하여도, 뿐이다. 트고, 반짝이는 위하여, 봄바람이다. 석가는 이는 별과 인류의 군영과 얼음에 약동하다.','2019-02-06 11:49:38'),(31,37,90,90,78,70,66,'946꽃이 보이는 그들을 가는 꽃 방황하여도, 뿐이다. 트고, 반짝이는 위하여, 봄바람이다. 석가는 이는 별과 인류의 군영과 얼음에 약동하다.','2019-02-06 11:49:38'),(22,9,78,64,86,87,76,'947꽃이 보이는 그들을 가는 꽃 방황하여도, 뿐이다. 트고, 반짝이는 위하여, 봄바람이다. 석가는 이는 별과 인류의 군영과 얼음에 약동하다.','2019-02-06 11:49:38'),(22,28,73,82,92,61,82,'948꽃이 보이는 그들을 가는 꽃 방황하여도, 뿐이다. 트고, 반짝이는 위하여, 봄바람이다. 석가는 이는 별과 인류의 군영과 얼음에 약동하다.','2019-02-06 11:49:38'),(27,36,97,79,52,78,83,'949꽃이 보이는 그들을 가는 꽃 방황하여도, 뿐이다. 트고, 반짝이는 위하여, 봄바람이다. 석가는 이는 별과 인류의 군영과 얼음에 약동하다.','2019-02-06 11:49:38'),(29,44,82,81,58,99,69,'950꽃이 보이는 그들을 가는 꽃 방황하여도, 뿐이다. 트고, 반짝이는 위하여, 봄바람이다. 석가는 이는 별과 인류의 군영과 얼음에 약동하다.','2019-02-06 11:49:38'),(1,43,63,89,54,56,66,'951꽃이 보이는 그들을 가는 꽃 방황하여도, 뿐이다. 트고, 반짝이는 위하여, 봄바람이다. 석가는 이는 별과 인류의 군영과 얼음에 약동하다.','2019-02-06 11:49:38'),(13,16,91,55,56,63,98,'952꽃이 보이는 그들을 가는 꽃 방황하여도, 뿐이다. 트고, 반짝이는 위하여, 봄바람이다. 석가는 이는 별과 인류의 군영과 얼음에 약동하다.','2019-02-06 11:49:38'),(47,42,66,56,83,96,78,'953꽃이 보이는 그들을 가는 꽃 방황하여도, 뿐이다. 트고, 반짝이는 위하여, 봄바람이다. 석가는 이는 별과 인류의 군영과 얼음에 약동하다.','2019-02-06 11:49:38'),(6,42,94,94,88,58,77,'954꽃이 보이는 그들을 가는 꽃 방황하여도, 뿐이다. 트고, 반짝이는 위하여, 봄바람이다. 석가는 이는 별과 인류의 군영과 얼음에 약동하다.','2019-02-06 11:49:38'),(11,24,85,52,57,82,84,'955꽃이 보이는 그들을 가는 꽃 방황하여도, 뿐이다. 트고, 반짝이는 위하여, 봄바람이다. 석가는 이는 별과 인류의 군영과 얼음에 약동하다.','2019-02-06 11:49:38'),(27,29,63,81,66,86,83,'956꽃이 보이는 그들을 가는 꽃 방황하여도, 뿐이다. 트고, 반짝이는 위하여, 봄바람이다. 석가는 이는 별과 인류의 군영과 얼음에 약동하다.','2019-02-06 11:49:38'),(7,34,97,82,72,64,55,'957꽃이 보이는 그들을 가는 꽃 방황하여도, 뿐이다. 트고, 반짝이는 위하여, 봄바람이다. 석가는 이는 별과 인류의 군영과 얼음에 약동하다.','2019-02-06 11:49:38'),(33,50,97,86,89,86,62,'958꽃이 보이는 그들을 가는 꽃 방황하여도, 뿐이다. 트고, 반짝이는 위하여, 봄바람이다. 석가는 이는 별과 인류의 군영과 얼음에 약동하다.','2019-02-06 11:49:38'),(7,45,54,87,72,50,87,'959꽃이 보이는 그들을 가는 꽃 방황하여도, 뿐이다. 트고, 반짝이는 위하여, 봄바람이다. 석가는 이는 별과 인류의 군영과 얼음에 약동하다.','2019-02-06 11:49:38'),(30,39,55,60,85,94,62,'960꽃이 보이는 그들을 가는 꽃 방황하여도, 뿐이다. 트고, 반짝이는 위하여, 봄바람이다. 석가는 이는 별과 인류의 군영과 얼음에 약동하다.','2019-02-06 11:49:38'),(31,17,89,97,67,98,84,'961꽃이 보이는 그들을 가는 꽃 방황하여도, 뿐이다. 트고, 반짝이는 위하여, 봄바람이다. 석가는 이는 별과 인류의 군영과 얼음에 약동하다.','2019-02-06 11:49:38'),(26,28,59,67,54,74,55,'962꽃이 보이는 그들을 가는 꽃 방황하여도, 뿐이다. 트고, 반짝이는 위하여, 봄바람이다. 석가는 이는 별과 인류의 군영과 얼음에 약동하다.','2019-02-06 11:49:38'),(3,50,90,100,81,52,71,'963꽃이 보이는 그들을 가는 꽃 방황하여도, 뿐이다. 트고, 반짝이는 위하여, 봄바람이다. 석가는 이는 별과 인류의 군영과 얼음에 약동하다.','2019-02-06 11:49:38'),(49,29,98,54,76,66,55,'964꽃이 보이는 그들을 가는 꽃 방황하여도, 뿐이다. 트고, 반짝이는 위하여, 봄바람이다. 석가는 이는 별과 인류의 군영과 얼음에 약동하다.','2019-02-06 11:49:38'),(27,16,50,55,75,57,62,'965꽃이 보이는 그들을 가는 꽃 방황하여도, 뿐이다. 트고, 반짝이는 위하여, 봄바람이다. 석가는 이는 별과 인류의 군영과 얼음에 약동하다.','2019-02-06 11:49:39'),(39,5,58,80,73,74,52,'966꽃이 보이는 그들을 가는 꽃 방황하여도, 뿐이다. 트고, 반짝이는 위하여, 봄바람이다. 석가는 이는 별과 인류의 군영과 얼음에 약동하다.','2019-02-06 11:49:39'),(39,38,70,90,87,66,71,'967꽃이 보이는 그들을 가는 꽃 방황하여도, 뿐이다. 트고, 반짝이는 위하여, 봄바람이다. 석가는 이는 별과 인류의 군영과 얼음에 약동하다.','2019-02-06 11:49:39'),(5,11,89,64,52,70,94,'968꽃이 보이는 그들을 가는 꽃 방황하여도, 뿐이다. 트고, 반짝이는 위하여, 봄바람이다. 석가는 이는 별과 인류의 군영과 얼음에 약동하다.','2019-02-06 11:49:39'),(6,49,76,86,100,93,62,'969꽃이 보이는 그들을 가는 꽃 방황하여도, 뿐이다. 트고, 반짝이는 위하여, 봄바람이다. 석가는 이는 별과 인류의 군영과 얼음에 약동하다.','2019-02-06 11:49:39'),(33,27,87,54,59,85,96,'970꽃이 보이는 그들을 가는 꽃 방황하여도, 뿐이다. 트고, 반짝이는 위하여, 봄바람이다. 석가는 이는 별과 인류의 군영과 얼음에 약동하다.','2019-02-06 11:49:39'),(23,25,56,58,71,83,100,'971꽃이 보이는 그들을 가는 꽃 방황하여도, 뿐이다. 트고, 반짝이는 위하여, 봄바람이다. 석가는 이는 별과 인류의 군영과 얼음에 약동하다.','2019-02-06 11:49:39'),(49,43,68,63,63,75,86,'972꽃이 보이는 그들을 가는 꽃 방황하여도, 뿐이다. 트고, 반짝이는 위하여, 봄바람이다. 석가는 이는 별과 인류의 군영과 얼음에 약동하다.','2019-02-06 11:49:39'),(2,4,62,100,61,58,57,'973꽃이 보이는 그들을 가는 꽃 방황하여도, 뿐이다. 트고, 반짝이는 위하여, 봄바람이다. 석가는 이는 별과 인류의 군영과 얼음에 약동하다.','2019-02-06 11:49:39'),(11,31,71,65,64,72,70,'974꽃이 보이는 그들을 가는 꽃 방황하여도, 뿐이다. 트고, 반짝이는 위하여, 봄바람이다. 석가는 이는 별과 인류의 군영과 얼음에 약동하다.','2019-02-06 11:49:39'),(35,11,51,75,71,79,81,'975꽃이 보이는 그들을 가는 꽃 방황하여도, 뿐이다. 트고, 반짝이는 위하여, 봄바람이다. 석가는 이는 별과 인류의 군영과 얼음에 약동하다.','2019-02-06 11:49:39'),(18,48,84,77,82,79,50,'976꽃이 보이는 그들을 가는 꽃 방황하여도, 뿐이다. 트고, 반짝이는 위하여, 봄바람이다. 석가는 이는 별과 인류의 군영과 얼음에 약동하다.','2019-02-06 11:49:39'),(13,15,82,66,87,86,66,'977꽃이 보이는 그들을 가는 꽃 방황하여도, 뿐이다. 트고, 반짝이는 위하여, 봄바람이다. 석가는 이는 별과 인류의 군영과 얼음에 약동하다.','2019-02-06 11:49:39'),(25,24,96,55,92,92,82,'978꽃이 보이는 그들을 가는 꽃 방황하여도, 뿐이다. 트고, 반짝이는 위하여, 봄바람이다. 석가는 이는 별과 인류의 군영과 얼음에 약동하다.','2019-02-06 11:49:39'),(37,38,77,74,87,60,95,'979꽃이 보이는 그들을 가는 꽃 방황하여도, 뿐이다. 트고, 반짝이는 위하여, 봄바람이다. 석가는 이는 별과 인류의 군영과 얼음에 약동하다.','2019-02-06 11:49:39'),(42,22,86,63,59,58,63,'980꽃이 보이는 그들을 가는 꽃 방황하여도, 뿐이다. 트고, 반짝이는 위하여, 봄바람이다. 석가는 이는 별과 인류의 군영과 얼음에 약동하다.','2019-02-06 11:49:39'),(43,21,77,72,78,75,90,'981꽃이 보이는 그들을 가는 꽃 방황하여도, 뿐이다. 트고, 반짝이는 위하여, 봄바람이다. 석가는 이는 별과 인류의 군영과 얼음에 약동하다.','2019-02-06 11:49:39'),(24,48,70,54,64,55,87,'982꽃이 보이는 그들을 가는 꽃 방황하여도, 뿐이다. 트고, 반짝이는 위하여, 봄바람이다. 석가는 이는 별과 인류의 군영과 얼음에 약동하다.','2019-02-06 11:49:39'),(15,16,83,68,92,52,89,'983꽃이 보이는 그들을 가는 꽃 방황하여도, 뿐이다. 트고, 반짝이는 위하여, 봄바람이다. 석가는 이는 별과 인류의 군영과 얼음에 약동하다.','2019-02-06 11:49:39'),(38,20,86,70,96,65,89,'984꽃이 보이는 그들을 가는 꽃 방황하여도, 뿐이다. 트고, 반짝이는 위하여, 봄바람이다. 석가는 이는 별과 인류의 군영과 얼음에 약동하다.','2019-02-06 11:49:39'),(48,21,62,98,53,72,53,'985꽃이 보이는 그들을 가는 꽃 방황하여도, 뿐이다. 트고, 반짝이는 위하여, 봄바람이다. 석가는 이는 별과 인류의 군영과 얼음에 약동하다.','2019-02-06 11:49:39'),(48,28,95,91,71,83,50,'986꽃이 보이는 그들을 가는 꽃 방황하여도, 뿐이다. 트고, 반짝이는 위하여, 봄바람이다. 석가는 이는 별과 인류의 군영과 얼음에 약동하다.','2019-02-06 11:49:39'),(6,24,52,93,56,53,96,'987꽃이 보이는 그들을 가는 꽃 방황하여도, 뿐이다. 트고, 반짝이는 위하여, 봄바람이다. 석가는 이는 별과 인류의 군영과 얼음에 약동하다.','2019-02-06 11:49:39'),(21,15,62,66,97,83,74,'988꽃이 보이는 그들을 가는 꽃 방황하여도, 뿐이다. 트고, 반짝이는 위하여, 봄바람이다. 석가는 이는 별과 인류의 군영과 얼음에 약동하다.','2019-02-06 11:49:39'),(24,45,52,78,81,73,71,'989꽃이 보이는 그들을 가는 꽃 방황하여도, 뿐이다. 트고, 반짝이는 위하여, 봄바람이다. 석가는 이는 별과 인류의 군영과 얼음에 약동하다.','2019-02-06 11:49:39'),(36,14,63,74,83,89,98,'990꽃이 보이는 그들을 가는 꽃 방황하여도, 뿐이다. 트고, 반짝이는 위하여, 봄바람이다. 석가는 이는 별과 인류의 군영과 얼음에 약동하다.','2019-02-06 11:49:39'),(23,20,82,98,93,69,68,'991꽃이 보이는 그들을 가는 꽃 방황하여도, 뿐이다. 트고, 반짝이는 위하여, 봄바람이다. 석가는 이는 별과 인류의 군영과 얼음에 약동하다.','2019-02-06 11:49:39'),(37,25,63,92,70,77,71,'992꽃이 보이는 그들을 가는 꽃 방황하여도, 뿐이다. 트고, 반짝이는 위하여, 봄바람이다. 석가는 이는 별과 인류의 군영과 얼음에 약동하다.','2019-02-06 11:49:39'),(28,22,77,72,76,67,55,'993꽃이 보이는 그들을 가는 꽃 방황하여도, 뿐이다. 트고, 반짝이는 위하여, 봄바람이다. 석가는 이는 별과 인류의 군영과 얼음에 약동하다.','2019-02-06 11:49:39'),(29,24,84,97,83,76,79,'994꽃이 보이는 그들을 가는 꽃 방황하여도, 뿐이다. 트고, 반짝이는 위하여, 봄바람이다. 석가는 이는 별과 인류의 군영과 얼음에 약동하다.','2019-02-06 11:49:39'),(19,6,70,86,69,88,83,'995꽃이 보이는 그들을 가는 꽃 방황하여도, 뿐이다. 트고, 반짝이는 위하여, 봄바람이다. 석가는 이는 별과 인류의 군영과 얼음에 약동하다.','2019-02-06 11:49:39'),(49,44,71,76,66,54,75,'996꽃이 보이는 그들을 가는 꽃 방황하여도, 뿐이다. 트고, 반짝이는 위하여, 봄바람이다. 석가는 이는 별과 인류의 군영과 얼음에 약동하다.','2019-02-06 11:49:39'),(10,23,83,99,96,81,67,'997꽃이 보이는 그들을 가는 꽃 방황하여도, 뿐이다. 트고, 반짝이는 위하여, 봄바람이다. 석가는 이는 별과 인류의 군영과 얼음에 약동하다.','2019-02-06 11:49:39'),(45,21,70,87,73,55,58,'998꽃이 보이는 그들을 가는 꽃 방황하여도, 뿐이다. 트고, 반짝이는 위하여, 봄바람이다. 석가는 이는 별과 인류의 군영과 얼음에 약동하다.','2019-02-06 11:49:39'),(24,44,99,62,64,83,74,'999꽃이 보이는 그들을 가는 꽃 방황하여도, 뿐이다. 트고, 반짝이는 위하여, 봄바람이다. 석가는 이는 별과 인류의 군영과 얼음에 약동하다.','2019-02-06 11:49:39'),(23,40,80,80,59,58,61,'1000꽃이 보이는 그들을 가는 꽃 방황하여도, 뿐이다. 트고, 반짝이는 위하여, 봄바람이다. 석가는 이는 별과 인류의 군영과 얼음에 약동하다.','2019-02-06 11:49:39');
/*!40000 ALTER TABLE `youtuber_review` ENABLE KEYS */;
UNLOCK TABLES;

--
-- Table structure for table `youtuber_sum`
--

DROP TABLE IF EXISTS `youtuber_sum`;
/*!40101 SET @saved_cs_client     = @@character_set_client */;
/*!40101 SET character_set_client = utf8 */;
CREATE TABLE `youtuber_sum` (
  `youtuber_id` int(11) NOT NULL,
  `point1` int(11) DEFAULT NULL,
  `point2` int(11) DEFAULT NULL,
  `point3` int(11) DEFAULT NULL,
  `point4` int(11) DEFAULT NULL,
  `point5` int(11) DEFAULT NULL,
  `tags` varchar(255) DEFAULT NULL,
  KEY `fk_youtuber_point_youtuber1_idx` (`youtuber_id`),
  CONSTRAINT `fk_youtuber_point_youtuber1` FOREIGN KEY (`youtuber_id`) REFERENCES `youtuber` (`id`) ON DELETE NO ACTION ON UPDATE NO ACTION
) ENGINE=InnoDB DEFAULT CHARSET=utf8;
/*!40101 SET character_set_client = @saved_cs_client */;

--
-- Dumping data for table `youtuber_sum`
--

LOCK TABLES `youtuber_sum` WRITE;
/*!40000 ALTER TABLE `youtuber_sum` DISABLE KEYS */;
INSERT INTO `youtuber_sum` VALUES (1,77,81,74,75,75,NULL),(2,75,71,77,75,72,NULL),(3,75,78,77,69,78,'먹방,태그7'),(4,71,71,71,78,76,'태그3,태그9'),(5,74,75,73,71,80,'먹방'),(6,79,78,75,75,71,'태그4'),(7,74,79,74,68,69,'태그12,태그9'),(8,74,74,76,74,72,NULL),(9,78,76,68,78,73,'태그13'),(10,72,76,77,74,76,'게임,태그10'),(11,72,67,75,74,69,'태그10'),(12,71,75,72,75,71,'태그13,태그10,태그3'),(13,77,77,78,74,76,'태그7'),(14,80,74,72,77,71,'태그14,태그8,태그8'),(15,72,74,70,73,79,'태그10'),(16,75,76,76,82,72,'태그10'),(17,75,78,70,79,75,'태그6'),(18,77,74,83,81,72,'태그10,태그10'),(19,73,77,76,75,73,NULL),(20,71,75,78,72,80,NULL),(21,78,74,76,80,79,'게임'),(22,73,72,75,76,72,NULL),(23,71,76,74,78,79,'태그9'),(24,81,63,71,74,78,'태그12'),(25,73,70,79,73,76,NULL),(26,73,72,75,73,74,'태그9'),(27,76,81,73,70,80,'태그6'),(28,77,79,72,71,71,NULL),(29,69,74,76,81,84,NULL),(30,78,74,75,78,78,'태그13'),(31,73,78,72,80,76,NULL),(32,79,77,68,79,74,'게임,태그7'),(33,75,71,75,78,73,NULL),(34,70,77,76,71,72,'태그9,태그7,태그9'),(35,73,72,72,80,74,NULL),(36,73,74,76,79,74,'태그2'),(37,74,75,75,73,74,NULL),(38,72,73,76,72,75,'태그13'),(39,72,75,77,71,65,'태그9'),(40,75,74,73,79,74,'태그13'),(41,75,74,79,83,73,NULL),(42,79,75,76,73,76,'태그10,태그7'),(43,74,76,77,76,84,'병맛'),(44,75,75,74,73,80,'태그11,태그9,태그4'),(45,72,74,76,72,77,NULL),(46,71,77,74,67,72,'태그8'),(47,72,72,77,78,79,'게임'),(48,78,73,79,72,73,'태그12'),(49,76,76,75,70,75,'병맛'),(50,76,76,73,74,74,'태그3');
/*!40000 ALTER TABLE `youtuber_sum` ENABLE KEYS */;
UNLOCK TABLES;

--
-- Table structure for table `youtuber_tag`
--

DROP TABLE IF EXISTS `youtuber_tag`;
/*!40101 SET @saved_cs_client     = @@character_set_client */;
/*!40101 SET character_set_client = utf8 */;
CREATE TABLE `youtuber_tag` (
  `youtuber_id` int(11) NOT NULL,
  `tag` varchar(45) DEFAULT NULL,
  KEY `fk_youtuber_tag_youtuber1_idx` (`youtuber_id`),
  CONSTRAINT `fk_youtuber_tag_youtuber1` FOREIGN KEY (`youtuber_id`) REFERENCES `youtuber` (`id`) ON DELETE NO ACTION ON UPDATE NO ACTION
) ENGINE=InnoDB DEFAULT CHARSET=utf8;
/*!40101 SET character_set_client = @saved_cs_client */;

--
-- Dumping data for table `youtuber_tag`
--

LOCK TABLES `youtuber_tag` WRITE;
/*!40000 ALTER TABLE `youtuber_tag` DISABLE KEYS */;
INSERT INTO `youtuber_tag` VALUES (34,'태그9'),(10,'게임'),(32,'게임'),(17,'태그6'),(24,'태그12'),(44,'태그11'),(14,'태그14'),(9,'태그13'),(50,'태그3'),(16,'태그10'),(39,'태그9'),(46,'태그8'),(14,'태그8'),(7,'태그12'),(47,'게임'),(18,'태그10'),(27,'태그6'),(36,'태그2'),(49,'병맛'),(42,'태그10'),(12,'태그13'),(44,'태그9'),(26,'태그9'),(44,'태그4'),(48,'태그12'),(12,'태그10'),(43,'병맛'),(5,'먹방'),(11,'태그10'),(3,'먹방'),(10,'태그10'),(6,'태그4'),(21,'게임'),(40,'태그13'),(14,'태그8'),(3,'태그7'),(23,'태그9'),(4,'태그3'),(12,'태그3'),(34,'태그7'),(32,'태그7'),(42,'태그7'),(13,'태그7'),(4,'태그9'),(7,'태그9'),(38,'태그13'),(15,'태그10'),(30,'태그13'),(34,'태그9'),(18,'태그10');
/*!40000 ALTER TABLE `youtuber_tag` ENABLE KEYS */;
UNLOCK TABLES;

--
-- Dumping events for database 'picktuber'
--

--
-- Dumping routines for database 'picktuber'
--
/*!50003 DROP PROCEDURE IF EXISTS `userdummy` */;
/*!50003 SET @saved_cs_client      = @@character_set_client */ ;
/*!50003 SET @saved_cs_results     = @@character_set_results */ ;
/*!50003 SET @saved_col_connection = @@collation_connection */ ;
/*!50003 SET character_set_client  = utf8 */ ;
/*!50003 SET character_set_results = utf8 */ ;
/*!50003 SET collation_connection  = utf8_general_ci */ ;
/*!50003 SET @saved_sql_mode       = @@sql_mode */ ;
/*!50003 SET sql_mode              = 'STRICT_TRANS_TABLES,NO_ENGINE_SUBSTITUTION' */ ;
DELIMITER ;;
CREATE DEFINER=`root`@`localhost` PROCEDURE `userdummy`()
BEGIN
    DECLARE i INT DEFAULT 1;
        
    WHILE i <= 50 DO
        INSERT INTO user(username,email,password,create_time)
          VALUES(concat('유저이름',i)
          ,concat('유저메일',i)
          ,'1234'
          ,now());
        SET i = i + 1;
    END WHILE;
END ;;
DELIMITER ;
/*!50003 SET sql_mode              = @saved_sql_mode */ ;
/*!50003 SET character_set_client  = @saved_cs_client */ ;
/*!50003 SET character_set_results = @saved_cs_results */ ;
/*!50003 SET collation_connection  = @saved_col_connection */ ;
/*!50003 DROP PROCEDURE IF EXISTS `youtuberdummy` */;
/*!50003 SET @saved_cs_client      = @@character_set_client */ ;
/*!50003 SET @saved_cs_results     = @@character_set_results */ ;
/*!50003 SET @saved_col_connection = @@collation_connection */ ;
/*!50003 SET character_set_client  = utf8 */ ;
/*!50003 SET character_set_results = utf8 */ ;
/*!50003 SET collation_connection  = utf8_general_ci */ ;
/*!50003 SET @saved_sql_mode       = @@sql_mode */ ;
/*!50003 SET sql_mode              = 'STRICT_TRANS_TABLES,NO_ENGINE_SUBSTITUTION' */ ;
DELIMITER ;;
CREATE DEFINER=`root`@`localhost` PROCEDURE `youtuberdummy`()
BEGIN
    DECLARE i INT DEFAULT 1;
        
    WHILE i <= 50 DO
        INSERT INTO youtuber(name,detail)
          VALUES(concat('유투버 이름',i),concat(concat('유투버 설명',i),'동해물과 백두산이 마르고 닳도록 하는님이 보우하사 우리날라만세 로렘입숨 입니다. 유투브 설명이 들어가는 곳입니다.'));
        SET i = i + 1;
    END WHILE;
END ;;
DELIMITER ;
/*!50003 SET sql_mode              = @saved_sql_mode */ ;
/*!50003 SET character_set_client  = @saved_cs_client */ ;
/*!50003 SET character_set_results = @saved_cs_results */ ;
/*!50003 SET collation_connection  = @saved_col_connection */ ;
/*!50003 DROP PROCEDURE IF EXISTS `youtuber_info_dummy` */;
/*!50003 SET @saved_cs_client      = @@character_set_client */ ;
/*!50003 SET @saved_cs_results     = @@character_set_results */ ;
/*!50003 SET @saved_col_connection = @@collation_connection */ ;
/*!50003 SET character_set_client  = utf8 */ ;
/*!50003 SET character_set_results = utf8 */ ;
/*!50003 SET collation_connection  = utf8_general_ci */ ;
/*!50003 SET @saved_sql_mode       = @@sql_mode */ ;
/*!50003 SET sql_mode              = 'STRICT_TRANS_TABLES,NO_ENGINE_SUBSTITUTION' */ ;
DELIMITER ;;
CREATE DEFINER=`root`@`localhost` PROCEDURE `youtuber_info_dummy`()
BEGIN
    DECLARE i INT DEFAULT 1;
        
    WHILE i <= 200 DO
        INSERT INTO youtuber_info(youtuber_id, info, url)
          VALUES(
              FLOOR(RAND() * 50)+1,
              concat(i,'정보 입니다~~ 로렘 입숨!!'),
              "http://www.anver.com"
            );
        SET i = i + 1;
    END WHILE;
END ;;
DELIMITER ;
/*!50003 SET sql_mode              = @saved_sql_mode */ ;
/*!50003 SET character_set_client  = @saved_cs_client */ ;
/*!50003 SET character_set_results = @saved_cs_results */ ;
/*!50003 SET collation_connection  = @saved_col_connection */ ;
/*!50003 DROP PROCEDURE IF EXISTS `youtuber_review_dummy` */;
/*!50003 SET @saved_cs_client      = @@character_set_client */ ;
/*!50003 SET @saved_cs_results     = @@character_set_results */ ;
/*!50003 SET @saved_col_connection = @@collation_connection */ ;
/*!50003 SET character_set_client  = utf8 */ ;
/*!50003 SET character_set_results = utf8 */ ;
/*!50003 SET collation_connection  = utf8_general_ci */ ;
/*!50003 SET @saved_sql_mode       = @@sql_mode */ ;
/*!50003 SET sql_mode              = 'STRICT_TRANS_TABLES,NO_ENGINE_SUBSTITUTION' */ ;
DELIMITER ;;
CREATE DEFINER=`root`@`localhost` PROCEDURE `youtuber_review_dummy`()
BEGIN
    DECLARE i INT DEFAULT 1;
        
    WHILE i <= 1000 DO
        INSERT INTO youtuber_review(youtuber_id, user_id, point1, point2, point3, point4, point5,detail,review_time)
          VALUES(
           FLOOR(RAND() * 50)+1
          ,FLOOR(RAND() * 50)+1
          ,FLOOR(RAND() * 51)+50
          ,FLOOR(RAND() * 51)+50
          ,FLOOR(RAND() * 51)+50
          ,FLOOR(RAND() * 51)+50
          ,FLOOR(RAND() * 51)+50
          ,concat(i,'꽃이 보이는 그들을 가는 꽃 방황하여도, 뿐이다. 트고, 반짝이는 위하여, 봄바람이다. 석가는 이는 별과 인류의 군영과 얼음에 약동하다.')
          ,now()
          );
        SET i = i + 1;
    END WHILE;
END ;;
DELIMITER ;
/*!50003 SET sql_mode              = @saved_sql_mode */ ;
/*!50003 SET character_set_client  = @saved_cs_client */ ;
/*!50003 SET character_set_results = @saved_cs_results */ ;
/*!50003 SET collation_connection  = @saved_col_connection */ ;
/*!50003 DROP PROCEDURE IF EXISTS `youtuber_sum_dummy` */;
/*!50003 SET @saved_cs_client      = @@character_set_client */ ;
/*!50003 SET @saved_cs_results     = @@character_set_results */ ;
/*!50003 SET @saved_col_connection = @@collation_connection */ ;
/*!50003 SET character_set_client  = utf8 */ ;
/*!50003 SET character_set_results = utf8 */ ;
/*!50003 SET collation_connection  = utf8_general_ci */ ;
/*!50003 SET @saved_sql_mode       = @@sql_mode */ ;
/*!50003 SET sql_mode              = 'STRICT_TRANS_TABLES,NO_ENGINE_SUBSTITUTION' */ ;
DELIMITER ;;
CREATE DEFINER=`root`@`localhost` PROCEDURE `youtuber_sum_dummy`()
BEGIN

insert into youtuber_sum
select id, point1, point2, point3,point4,point5,tags from ( select youtuber_id as id, 
Floor(AVG(point1)) as point1,
Floor(AVG(point2)) as point2,
Floor(AVG(point3)) as point3,
Floor(AVG(point4)) as point4,
Floor(AVG(point5)) as point5 from youtuber_review GROUP BY youtuber_id) as A
left join (
SELECT youtuber_id, GROUP_CONCAT(tag SEPARATOR ',') as tags FROM youtuber_tag GROUP BY youtuber_id 
) as B
on A.id=B.youtuber_id;

END ;;
DELIMITER ;
/*!50003 SET sql_mode              = @saved_sql_mode */ ;
/*!50003 SET character_set_client  = @saved_cs_client */ ;
/*!50003 SET character_set_results = @saved_cs_results */ ;
/*!50003 SET collation_connection  = @saved_col_connection */ ;
/*!50003 DROP PROCEDURE IF EXISTS `youtuber_tag_dummy` */;
/*!50003 SET @saved_cs_client      = @@character_set_client */ ;
/*!50003 SET @saved_cs_results     = @@character_set_results */ ;
/*!50003 SET @saved_col_connection = @@collation_connection */ ;
/*!50003 SET character_set_client  = utf8 */ ;
/*!50003 SET character_set_results = utf8 */ ;
/*!50003 SET collation_connection  = utf8_general_ci */ ;
/*!50003 SET @saved_sql_mode       = @@sql_mode */ ;
/*!50003 SET sql_mode              = 'STRICT_TRANS_TABLES,NO_ENGINE_SUBSTITUTION' */ ;
DELIMITER ;;
CREATE DEFINER=`root`@`localhost` PROCEDURE `youtuber_tag_dummy`()
BEGIN
    DECLARE i INT DEFAULT 1;
        
    WHILE i <= 50 DO
        INSERT INTO youtuber_tag(
            youtuber_id, tag)
          VALUES(
            FLOOR(RAND() * 50)+1,
            ELT(FLOOR(RAND()*16)+1, 
            '게임', 
            '먹방', 
            '병맛', 
            '태그2', 
            '태그3', 
            '태그4', 
            '태그5', 
            '태그6', 
            '태그7', 
            '태그8', 
            '태그9', 
            '태그10', 
            '태그11', 
            '태그12', 
            '태그13', 
            '태그14')
          );
        SET i = i + 1;
    END WHILE;
END ;;
DELIMITER ;
/*!50003 SET sql_mode              = @saved_sql_mode */ ;
/*!50003 SET character_set_client  = @saved_cs_client */ ;
/*!50003 SET character_set_results = @saved_cs_results */ ;
/*!50003 SET collation_connection  = @saved_col_connection */ ;

--
-- Final view structure for view `view_board_talk_comment`
--

/*!50001 DROP VIEW IF EXISTS `view_board_talk_comment`*/;
/*!50001 SET @saved_cs_client          = @@character_set_client */;
/*!50001 SET @saved_cs_results         = @@character_set_results */;
/*!50001 SET @saved_col_connection     = @@collation_connection */;
/*!50001 SET character_set_client      = utf8 */;
/*!50001 SET character_set_results     = utf8 */;
/*!50001 SET collation_connection      = utf8_general_ci */;
/*!50001 CREATE ALGORITHM=UNDEFINED */
/*!50013 DEFINER=`root`@`localhost` SQL SECURITY DEFINER */
/*!50001 VIEW `view_board_talk_comment` AS select `board_talk_comment`.`board_talk_id` AS `board_id`,`user`.`username` AS `author`,`board_talk_comment`.`comment` AS `comment`,`board_talk_comment`.`write_time` AS `write_time` from (`board_talk_comment` join `user` on((`board_talk_comment`.`user_id` = `user`.`id`))) */;
/*!50001 SET character_set_client      = @saved_cs_client */;
/*!50001 SET character_set_results     = @saved_cs_results */;
/*!50001 SET collation_connection      = @saved_col_connection */;

--
-- Final view structure for view `view_board_talk_content`
--

/*!50001 DROP VIEW IF EXISTS `view_board_talk_content`*/;
/*!50001 SET @saved_cs_client          = @@character_set_client */;
/*!50001 SET @saved_cs_results         = @@character_set_results */;
/*!50001 SET @saved_col_connection     = @@collation_connection */;
/*!50001 SET character_set_client      = utf8 */;
/*!50001 SET character_set_results     = utf8 */;
/*!50001 SET collation_connection      = utf8_general_ci */;
/*!50001 CREATE ALGORITHM=UNDEFINED */
/*!50013 DEFINER=`root`@`localhost` SQL SECURITY DEFINER */
/*!50001 VIEW `view_board_talk_content` AS select `board_talk`.`id` AS `id`,`board_talk`.`subject` AS `subject`,`user`.`username` AS `author`,`board_talk`.`recommend` AS `recommend`,`board_talk`.`hit` AS `hit`,`board_talk`.`write_time` AS `write_time`,`board_talk`.`content` AS `content` from (`board_talk` join `user` on((`board_talk`.`user_id` = `user`.`id`))) */;
/*!50001 SET character_set_client      = @saved_cs_client */;
/*!50001 SET character_set_results     = @saved_cs_results */;
/*!50001 SET collation_connection      = @saved_col_connection */;

--
-- Final view structure for view `view_board_talk_list`
--

/*!50001 DROP VIEW IF EXISTS `view_board_talk_list`*/;
/*!50001 SET @saved_cs_client          = @@character_set_client */;
/*!50001 SET @saved_cs_results         = @@character_set_results */;
/*!50001 SET @saved_col_connection     = @@collation_connection */;
/*!50001 SET character_set_client      = utf8 */;
/*!50001 SET character_set_results     = utf8 */;
/*!50001 SET collation_connection      = utf8_general_ci */;
/*!50001 CREATE ALGORITHM=UNDEFINED */
/*!50013 DEFINER=`root`@`localhost` SQL SECURITY DEFINER */
/*!50001 VIEW `view_board_talk_list` AS select `picktuber`.`board_talk`.`id` AS `id`,`picktuber`.`board_talk`.`recommend` AS `recommend`,`picktuber`.`board_talk`.`subject` AS `subject`,`c`.`comment_count` AS `comment_count`,`picktuber`.`board_talk`.`hit` AS `hit`,`picktuber`.`user`.`username` AS `username`,`picktuber`.`board_talk`.`write_time` AS `write_time` from ((`picktuber`.`board_talk` left join `picktuber`.`user` on((`picktuber`.`board_talk`.`user_id` = `picktuber`.`user`.`id`))) left join (select `picktuber`.`board_talk_comment`.`board_talk_id` AS `board_talk_id`,count(`picktuber`.`board_talk_comment`.`board_talk_id`) AS `comment_count` from `picktuber`.`board_talk_comment` group by `picktuber`.`board_talk_comment`.`board_talk_id`) `c` on((`picktuber`.`board_talk`.`id` = `c`.`board_talk_id`))) order by `picktuber`.`board_talk`.`id` desc */;
/*!50001 SET character_set_client      = @saved_cs_client */;
/*!50001 SET character_set_results     = @saved_cs_results */;
/*!50001 SET collation_connection      = @saved_col_connection */;

--
-- Final view structure for view `view_latest_review`
--

/*!50001 DROP VIEW IF EXISTS `view_latest_review`*/;
/*!50001 SET @saved_cs_client          = @@character_set_client */;
/*!50001 SET @saved_cs_results         = @@character_set_results */;
/*!50001 SET @saved_col_connection     = @@collation_connection */;
/*!50001 SET character_set_client      = utf8 */;
/*!50001 SET character_set_results     = utf8 */;
/*!50001 SET collation_connection      = utf8_general_ci */;
/*!50001 CREATE ALGORITHM=UNDEFINED */
/*!50013 DEFINER=`root`@`localhost` SQL SECURITY DEFINER */
/*!50001 VIEW `view_latest_review` AS select `youtuber`.`id` AS `youtuber_id`,`user`.`id` AS `user_id`,`youtuber`.`name` AS `youtuber_name`,`user`.`username` AS `user_name`,`youtuber_review`.`point1` AS `point1`,`youtuber_review`.`point2` AS `point2`,`youtuber_review`.`point3` AS `point3`,`youtuber_review`.`point4` AS `point4`,`youtuber_review`.`point5` AS `point5`,`youtuber_review`.`detail` AS `detail` from ((`youtuber_review` join `youtuber` on((`youtuber`.`id` = `youtuber_review`.`youtuber_id`))) join `user` on((`user`.`id` = `youtuber_review`.`user_id`))) order by `youtuber_review`.`review_time` */;
/*!50001 SET character_set_client      = @saved_cs_client */;
/*!50001 SET character_set_results     = @saved_cs_results */;
/*!50001 SET collation_connection      = @saved_col_connection */;

--
-- Final view structure for view `view_top_tag`
--

/*!50001 DROP VIEW IF EXISTS `view_top_tag`*/;
/*!50001 SET @saved_cs_client          = @@character_set_client */;
/*!50001 SET @saved_cs_results         = @@character_set_results */;
/*!50001 SET @saved_col_connection     = @@collation_connection */;
/*!50001 SET character_set_client      = utf8 */;
/*!50001 SET character_set_results     = utf8 */;
/*!50001 SET collation_connection      = utf8_general_ci */;
/*!50001 CREATE ALGORITHM=UNDEFINED */
/*!50013 DEFINER=`root`@`localhost` SQL SECURITY DEFINER */
/*!50001 VIEW `view_top_tag` AS select `youtuber_tag`.`tag` AS `tag`,`youtuber_tag`.`youtuber_id` AS `youtuber_id`,count(`youtuber_tag`.`tag`) AS `tagcount` from `youtuber_tag` group by `youtuber_tag`.`tag` order by `tagcount` desc limit 10 */;
/*!50001 SET character_set_client      = @saved_cs_client */;
/*!50001 SET character_set_results     = @saved_cs_results */;
/*!50001 SET collation_connection      = @saved_col_connection */;

--
-- Final view structure for view `view_youtuber_list`
--

/*!50001 DROP VIEW IF EXISTS `view_youtuber_list`*/;
/*!50001 SET @saved_cs_client          = @@character_set_client */;
/*!50001 SET @saved_cs_results         = @@character_set_results */;
/*!50001 SET @saved_col_connection     = @@collation_connection */;
/*!50001 SET character_set_client      = utf8 */;
/*!50001 SET character_set_results     = utf8 */;
/*!50001 SET collation_connection      = utf8_general_ci */;
/*!50001 CREATE ALGORITHM=UNDEFINED */
/*!50013 DEFINER=`root`@`localhost` SQL SECURITY DEFINER */
/*!50001 VIEW `view_youtuber_list` AS select `youtuber_sum`.`youtuber_id` AS `youtuber_id`,`youtuber_sum`.`point1` AS `point1`,`youtuber_sum`.`point2` AS `point2`,`youtuber_sum`.`point3` AS `point3`,`youtuber_sum`.`point4` AS `point4`,`youtuber_sum`.`point5` AS `point5`,`youtuber_sum`.`tags` AS `tags`,`youtuber`.`id` AS `id`,`youtuber`.`name` AS `name`,`youtuber`.`detail` AS `detail` from (`youtuber_sum` join `youtuber` on((`youtuber_sum`.`youtuber_id` = `youtuber`.`id`))) */;
/*!50001 SET character_set_client      = @saved_cs_client */;
/*!50001 SET character_set_results     = @saved_cs_results */;
/*!50001 SET collation_connection      = @saved_col_connection */;

--
-- Final view structure for view `view_youtuber_list_withtag`
--

/*!50001 DROP VIEW IF EXISTS `view_youtuber_list_withtag`*/;
/*!50001 SET @saved_cs_client          = @@character_set_client */;
/*!50001 SET @saved_cs_results         = @@character_set_results */;
/*!50001 SET @saved_col_connection     = @@collation_connection */;
/*!50001 SET character_set_client      = utf8 */;
/*!50001 SET character_set_results     = utf8 */;
/*!50001 SET collation_connection      = utf8_general_ci */;
/*!50001 CREATE ALGORITHM=UNDEFINED */
/*!50013 DEFINER=`root`@`localhost` SQL SECURITY DEFINER */
/*!50001 VIEW `view_youtuber_list_withtag` AS select `youtuber`.`id` AS `id`,`youtuber_sum`.`point1` AS `point1`,`youtuber_sum`.`point2` AS `point2`,`youtuber_sum`.`point3` AS `point3`,`youtuber_sum`.`point4` AS `point4`,`youtuber_sum`.`point5` AS `point5`,`youtuber_sum`.`tags` AS `tags`,`youtuber`.`name` AS `name`,`youtuber`.`detail` AS `detail`,`youtuber_tag`.`tag` AS `tag` from ((`youtuber_sum` join `youtuber` on((`youtuber_sum`.`youtuber_id` = `youtuber`.`id`))) join `youtuber_tag` on((`youtuber`.`id` = `youtuber_tag`.`youtuber_id`))) */;
/*!50001 SET character_set_client      = @saved_cs_client */;
/*!50001 SET character_set_results     = @saved_cs_results */;
/*!50001 SET collation_connection      = @saved_col_connection */;
/*!40103 SET TIME_ZONE=@OLD_TIME_ZONE */;

/*!40101 SET SQL_MODE=@OLD_SQL_MODE */;
/*!40014 SET FOREIGN_KEY_CHECKS=@OLD_FOREIGN_KEY_CHECKS */;
/*!40014 SET UNIQUE_CHECKS=@OLD_UNIQUE_CHECKS */;
/*!40101 SET CHARACTER_SET_CLIENT=@OLD_CHARACTER_SET_CLIENT */;
/*!40101 SET CHARACTER_SET_RESULTS=@OLD_CHARACTER_SET_RESULTS */;
/*!40101 SET COLLATION_CONNECTION=@OLD_COLLATION_CONNECTION */;
/*!40111 SET SQL_NOTES=@OLD_SQL_NOTES */;

-- Dump completed on 2019-02-06 23:19:19
